{"type":"FeatureCollection","features":[{"type":"Feature","properties":{"layer":"depare","drval1":365.76,"drval2":548.64,"sys":"ft","rank":1},"geometry":{"type":"Polygon","coordinates":[[[-55.72265625,73.1250075355458],[-55.72265625,73.12494524712693],[-55.72291374206543,73.12494524712693],[-55.72265625,73.1250075355458]]]}},{"type":"Feature","properties":{"layer":"depare","drval1":300,"drval2":500,"sys":"m","rank":1},"geometry":{"type":"MultiPolygon","coordinates":[[[[-55.79874515533447,73.13172091816261],[-55.7969856262207,73.12932980653294],[-55.80256462097168,73.12494524712693],[-55.810546875,73.12494524712693],[-55.810546875,73.13411170074261],[-55.79874515533447,73.13172091816261]]],[[[-55.73115348815918,73.12614114576725],[-55.72265625,73.12782273901144],[-55.72265625,73.12494524712693],[-55.73445796966553,73.12494524712693],[-55.73115348815918,73.12614114576725]]]]}},{"type":"Feature","properties":{"layer":"depare","drval1":50,"drval2":100,"sys":"m","rank":1},"geometry":{"type":"Polygon","coordinates":[[[-55.809173583984375,73.14036104646544],[-55.803680419921875,73.14003743038876],[-55.80226421356201,73.14048551258128],[-55.80355167388916,73.14287508899754],[-55.79986095428467,73.1444679572404],[-55.79998970031738,73.14844948848169],[-55.80273628234863,73.15004184526383],[-55.803680419921875,73.15030307734666],[-55.80463845560658,73.15043991163012],[-55.8034077968995,73.15043991163012],[-55.79904556274414,73.14844948848169],[-55.79883098602295,73.1444679572404],[-55.800933837890625,73.14029881307296],[-55.803680419921875,73.13929060103862],[-55.810546875,73.13849186932084],[-55.810546875,73.13889227891802],[-55.809173583984375,73.14036104646544]]]}},{"type":"Feature","properties":{"layer":"depare","drval1":2,"drval2":5,"sys":"m","rank":1},"geometry":{"type":"MultiPolygon","coordinates":[[[[-55.80084800720215,73.14844948848169],[-55.80084800720215,73.1444679572404],[-55.80883026123047,73.14128207459567],[-55.810546875,73.14079188258681],[-55.810546875,73.14084645474405],[-55.80904483795166,73.14128207459567],[-55.80089092254639,73.1444679572404],[-55.80089092254639,73.14844948848169],[-55.80363750457764,73.15004184526383],[-55.80084800720215,73.14844948848169]]],[[[-55.803680419921875,73.15006672467925],[-55.80363750457764,73.15004184526383],[-55.806362991291984,73.15043991163012],[-55.80625537195572,73.15043991163012],[-55.803680419921875,73.15006672467925]]]]}},{"type":"Feature","properties":{"layer":"depare","drval1":100,"drval2":200,"sys":"m","rank":1},"geometry":{"type":"Polygon","coordinates":[[[-55.803680419921875,73.13929060103862],[-55.800933837890625,73.14029881307296],[-55.79883098602295,73.1444679572404],[-55.79904556274414,73.14844948848169],[-55.8034077968995,73.15043991163012],[-55.798341806227164,73.15043991163012],[-55.79449653625488,73.14844948848169],[-55.79380989074707,73.13968891402257],[-55.798187255859375,73.13688808211735],[-55.803680419921875,73.13657685068719],[-55.810546875,73.13702004114634],[-55.810546875,73.13849186932084],[-55.803680419921875,73.13929060103862]]]}},{"type":"Feature","properties":{"layer":"depare","drval1":91.44,"drval2":182.88,"sys":"ft","rank":1},"geometry":{"type":"Polygon","coordinates":[[[-55.80110549926758,73.14048551258128],[-55.7990026473999,73.1444679572404],[-55.799217224121094,73.14844948848169],[-55.80349335058695,73.15043991163012],[-55.79954149772663,73.15043991163012],[-55.79784393310547,73.15004184526383],[-55.795183181762695,73.14685698558313],[-55.79509735107422,73.13968891402257],[-55.800933837890625,73.13707481829836],[-55.810546875,73.13749732415708],[-55.810546875,73.13864903880632],[-55.80110549926758,73.14048551258128]]]}},{"type":"Feature","properties":{"layer":"depare","drval1":9.144,"drval2":18.288,"sys":"ft","rank":1},"geometry":{"type":"Polygon","coordinates":[[[-55.80857276916504,73.14128207459567],[-55.8079719543457,73.14207860006724],[-55.80076217651367,73.1444679572404],[-55.80076217651367,73.14844948848169],[-55.80350875854492,73.15004184526383],[-55.803680419921875,73.150091604059],[-55.80608371020963,73.15043991163012],[-55.805773083102885,73.15043991163012],[-55.803680419921875,73.15014136271148],[-55.80059051513672,73.14844948848169],[-55.80054759979248,73.1444679572404],[-55.807414054870605,73.14207860006724],[-55.8079719543457,73.14128207459567],[-55.810546875,73.14056873547831],[-55.810546875,73.14071835378549],[-55.80857276916504,73.14128207459567]]]}},{"type":"Feature","properties":{"layer":"depare","drval1":54.864,"drval2":91.44,"sys":"ft","rank":1},"geometry":{"type":"Polygon","coordinates":[[[-55.810418128967285,73.13889227891802],[-55.809173583984375,73.14018679240439],[-55.803680419921875,73.13998764276472],[-55.8021354675293,73.14048551258128],[-55.803165435791016,73.14287508899754],[-55.79977512359619,73.1444679572404],[-55.799903869628906,73.14844948848169],[-55.802650451660156,73.15004184526383],[-55.803680419921875,73.15032795638756],[-55.804464730978054,73.15043991163012],[-55.80349335058695,73.15043991163012],[-55.799217224121094,73.14844948848169],[-55.7990026473999,73.1444679572404],[-55.80110549926758,73.14048551258128],[-55.810546875,73.13864903880632],[-55.810546875,73.1388656050168],[-55.810418128967285,73.13889227891802]]]}},{"type":"Feature","properties":{"layer":"depare","drval1":5,"drval2":10,"sys":"m","rank":1},"geometry":{"type":"Polygon","coordinates":[[[-55.80883026123047,73.14128207459567],[-55.80084800720215,73.1444679572404],[-55.80084800720215,73.14844948848169],[-55.803680419921875,73.15006672467925],[-55.80625537195572,73.15043991163012],[-55.80608371020963,73.15043991163012],[-55.803680419921875,73.150091604059],[-55.80076217651367,73.14844948848169],[-55.800719261169434,73.1444679572404],[-55.8085298538208,73.14128207459567],[-55.810546875,73.14070609898526],[-55.810546875,73.14079188258681],[-55.80883026123047,73.14128207459567]]]}},{"type":"Feature","properties":{"layer":"depare","drval1":30,"drval2":50,"sys":"m","rank":1},"geometry":{"type":"Polygon","coordinates":[[[-55.810160636901855,73.14048551258128],[-55.80724239349365,73.14128207459567],[-55.80029010772705,73.1444679572404],[-55.80037593841553,73.14844948848169],[-55.80312252044678,73.15004184526383],[-55.803680419921875,73.15020356082644],[-55.80533886717127,73.15043991163012],[-55.80463845560658,73.15043991163012],[-55.803680419921875,73.15030307734666],[-55.80273628234863,73.15004184526383],[-55.79998970031738,73.14844948848169],[-55.79986095428467,73.1444679572404],[-55.80355167388916,73.14287508899754],[-55.80226421356201,73.14048551258128],[-55.803680419921875,73.14003743038876],[-55.809173583984375,73.14036104646544],[-55.810546875,73.13889227891802],[-55.810546875,73.13983373517358],[-55.810160636901855,73.14048551258128]],[[-55.8056116104126,73.14128207459567],[-55.805182456970215,73.14048551258128],[-55.803680419921875,73.14021168594874],[-55.80282211303711,73.14048551258128],[-55.80277919769287,73.14128207459567],[-55.803680419921875,73.14174257034016],[-55.8056116104126,73.14128207459567]]]}},{"type":"Feature","properties":{"layer":"depare","drval1":0,"drval2":1.8288,"sys":"ft","rank":1},"geometry":{"type":"Polygon","coordinates":[[[-55.80363750457764,73.15004184526383],[-55.80089092254639,73.14844948848169],[-55.80089092254639,73.1444679572404],[-55.808401107788086,73.14207860006724],[-55.80904483795166,73.14128207459567],[-55.810546875,73.14084645474405],[-55.810546875,73.1413894272206],[-55.8085298538208,73.14207860006724],[-55.800933837890625,73.1444679572404],[-55.800933837890625,73.14844948848169],[-55.803680419921875,73.15004184526383],[-55.80642703345574,73.15043991163012],[-55.806362991291984,73.15043991163012],[-55.80363750457764,73.15004184526383]]]}},{"type":"Feature","properties":{"layer":"depare","drval1":36.576,"drval2":54.864,"sys":"ft","rank":1},"geometry":{"type":"Polygon","coordinates":[[[-55.80973148345947,73.14048551258128],[-55.803680419921875,73.14016189882435],[-55.802650451660156,73.14048551258128],[-55.80256462097168,73.14128207459567],[-55.803680419921875,73.14184213538176],[-55.806169509887695,73.14207860006724],[-55.800161361694336,73.1444679572404],[-55.80024719238281,73.14844948848169],[-55.803680419921875,73.15022844000998],[-55.80516516153919,73.15043991163012],[-55.804464730978054,73.15043991163012],[-55.803680419921875,73.15032795638756],[-55.802650451660156,73.15004184526383],[-55.799903869628906,73.14844948848169],[-55.79977512359619,73.1444679572404],[-55.803165435791016,73.14287508899754],[-55.8021354675293,73.14048551258128],[-55.803680419921875,73.13998764276472],[-55.809173583984375,73.14018679240439],[-55.810418128967285,73.13889227891802],[-55.810546875,73.1388656050168],[-55.810546875,73.13940438973836],[-55.80973148345947,73.14048551258128]]]}},{"type":"Feature","properties":{"layer":"depare","drval1":1.8288,"drval2":3.6576,"sys":"ft","rank":1},"geometry":{"type":"Polygon","coordinates":[[[-55.80904483795166,73.14128207459567],[-55.808401107788086,73.14207860006724],[-55.80089092254639,73.1444679572404],[-55.80089092254639,73.14844948848169],[-55.80363750457764,73.15004184526383],[-55.806362991291984,73.15043991163012],[-55.80634120375173,73.15043991163012],[-55.8035945892334,73.15004184526383],[-55.80084800720215,73.14844948848169],[-55.80084800720215,73.1444679572404],[-55.80831527709961,73.14207860006724],[-55.808916091918945,73.14128207459567],[-55.810546875,73.14081639218726],[-55.810546875,73.14084645474405],[-55.80904483795166,73.14128207459567]]]}},{"type":"Feature","properties":{"layer":"depare","drval1":91.44,"drval2":182.88,"sys":"ft","rank":1},"geometry":{"type":"Polygon","coordinates":[[[-55.784454345703125,73.15035283539277],[-55.789947509765625,73.1503403958946],[-55.79102039337158,73.15004184526383],[-55.79110622406006,73.14685698558313],[-55.787200927734375,73.14576205507511],[-55.781707763671875,73.1449656985942],[-55.77784538269043,73.14606067933639],[-55.77235221862793,73.14844948848169],[-55.77230930328369,73.14924568513655],[-55.774970054626465,73.15004184526383],[-55.77496051774657,73.15043991163012],[-55.77367305741942,73.15043991163012],[-55.773682594299316,73.15004184526383],[-55.77115058898926,73.14924568513655],[-55.771193504333496,73.14844948848169],[-55.776729583740234,73.14606067933639],[-55.781707763671875,73.14466705549455],[-55.787200927734375,73.1454758686704],[-55.79226493835449,73.14685698558313],[-55.79213619232178,73.15004184526383],[-55.7906770622498,73.15043991163012],[-55.78433929440738,73.15043991163012],[-55.784454345703125,73.15035283539277]]]}},{"type":"Feature","properties":{"layer":"depare","drval1":36.576,"drval2":54.864,"sys":"ft","rank":1},"geometry":{"type":"Polygon","coordinates":[[[-55.784454345703125,73.15016624198421],[-55.789947509765625,73.15016624198421],[-55.79037666320801,73.15004184526383],[-55.790419578552246,73.14685698558313],[-55.787200927734375,73.14594869584047],[-55.781707763671875,73.1451399046963],[-55.77853202819824,73.14606067933639],[-55.772995948791504,73.14844948848169],[-55.772995948791504,73.14924568513655],[-55.775699615478516,73.15004184526383],[-55.775699615478516,73.15043991163012],[-55.775442123413086,73.15043991163012],[-55.775442123413086,73.15004184526383],[-55.77278137207031,73.14924568513655],[-55.77278137207031,73.14844948848169],[-55.77827453613281,73.14606067933639],[-55.781707763671875,73.14509013170264],[-55.787200927734375,73.145886482475],[-55.79063415527344,73.14685698558313],[-55.7905912399292,73.15004184526383],[-55.789947509765625,73.15021600042267],[-55.784454345703125,73.15022844000998],[-55.78414075803395,73.15043991163012],[-55.78402034075761,73.15043991163012],[-55.784454345703125,73.15016624198421]]]}},{"type":"Feature","properties":{"layer":"depare","drval1":54.864,"drval2":91.44,"sys":"ft","rank":1},"geometry":{"type":"Polygon","coordinates":[[[-55.784454345703125,73.15022844000998],[-55.789947509765625,73.15021600042267],[-55.7905912399292,73.15004184526383],[-55.79063415527344,73.14685698558313],[-55.787200927734375,73.145886482475],[-55.781707763671875,73.14509013170264],[-55.77827453613281,73.14606067933639],[-55.77278137207031,73.14844948848169],[-55.77278137207031,73.14924568513655],[-55.775442123413086,73.15004184526383],[-55.775442123413086,73.15043991163012],[-55.77496051774657,73.15043991163012],[-55.774970054626465,73.15004184526383],[-55.77230930328369,73.14924568513655],[-55.77235221862793,73.14844948848169],[-55.77784538269043,73.14606067933639],[-55.781707763671875,73.1449656985942],[-55.787200927734375,73.14576205507511],[-55.79110622406006,73.14685698558313],[-55.79102039337158,73.15004184526383],[-55.789947509765625,73.1503403958946],[-55.784454345703125,73.15035283539277],[-55.78433929440738,73.15043991163012],[-55.78414075803395,73.15043991163012],[-55.784454345703125,73.15022844000998]]]}},{"type":"Feature","properties":{"layer":"depare","drval1":50,"drval2":100,"sys":"m","rank":1},"geometry":{"type":"Polygon","coordinates":[[[-55.784454345703125,73.15021600042267],[-55.789947509765625,73.15020356082644],[-55.79054832458496,73.15004184526383],[-55.7905912399292,73.14685698558313],[-55.787200927734375,73.14589892516595],[-55.781707763671875,73.14510257496444],[-55.77836036682129,73.14606067933639],[-55.77286720275879,73.14844948848169],[-55.77282428741455,73.14924568513655],[-55.77552795410156,73.15004184526383],[-55.77552795410156,73.15043991163012],[-55.774831771713856,73.15043991163012],[-55.77484130859375,73.15004184526383],[-55.772223472595215,73.14924568513655],[-55.772223472595215,73.14844948848169],[-55.777716636657715,73.14606067933639],[-55.781707763671875,73.14494081186545],[-55.787200927734375,73.1457371694881],[-55.791192054748535,73.14685698558313],[-55.7911491394043,73.15004184526383],[-55.789947509765625,73.15036527488199],[-55.784454345703125,73.1503901538337],[-55.78438997176383,73.15043991163012],[-55.78411471767861,73.15043991163012],[-55.784454345703125,73.15021600042267]]]}},{"type":"Feature","properties":{"layer":"depare","drval1":10,"drval2":20,"sys":"m","rank":1},"geometry":{"type":"Polygon","coordinates":[[[-55.784454345703125,73.15007916437358],[-55.789947509765625,73.15007916437358],[-55.79007625579834,73.15004184526383],[-55.79007625579834,73.14685698558313],[-55.787200927734375,73.1460233515847],[-55.781707763671875,73.14522700709173],[-55.77883243560791,73.14606067933639],[-55.77333927154541,73.14844948848169],[-55.77333927154541,73.14924568513655],[-55.77608585357666,73.15004184526383],[-55.77608585357666,73.15043991163012],[-55.77594757066405,73.15043991163012],[-55.775957107543945,73.15004184526383],[-55.773210525512695,73.14924568513655],[-55.773210525512695,73.14844948848169],[-55.778703689575195,73.14606067933639],[-55.781707763671875,73.14520212073764],[-55.787200927734375,73.14599846637229],[-55.790205001831055,73.14685698558313],[-55.790205001831055,73.15004184526383],[-55.789947509765625,73.15010404373548],[-55.784454345703125,73.15011648340307],[-55.78391334451639,73.15043991163012],[-55.78385010143244,73.15043991163012],[-55.784454345703125,73.15007916437358]]]}},{"type":"Feature","properties":{"layer":"depare","drval1":9.144,"drval2":18.288,"sys":"ft","rank":1},"geometry":{"type":"Polygon","coordinates":[[[-55.784454345703125,73.15007916437358],[-55.789947509765625,73.15006672467925],[-55.79007625579834,73.15004184526383],[-55.79007625579834,73.14685698558313],[-55.787200927734375,73.14603579417751],[-55.781707763671875,73.1452394502554],[-55.77883243560791,73.14606067933639],[-55.77333927154541,73.14844948848169],[-55.77333927154541,73.14924568513655],[-55.77608585357666,73.15004184526383],[-55.77608585357666,73.15043991163012],[-55.775957107543945,73.15043991163012],[-55.775957107543945,73.15004184526383],[-55.773253440856934,73.14924568513655],[-55.773253440856934,73.14844948848169],[-55.778746604919434,73.14606067933639],[-55.781707763671875,73.14520212073764],[-55.787200927734375,73.14599846637229],[-55.790162086486816,73.14685698558313],[-55.790162086486816,73.15004184526383],[-55.789947509765625,73.15010404373548],[-55.784454345703125,73.15010404373548],[-55.78390092198627,73.15043991163012],[-55.78385010143244,73.15043991163012],[-55.784454345703125,73.15007916437358]]]}},{"type":"Feature","properties":{"layer":"depare","drval1":18.288,"drval2":36.576,"sys":"ft","rank":1},"geometry":{"type":"Polygon","coordinates":[[[-55.784454345703125,73.15010404373548],[-55.789947509765625,73.15010404373548],[-55.790162086486816,73.15004184526383],[-55.790162086486816,73.14685698558313],[-55.787200927734375,73.14599846637229],[-55.781707763671875,73.14520212073764],[-55.778746604919434,73.14606067933639],[-55.773253440856934,73.14844948848169],[-55.773253440856934,73.14924568513655],[-55.775957107543945,73.15004184526383],[-55.775957107543945,73.15043991163012],[-55.775699615478516,73.15043991163012],[-55.775699615478516,73.15004184526383],[-55.772995948791504,73.14924568513655],[-55.772995948791504,73.14844948848169],[-55.77853202819824,73.14606067933639],[-55.781707763671875,73.1451399046963],[-55.787200927734375,73.14594869584047],[-55.790419578552246,73.14685698558313],[-55.79037666320801,73.15004184526383],[-55.789947509765625,73.15016624198421],[-55.784454345703125,73.15016624198421],[-55.78402034075761,73.15043991163012],[-55.78390092198627,73.15043991163012],[-55.784454345703125,73.15010404373548]]]}},{"type":"Feature","properties":{"layer":"depare","drval1":2,"drval2":5,"sys":"m","rank":1},"geometry":{"type":"MultiPolygon","coordinates":[[[[-55.7761287689209,73.15004184526383],[-55.77342510223389,73.14924568513655],[-55.77617168426514,73.15004184526383],[-55.77617168426514,73.15043991163012],[-55.7761287689209,73.15043991163012],[-55.7761287689209,73.15004184526383]]],[[[-55.789947509765625,73.150054284976],[-55.784454345703125,73.150054284976],[-55.78999042510986,73.15004184526383],[-55.789947509765625,73.150054284976]]]]}},{"type":"Feature","properties":{"layer":"depare","drval1":1.8288,"drval2":3.6576,"sys":"ft","rank":1},"geometry":{"type":"MultiPolygon","coordinates":[[[[-55.787200927734375,73.14606067933639],[-55.781707763671875,73.14526433655598],[-55.77891826629639,73.14606067933639],[-55.781707763671875,73.14525189341016],[-55.787200927734375,73.1460482367614],[-55.78999042510986,73.14685698558313],[-55.787200927734375,73.14606067933639]]],[[[-55.78379851730758,73.15043991163012],[-55.783779779353424,73.15043991163012],[-55.784454345703125,73.150054284976],[-55.78379851730758,73.15043991163012]]]]}},{"type":"Feature","properties":{"layer":"depare","drval1":3.6576,"drval2":5.4864,"sys":"ft","rank":1},"geometry":{"type":"MultiPolygon","coordinates":[[[[-55.77338218688965,73.14924568513655],[-55.77338218688965,73.14844948848169],[-55.77887535095215,73.14606067933639],[-55.77891826629639,73.14606067933639],[-55.77342510223389,73.14844948848169],[-55.77342510223389,73.14924568513655],[-55.77338218688965,73.14924568513655]]],[[[-55.78999042510986,73.14685698558313],[-55.7900333404541,73.14685698558313],[-55.7900333404541,73.15004184526383],[-55.78999042510986,73.15004184526383],[-55.78999042510986,73.14685698558313]]],[[[-55.7761287689209,73.15004184526383],[-55.77617168426514,73.15004184526383],[-55.77617168426514,73.15043991163012],[-55.7761287689209,73.15043991163012],[-55.7761287689209,73.15004184526383]]],[[[-55.784454345703125,73.150054284976],[-55.78999042510986,73.15004184526383],[-55.789947509765625,73.150054284976],[-55.784454345703125,73.15006672467925],[-55.784454345703125,73.150054284976]]]]}},{"type":"Feature","properties":{"layer":"depare","drval1":5,"drval2":10,"sys":"m","rank":1},"geometry":{"type":"Polygon","coordinates":[[[-55.784454345703125,73.150054284976],[-55.789947509765625,73.150054284976],[-55.78999042510986,73.15004184526383],[-55.78999042510986,73.14685698558313],[-55.787200927734375,73.1460482367614],[-55.781707763671875,73.14525189341016],[-55.77891826629639,73.14606067933639],[-55.77342510223389,73.14844948848169],[-55.77342510223389,73.14924568513655],[-55.7761287689209,73.15004184526383],[-55.7761287689209,73.15043991163012],[-55.77608585357666,73.15043991163012],[-55.77608585357666,73.15004184526383],[-55.77333927154541,73.14924568513655],[-55.77333927154541,73.14844948848169],[-55.77883243560791,73.14606067933639],[-55.781707763671875,73.14522700709173],[-55.787200927734375,73.1460233515847],[-55.79007625579834,73.14685698558313],[-55.79007625579834,73.15004184526383],[-55.789947509765625,73.15007916437358],[-55.784454345703125,73.15007916437358],[-55.78385010143244,73.15043991163012],[-55.78379851730758,73.15043991163012],[-55.784454345703125,73.150054284976]]]}},{"type":"Feature","properties":{"layer":"depare","drval1":5.4864,"drval2":9.144,"sys":"ft","rank":1},"geometry":{"type":"Polygon","coordinates":[[[-55.784454345703125,73.15006672467925],[-55.789947509765625,73.150054284976],[-55.7900333404541,73.15004184526383],[-55.7900333404541,73.14685698558313],[-55.787200927734375,73.1460482367614],[-55.781707763671875,73.14525189341016],[-55.77887535095215,73.14606067933639],[-55.77338218688965,73.14844948848169],[-55.77338218688965,73.14924568513655],[-55.7761287689209,73.15004184526383],[-55.7761287689209,73.15043991163012],[-55.77608585357666,73.15043991163012],[-55.77608585357666,73.15004184526383],[-55.77333927154541,73.14924568513655],[-55.77333927154541,73.14844948848169],[-55.77883243560791,73.14606067933639],[-55.781707763671875,73.1452394502554],[-55.787200927734375,73.14603579417751],[-55.79007625579834,73.14685698558313],[-55.79007625579834,73.15004184526383],[-55.789947509765625,73.15006672467925],[-55.784454345703125,73.15007916437358],[-55.78385010143244,73.15043991163012],[-55.78381060631027,73.15043991163012],[-55.784454345703125,73.15006672467925]]]}},{"type":"Feature","properties":{"layer":"depare","drval1":20,"drval2":30,"sys":"m","rank":1},"geometry":{"type":"Polygon","coordinates":[[[-55.784454345703125,73.15011648340307],[-55.789947509765625,73.15010404373548],[-55.790205001831055,73.15004184526383],[-55.790205001831055,73.14685698558313],[-55.787200927734375,73.14599846637229],[-55.781707763671875,73.14520212073764],[-55.778703689575195,73.14606067933639],[-55.773210525512695,73.14844948848169],[-55.773210525512695,73.14924568513655],[-55.775957107543945,73.15004184526383],[-55.77594757066405,73.15043991163012],[-55.77578544616699,73.15043991163012],[-55.77578544616699,73.15004184526383],[-55.77308177947998,73.14924568513655],[-55.77308177947998,73.14844948848169],[-55.77857494354248,73.14606067933639],[-55.781707763671875,73.14516479113959],[-55.787200927734375,73.14596113848681],[-55.79033374786377,73.14685698558313],[-55.79029083251953,73.15004184526383],[-55.789947509765625,73.15014136271148],[-55.784454345703125,73.15014136271148],[-55.78397154115848,73.15043991163012],[-55.78391334451639,73.15043991163012],[-55.784454345703125,73.15011648340307]]]}},{"type":"Feature","properties":{"layer":"depare","drval1":10,"drval2":20,"sys":"m","rank":1},"geometry":{"type":"Polygon","coordinates":[[[-55.8085298538208,73.14128207459567],[-55.800719261169434,73.1444679572404],[-55.80076217651367,73.14844948848169],[-55.803680419921875,73.150091604059],[-55.80608371020963,73.15043991163012],[-55.805740385979014,73.15043991163012],[-55.803680419921875,73.15014136271148],[-55.80054759979248,73.14844948848169],[-55.80050468444824,73.1444679572404],[-55.80788612365723,73.14128207459567],[-55.810546875,73.14053378906699],[-55.810546875,73.14070609898526],[-55.8085298538208,73.14128207459567]]]}},{"type":"Feature","properties":{"layer":"depare","drval1":0,"drval2":2,"sys":"m","rank":1},"geometry":{"type":"Polygon","coordinates":[[[-55.800933837890625,73.1444679572404],[-55.800933837890625,73.14844948848169],[-55.803680419921875,73.15004184526383],[-55.80642703345574,73.15043991163012],[-55.806362991291984,73.15043991163012],[-55.80363750457764,73.15004184526383],[-55.80089092254639,73.14844948848169],[-55.80089092254639,73.1444679572404],[-55.80904483795166,73.14128207459567],[-55.810546875,73.14084645474405],[-55.810546875,73.14098331816366],[-55.800933837890625,73.1444679572404]]]}},{"type":"Feature","properties":{"layer":"depare","drval1":5.4864,"drval2":9.144,"sys":"ft","rank":1},"geometry":{"type":"Polygon","coordinates":[[[-55.80883026123047,73.14128207459567],[-55.808186531066895,73.14207860006724],[-55.80080509185791,73.1444679572404],[-55.80084800720215,73.14844948848169],[-55.8035945892334,73.15004184526383],[-55.80629958934976,73.15043991163012],[-55.80608371020963,73.15043991163012],[-55.803680419921875,73.150091604059],[-55.80350875854492,73.15004184526383],[-55.80076217651367,73.14844948848169],[-55.80076217651367,73.1444679572404],[-55.8079719543457,73.14207860006724],[-55.80857276916504,73.14128207459567],[-55.810546875,73.14071835378549],[-55.810546875,73.14078422333668],[-55.80883026123047,73.14128207459567]]]}},{"type":"Feature","properties":{"layer":"depare","drval1":3.6576,"drval2":5.4864,"sys":"ft","rank":1},"geometry":{"type":"MultiPolygon","coordinates":[[[[-55.80080509185791,73.1444679572404],[-55.808186531066895,73.14207860006724],[-55.80883026123047,73.14128207459567],[-55.810546875,73.14078422333668],[-55.810546875,73.14081639218726],[-55.808916091918945,73.14128207459567],[-55.80831527709961,73.14207860006724],[-55.80084800720215,73.1444679572404],[-55.80084800720215,73.14844948848169],[-55.80080509185791,73.1444679572404]]],[[[-55.80634120375173,73.15043991163012],[-55.80629958934976,73.15043991163012],[-55.8035945892334,73.15004184526383],[-55.80634120375173,73.15043991163012]]]]}},{"type":"Feature","properties":{"layer":"depare","drval1":18.288,"drval2":36.576,"sys":"ft","rank":1},"geometry":{"type":"Polygon","coordinates":[[[-55.8079719543457,73.14128207459567],[-55.807414054870605,73.14207860006724],[-55.80054759979248,73.1444679572404],[-55.80059051513672,73.14844948848169],[-55.803680419921875,73.15014136271148],[-55.805773083102885,73.15043991163012],[-55.80516516153919,73.15043991163012],[-55.803680419921875,73.15022844000998],[-55.80024719238281,73.14844948848169],[-55.800161361694336,73.1444679572404],[-55.806169509887695,73.14207860006724],[-55.803680419921875,73.14184213538176],[-55.80256462097168,73.14128207459567],[-55.802650451660156,73.14048551258128],[-55.803680419921875,73.14016189882435],[-55.80973148345947,73.14048551258128],[-55.810546875,73.13940438973836],[-55.810546875,73.14056873547831],[-55.8079719543457,73.14128207459567]],[[-55.80488204956055,73.14128207459567],[-55.80462455749512,73.14048551258128],[-55.803680419921875,73.14032370645673],[-55.803165435791016,73.14048551258128],[-55.80312252044678,73.14128207459567],[-55.803680419921875,73.14155588434821],[-55.80488204956055,73.14128207459567]]]}},{"type":"Feature","properties":{"layer":"depare","drval1":20,"drval2":30,"sys":"m","rank":1},"geometry":{"type":"Polygon","coordinates":[[[-55.80788612365723,73.14128207459567],[-55.80050468444824,73.1444679572404],[-55.80054759979248,73.14844948848169],[-55.803680419921875,73.15014136271148],[-55.805740385979014,73.15043991163012],[-55.80533886717127,73.15043991163012],[-55.803680419921875,73.15020356082644],[-55.80312252044678,73.15004184526383],[-55.80037593841553,73.14844948848169],[-55.80029010772705,73.1444679572404],[-55.80724239349365,73.14128207459567],[-55.810160636901855,73.14048551258128],[-55.810546875,73.13983373517358],[-55.810546875,73.14053378906699],[-55.80788612365723,73.14128207459567]]]}},{"type":"Feature","properties":{"layer":"depare","drval1":30,"drval2":50,"sys":"m","rank":1},"geometry":{"type":"Polygon","coordinates":[[[-55.784454345703125,73.15014136271148],[-55.789947509765625,73.15014136271148],[-55.79029083251953,73.15004184526383],[-55.79033374786377,73.14685698558313],[-55.787200927734375,73.14596113848681],[-55.781707763671875,73.14516479113959],[-55.77857494354248,73.14606067933639],[-55.77308177947998,73.14844948848169],[-55.77308177947998,73.14924568513655],[-55.77578544616699,73.15004184526383],[-55.77578544616699,73.15043991163012],[-55.77552795410156,73.15043991163012],[-55.77552795410156,73.15004184526383],[-55.77282428741455,73.14924568513655],[-55.77286720275879,73.14844948848169],[-55.77836036682129,73.14606067933639],[-55.781707763671875,73.14510257496444],[-55.787200927734375,73.14589892516595],[-55.7905912399292,73.14685698558313],[-55.79054832458496,73.15004184526383],[-55.789947509765625,73.15020356082644],[-55.784454345703125,73.15021600042267],[-55.78411471767861,73.15043991163012],[-55.78397154115848,73.15043991163012],[-55.784454345703125,73.15014136271148]]]}},{"type":"Feature","properties":{"layer":"depare","drval1":0,"drval2":2,"sys":"m","rank":1},"geometry":{"type":"Polygon","coordinates":[[[-55.80363750457764,73.14128207459567],[-55.803680419921875,73.14047306600985],[-55.80380916595459,73.14128207459567],[-55.803680419921875,73.14130696656979],[-55.80363750457764,73.14128207459567]]]}},{"type":"Feature","properties":{"layer":"depare","drval1":0,"drval2":1.8288,"sys":"ft","rank":1},"geometry":{"type":"Polygon","coordinates":[[[-55.80363750457764,73.14128207459567],[-55.803680419921875,73.14047306600985],[-55.80380916595459,73.14128207459567],[-55.803680419921875,73.14130696656979],[-55.80363750457764,73.14128207459567]]]}},{"type":"Feature","properties":{"layer":"depare","drval1":1.8288,"drval2":3.6576,"sys":"ft","rank":1},"geometry":{"type":"Polygon","coordinates":[[[-55.80355167388916,73.14128207459567],[-55.8035945892334,73.14048551258128],[-55.803680419921875,73.14044817284022],[-55.80385208129883,73.14048551258128],[-55.803937911987305,73.14128207459567],[-55.803680419921875,73.14133185850821],[-55.80355167388916,73.14128207459567]],[[-55.80380916595459,73.14128207459567],[-55.803680419921875,73.14047306600985],[-55.80363750457764,73.14128207459567],[-55.803680419921875,73.14130696656979],[-55.80380916595459,73.14128207459567]]]}},{"type":"Feature","properties":{"layer":"depare","drval1":3.6576,"drval2":5.4864,"sys":"ft","rank":1},"geometry":{"type":"Polygon","coordinates":[[[-55.80350875854492,73.14128207459567],[-55.80350875854492,73.14048551258128],[-55.803680419921875,73.14043572624202],[-55.803937911987305,73.14048551258128],[-55.80402374267578,73.14128207459567],[-55.803680419921875,73.14136919634895],[-55.80350875854492,73.14128207459567]],[[-55.803937911987305,73.14128207459567],[-55.80385208129883,73.14048551258128],[-55.803680419921875,73.14044817284022],[-55.8035945892334,73.14048551258128],[-55.80355167388916,73.14128207459567],[-55.803680419921875,73.14133185850821],[-55.803937911987305,73.14128207459567]]]}},{"type":"Feature","properties":{"layer":"depare","drval1":2,"drval2":5,"sys":"m","rank":1},"geometry":{"type":"Polygon","coordinates":[[[-55.80350875854492,73.14128207459567],[-55.80355167388916,73.14048551258128],[-55.803680419921875,73.14043572624202],[-55.803937911987305,73.14048551258128],[-55.80402374267578,73.14128207459567],[-55.803680419921875,73.14135675041096],[-55.80350875854492,73.14128207459567]],[[-55.80380916595459,73.14128207459567],[-55.803680419921875,73.14047306600985],[-55.80363750457764,73.14128207459567],[-55.803680419921875,73.14130696656979],[-55.80380916595459,73.14128207459567]]]}},{"type":"Feature","properties":{"layer":"depare","drval1":5.4864,"drval2":9.144,"sys":"ft","rank":1},"geometry":{"type":"Polygon","coordinates":[[[-55.803422927856445,73.14128207459567],[-55.803422927856445,73.14048551258128],[-55.803680419921875,73.14039838639387],[-55.804152488708496,73.14048551258128],[-55.80428123474121,73.14128207459567],[-55.803680419921875,73.1414189800117],[-55.803422927856445,73.14128207459567]],[[-55.80402374267578,73.14128207459567],[-55.803937911987305,73.14048551258128],[-55.803680419921875,73.14043572624202],[-55.80350875854492,73.14048551258128],[-55.80350875854492,73.14128207459567],[-55.803680419921875,73.14136919634895],[-55.80402374267578,73.14128207459567]]]}},{"type":"Feature","properties":{"layer":"depare","drval1":5,"drval2":10,"sys":"m","rank":1},"geometry":{"type":"Polygon","coordinates":[[[-55.80338001251221,73.14128207459567],[-55.80338001251221,73.14048551258128],[-55.803680419921875,73.14039838639387],[-55.804195404052734,73.14048551258128],[-55.80432415008545,73.14128207459567],[-55.803680419921875,73.14143142590508],[-55.80338001251221,73.14128207459567]],[[-55.80402374267578,73.14128207459567],[-55.803937911987305,73.14048551258128],[-55.803680419921875,73.14043572624202],[-55.80355167388916,73.14048551258128],[-55.80350875854492,73.14128207459567],[-55.803680419921875,73.14135675041096],[-55.80402374267578,73.14128207459567]]]}},{"type":"Feature","properties":{"layer":"depare","drval1":9.144,"drval2":18.288,"sys":"ft","rank":1},"geometry":{"type":"Polygon","coordinates":[[[-55.80312252044678,73.14128207459567],[-55.803165435791016,73.14048551258128],[-55.803680419921875,73.14032370645673],[-55.80462455749512,73.14048551258128],[-55.80488204956055,73.14128207459567],[-55.803680419921875,73.14155588434821],[-55.80312252044678,73.14128207459567]],[[-55.80428123474121,73.14128207459567],[-55.804152488708496,73.14048551258128],[-55.803680419921875,73.14039838639387],[-55.803422927856445,73.14048551258128],[-55.803422927856445,73.14128207459567],[-55.803680419921875,73.1414189800117],[-55.80428123474121,73.14128207459567]]]}},{"type":"Feature","properties":{"layer":"depare","drval1":10,"drval2":20,"sys":"m","rank":1},"geometry":{"type":"Polygon","coordinates":[[[-55.80307960510254,73.14128207459567],[-55.80312252044678,73.14048551258128],[-55.803680419921875,73.14031125976929],[-55.804710388183594,73.14048551258128],[-55.80496788024902,73.14128207459567],[-55.803680419921875,73.14159322170718],[-55.80307960510254,73.14128207459567]],[[-55.80432415008545,73.14128207459567],[-55.804195404052734,73.14048551258128],[-55.803680419921875,73.14039838639387],[-55.80338001251221,73.14048551258128],[-55.80338001251221,73.14128207459567],[-55.803680419921875,73.14143142590508],[-55.80432415008545,73.14128207459567]]]}},{"type":"Feature","properties":{"layer":"depare","drval1":20,"drval2":30,"sys":"m","rank":1},"geometry":{"type":"Polygon","coordinates":[[[-55.80277919769287,73.14128207459567],[-55.80282211303711,73.14048551258128],[-55.803680419921875,73.14021168594874],[-55.805182456970215,73.14048551258128],[-55.8056116104126,73.14128207459567],[-55.803680419921875,73.14174257034016],[-55.80277919769287,73.14128207459567]],[[-55.80496788024902,73.14128207459567],[-55.804710388183594,73.14048551258128],[-55.803680419921875,73.14031125976929],[-55.80312252044678,73.14048551258128],[-55.80307960510254,73.14128207459567],[-55.803680419921875,73.14159322170718],[-55.80496788024902,73.14128207459567]]]}},{"type":"Feature","properties":{"layer":"depare","drval1":100,"drval2":200,"sys":"m","rank":1},"geometry":{"type":"Polygon","coordinates":[[[-55.784454345703125,73.1503901538337],[-55.789947509765625,73.15036527488199],[-55.7911491394043,73.15004184526383],[-55.791192054748535,73.14685698558313],[-55.787200927734375,73.1457371694881],[-55.781707763671875,73.14494081186545],[-55.777716636657715,73.14606067933639],[-55.772223472595215,73.14844948848169],[-55.772223472595215,73.14924568513655],[-55.77484130859375,73.15004184526383],[-55.774831771713856,73.15043991163012],[-55.773363111899286,73.15043991163012],[-55.773468017578125,73.15004184526383],[-55.770936012268066,73.14924568513655],[-55.770978927612305,73.14844948848169],[-55.781707763671875,73.1446172811451],[-55.787200927734375,73.14541365361023],[-55.792479515075684,73.14685698558313],[-55.79230785369873,73.15004184526383],[-55.79085532394277,73.15043991163012],[-55.78438997176383,73.15043991163012],[-55.784454345703125,73.1503901538337]]]}},{"type":"Feature","properties":{"layer":"depare","drval1":0,"drval2":1.8288,"sys":"ft","rank":1},"geometry":{"type":"MultiPolygon","coordinates":[[[[-55.773468017578125,73.14844948848169],[-55.776214599609375,73.15004184526383],[-55.776214599609375,73.15043991163012],[-55.77617168426514,73.15043991163012],[-55.77617168426514,73.15004184526383],[-55.77342510223389,73.14924568513655],[-55.77342510223389,73.14844948848169],[-55.77891826629639,73.14606067933639],[-55.781707763671875,73.14526433655598],[-55.773468017578125,73.14844948848169]]],[[[-55.789947509765625,73.14685698558313],[-55.781707763671875,73.14526433655598],[-55.787200927734375,73.14606067933639],[-55.78999042510986,73.14685698558313],[-55.78999042510986,73.15004184526383],[-55.789947509765625,73.15004184526383],[-55.789947509765625,73.14685698558313]]],[[[-55.784454345703125,73.150054284976],[-55.783779779353424,73.15043991163012],[-55.78376769035074,73.15043991163012],[-55.784454345703125,73.15004184526383],[-55.789947509765625,73.15004184526383],[-55.784454345703125,73.150054284976]]]]}},{"type":"Feature","properties":{"layer":"depare","drval1":0,"drval2":2,"sys":"m","rank":1},"geometry":{"type":"MultiPolygon","coordinates":[[[[-55.784454345703125,73.150054284976],[-55.78379851730758,73.15043991163012],[-55.78376769035074,73.15043991163012],[-55.784454345703125,73.15004184526383],[-55.789947509765625,73.15004184526383],[-55.784454345703125,73.150054284976]]],[[[-55.789947509765625,73.14685698558313],[-55.781707763671875,73.14526433655598],[-55.773468017578125,73.14844948848169],[-55.776214599609375,73.15004184526383],[-55.776214599609375,73.15043991163012],[-55.77617168426514,73.15043991163012],[-55.77617168426514,73.15004184526383],[-55.77342510223389,73.14924568513655],[-55.77342510223389,73.14844948848169],[-55.77891826629639,73.14606067933639],[-55.781707763671875,73.14525189341016],[-55.787200927734375,73.1460482367614],[-55.78999042510986,73.14685698558313],[-55.78999042510986,73.15004184526383],[-55.789947509765625,73.15004184526383],[-55.789947509765625,73.14685698558313]]]]}},{"type":"Feature","properties":{"layer":"depare","drval1":36.576,"drval2":54.864,"sys":"ft","rank":1},"geometry":{"type":"Polygon","coordinates":[[[-55.78780174255371,73.12614114576725],[-55.7850980758667,73.12693836581248],[-55.78505516052246,73.13411170074261],[-55.78235149383545,73.13490855515423],[-55.78235149383545,73.13729889906526],[-55.77690124511719,73.14048551258128],[-55.776214599609375,73.14068465651084],[-55.768704414367676,73.14207860006724],[-55.76866149902344,73.14287508899754],[-55.765228271484375,73.14387064877657],[-55.754241943359375,73.14387064877657],[-55.748748779296875,73.14306176080494],[-55.7481050491333,73.14287508899754],[-55.74806213378906,73.14048551258128],[-55.750722885131836,73.13889227891802],[-55.756988525390625,73.1362407144781],[-55.765228271484375,73.13539412038625],[-55.767974853515625,73.13610376823154],[-55.771965980529785,73.13570537301086],[-55.772223472595215,73.13251788224834],[-55.773468017578125,73.13211940477551],[-55.77754497528076,73.13172091816261],[-55.777931213378906,73.1285326961938],[-55.78089237213135,73.12614114576725],[-55.78514099121094,73.12494524712693],[-55.78535556793213,73.12494524712693],[-55.781192779541016,73.12614114576725],[-55.77827453613281,73.1285326961938],[-55.77801704406738,73.13172091816261],[-55.773468017578125,73.13225638243773],[-55.7726526260376,73.13251788224834],[-55.772480964660645,73.13570537301086],[-55.767974853515625,73.1362407144781],[-55.765228271484375,73.13550617197366],[-55.756988525390625,73.13632786152735],[-55.750980377197266,73.13889227891802],[-55.748276710510254,73.14048551258128],[-55.74831962585449,73.14287508899754],[-55.754241943359375,73.14380842796298],[-55.765228271484375,73.1437959837735],[-55.768446922302246,73.14287508899754],[-55.768446922302246,73.14207860006724],[-55.776214599609375,73.1406224242782],[-55.78213691711426,73.13729889906526],[-55.78213691711426,73.13490855515423],[-55.78488349914551,73.13411170074261],[-55.78488349914551,73.12693836581248],[-55.78758716583252,73.12614114576725],[-55.78964707873201,73.12494524712693],[-55.78986167907715,73.12494524712693],[-55.78780174255371,73.12614114576725]]]}},{"type":"Feature","properties":{"layer":"depare","drval1":30,"drval2":50,"sys":"m","rank":1},"geometry":{"type":"Polygon","coordinates":[[[-55.78775882720947,73.12614114576725],[-55.78505516052246,73.12693836581248],[-55.78501224517822,73.13411170074261],[-55.78230857849121,73.13490855515423],[-55.78226566314697,73.13729889906526],[-55.77681541442871,73.14048551258128],[-55.76866149902344,73.14207860006724],[-55.7686185836792,73.14287508899754],[-55.765228271484375,73.14384576047789],[-55.754241943359375,73.14384576047789],[-55.748748779296875,73.14304931608022],[-55.74814796447754,73.14287508899754],[-55.7481050491333,73.14048551258128],[-55.750765800476074,73.13889227891802],[-55.756988525390625,73.13626561367965],[-55.765228271484375,73.13541902080148],[-55.767974853515625,73.13614111731496],[-55.7720947265625,73.13570537301086],[-55.77235221862793,73.13251788224834],[-55.773468017578125,73.13215676242686],[-55.77767372131348,73.13172091816261],[-55.77801704406738,73.1285326961938],[-55.780978202819824,73.12614114576725],[-55.785226821899414,73.12494524712693],[-55.785441398620605,73.12494524712693],[-55.78127861022949,73.12614114576725],[-55.77840328216553,73.1285326961938],[-55.778188705444336,73.13172091816261],[-55.773468017578125,73.13230619222892],[-55.77278137207031,73.13251788224834],[-55.7726526260376,73.13570537301086],[-55.767974853515625,73.1362905128455],[-55.765228271484375,73.13553107222825],[-55.756988525390625,73.13636521012889],[-55.75106620788574,73.13889227891802],[-55.74836254119873,73.14048551258128],[-55.74840545654297,73.14287508899754],[-55.748748779296875,73.1429746475446],[-55.754241943359375,73.1437835395751],[-55.765228271484375,73.1437835395751],[-55.76836109161377,73.14287508899754],[-55.76836109161377,73.14207860006724],[-55.776214599609375,73.1405975313227],[-55.77660083770752,73.14048551258128],[-55.78205108642578,73.13729889906526],[-55.78205108642578,73.13490855515423],[-55.78479766845703,73.13411170074261],[-55.78479766845703,73.12693836581248],[-55.78754425048828,73.12614114576725],[-55.78956127166748,73.12494524712693],[-55.78977584838867,73.12494524712693],[-55.78775882720947,73.12614114576725]]]}},{"type":"Feature","properties":{"layer":"depare","drval1":0,"drval2":2,"sys":"m","rank":1},"geometry":{"type":"Polygon","coordinates":[[[-55.74870586395264,73.14287508899754],[-55.74870586395264,73.14048551258128],[-55.75145244598389,73.13889227891802],[-55.756988525390625,73.13648970488728],[-55.765228271484375,73.13569292301297],[-55.767974853515625,73.13648970488728],[-55.77342510223389,73.13570537301086],[-55.77342510223389,73.13251788224834],[-55.77891826629639,73.13172091816261],[-55.77891826629639,73.1285326961938],[-55.78166484832764,73.12614114576725],[-55.78578467265012,73.12494524712693],[-55.78788750237035,73.12494524712693],[-55.781707763671875,73.12614114576725],[-55.778961181640625,73.1285326961938],[-55.778961181640625,73.13172091816261],[-55.773468017578125,73.13251788224834],[-55.773468017578125,73.13570537301086],[-55.767974853515625,73.13650215431404],[-55.756988525390625,73.13650215431404],[-55.748748779296875,73.14048551258128],[-55.748748779296875,73.14287508899754],[-55.754241943359375,73.14367154138809],[-55.765228271484375,73.14367154138809],[-55.767974853515625,73.14207860006724],[-55.776214599609375,73.13968891402257],[-55.781707763671875,73.13729889906526],[-55.781707763671875,73.13490855515423],[-55.784454345703125,73.13411170074261],[-55.784454345703125,73.12693836581248],[-55.78904628753662,73.12494524712693],[-55.78926086425781,73.12494524712693],[-55.78724384307861,73.12614114576725],[-55.78449726104736,73.12693836581248],[-55.78449726104736,73.13411170074261],[-55.78175067901611,73.13490855515423],[-55.78175067901611,73.13729889906526],[-55.776214599609375,73.14049795914379],[-55.76801776885986,73.14207860006724],[-55.76801776885986,73.14287508899754],[-55.765228271484375,73.14368398566677],[-55.754241943359375,73.14368398566677],[-55.74870586395264,73.14287508899754]]]}},{"type":"Feature","properties":{"layer":"depare","drval1":54.864,"drval2":91.44,"sys":"ft","rank":1},"geometry":{"type":"Polygon","coordinates":[[[-55.788187980651855,73.12614114576725],[-55.78552722930908,73.12693836581248],[-55.785484313964844,73.13411170074261],[-55.78282356262207,73.13490855515423],[-55.782737731933594,73.13729889906526],[-55.77733039855957,73.14048551258128],[-55.769219398498535,73.14207860006724],[-55.76913356781006,73.14287508899754],[-55.765228271484375,73.14399508973472],[-55.754241943359375,73.14399508973472],[-55.748748779296875,73.143198652188],[-55.74767589569092,73.14287508899754],[-55.74759006500244,73.14048551258128],[-55.75016498565674,73.13889227891802],[-55.756988525390625,73.13606641906779],[-55.765228271484375,73.13519491577931],[-55.770978927612305,73.13570537301086],[-55.77140808105469,73.13251788224834],[-55.773468017578125,73.13185789896676],[-55.77655792236328,73.13172091816261],[-55.77728748321533,73.1285326961938],[-55.78037738800049,73.12614114576725],[-55.784668922424316,73.12494524712693],[-55.78514099121094,73.12494524712693],[-55.78089237213135,73.12614114576725],[-55.777931213378906,73.1285326961938],[-55.77754497528076,73.13172091816261],[-55.773468017578125,73.13211940477551],[-55.772223472595215,73.13251788224834],[-55.771965980529785,73.13570537301086],[-55.767974853515625,73.13610376823154],[-55.765228271484375,73.13539412038625],[-55.756988525390625,73.1362407144781],[-55.750722885131836,73.13889227891802],[-55.74806213378906,73.14048551258128],[-55.7481050491333,73.14287508899754],[-55.748748779296875,73.14306176080494],[-55.754241943359375,73.14387064877657],[-55.765228271484375,73.14387064877657],[-55.76866149902344,73.14287508899754],[-55.768704414367676,73.14207860006724],[-55.776214599609375,73.14068465651084],[-55.77690124511719,73.14048551258128],[-55.78235149383545,73.13729889906526],[-55.78235149383545,73.13490855515423],[-55.78505516052246,73.13411170074261],[-55.7850980758667,73.12693836581248],[-55.78780174255371,73.12614114576725],[-55.78986167907715,73.12494524712693],[-55.79024791717529,73.12494524712693],[-55.788187980651855,73.12614114576725]]]}},{"type":"Feature","properties":{"layer":"depare","drval1":9.144,"drval2":18.288,"sys":"ft","rank":1},"geometry":{"type":"MultiPolygon","coordinates":[[[[-55.748534202575684,73.14287508899754],[-55.748534202575684,73.14048551258128],[-55.751237869262695,73.13889227891802],[-55.756988525390625,73.13641500813932],[-55.765228271484375,73.13560577277782],[-55.767974853515625,73.13636521012889],[-55.772953033447266,73.13570537301086],[-55.77303886413574,73.13251788224834],[-55.773468017578125,73.13238090664798],[-55.778489112854004,73.13172091816261],[-55.77861785888672,73.1285326961938],[-55.781450271606445,73.12614114576725],[-55.78561305999756,73.12494524712693],[-55.785698890686035,73.12494524712693],[-55.78157901763916,73.12614114576725],[-55.77878952026367,73.1285326961938],[-55.778703689575195,73.13172091816261],[-55.773468017578125,73.1324556207457],[-55.773253440856934,73.13251788224834],[-55.773210525512695,73.13570537301086],[-55.767974853515625,73.13643990709102],[-55.765228271484375,73.13565557296573],[-55.756988525390625,73.13646480600698],[-55.75136661529541,73.13889227891802],[-55.74862003326416,73.14048551258128],[-55.74862003326416,73.14287508899754],[-55.74870586395264,73.14289997868784],[-55.748534202575684,73.14287508899754]]],[[[-55.787415504455566,73.12614114576725],[-55.784668922424316,73.12693836581248],[-55.784668922424316,73.13411170074261],[-55.781922340393066,73.13490855515423],[-55.781922340393066,73.13729889906526],[-55.77707290649414,73.14006232414725],[-55.78179359436035,73.13729889906526],[-55.78183650970459,73.13490855515423],[-55.7845401763916,73.13411170074261],[-55.78458309173584,73.12693836581248],[-55.78728675842285,73.12614114576725],[-55.78934667132234,73.12494524712693],[-55.789475440979004,73.12494524712693],[-55.787415504455566,73.12614114576725]]],[[[-55.74969291687012,73.14304931608022],[-55.754241943359375,73.14370887419737],[-55.765228271484375,73.14370887419737],[-55.76810359954834,73.14287508899754],[-55.76810359954834,73.14207860006724],[-55.77630043029785,73.14048551258128],[-55.776214599609375,73.14054774530463],[-55.768232345581055,73.14207860006724],[-55.768189430236816,73.14287508899754],[-55.765228271484375,73.1437337626923],[-55.754241943359375,73.1437337626923],[-55.74969291687012,73.14304931608022]]]]}},{"type":"Feature","properties":{"layer":"depare","drval1":0,"drval2":1.8288,"sys":"ft","rank":1},"geometry":{"type":"MultiPolygon","coordinates":[[[[-55.784454345703125,73.12693836581248],[-55.78904628753662,73.12494524712693],[-55.789260840633865,73.12494524712693],[-55.787200927734375,73.12614114576725],[-55.78449726104736,73.12693836581248],[-55.784454345703125,73.13411170074261],[-55.784454345703125,73.12693836581248]]],[[[-55.776214599609375,73.14049795914379],[-55.76801776885986,73.14207860006724],[-55.76801776885986,73.14287508899754],[-55.765228271484375,73.14368398566677],[-55.754241943359375,73.14368398566677],[-55.74870586395264,73.14287508899754],[-55.74870586395264,73.14048551258128],[-55.75145244598389,73.13889227891802],[-55.756988525390625,73.13648970488728],[-55.765228271484375,73.13569292301297],[-55.767974853515625,73.13648970488728],[-55.77342510223389,73.13570537301086],[-55.77342510223389,73.13251788224834],[-55.77891826629639,73.13172091816261],[-55.77891826629639,73.1285326961938],[-55.78166484832764,73.12614114576725],[-55.78578472137451,73.12494524712693],[-55.78788750237035,73.12494524712693],[-55.781707763671875,73.12614114576725],[-55.778961181640625,73.1285326961938],[-55.778961181640625,73.13172091816261],[-55.773468017578125,73.13251788224834],[-55.773468017578125,73.13570537301086],[-55.767974853515625,73.13650215431404],[-55.756988525390625,73.13650215431404],[-55.748748779296875,73.14048551258128],[-55.748748779296875,73.14287508899754],[-55.754241943359375,73.14367154138809],[-55.765228271484375,73.14367154138809],[-55.767974853515625,73.14207860006724],[-55.776214599609375,73.13968891402257],[-55.781707763671875,73.13729889906526],[-55.776214599609375,73.14049795914379]]],[[[-55.781707763671875,73.13490855515423],[-55.784454345703125,73.13411170074261],[-55.78175067901611,73.13490855515423],[-55.781707763671875,73.13729889906526],[-55.781707763671875,73.13490855515423]]]]}},{"type":"Feature","properties":{"layer":"depare","drval1":5,"drval2":10,"sys":"m","rank":1},"geometry":{"type":"Polygon","coordinates":[[[-55.74862003326416,73.14287508899754],[-55.74862003326416,73.14048551258128],[-55.75136661529541,73.13889227891802],[-55.756988525390625,73.13645235655346],[-55.765228271484375,73.13564312293214],[-55.767974853515625,73.13642745761963],[-55.773210525512695,73.13570537301086],[-55.773253440856934,73.13251788224834],[-55.773468017578125,73.13244316841838],[-55.778703689575195,73.13172091816261],[-55.77878952026367,73.1285326961938],[-55.78157901763916,73.12614114576725],[-55.78569883900866,73.12494524712693],[-55.78578472137451,73.12494524712693],[-55.7816219329834,73.12614114576725],[-55.77887535095215,73.1285326961938],[-55.77883243560791,73.13172091816261],[-55.77333927154541,73.13251788224834],[-55.77333927154541,73.13570537301086],[-55.767974853515625,73.13646480600698],[-55.765228271484375,73.13568047300615],[-55.756988525390625,73.1364772554516],[-55.75140953063965,73.13889227891802],[-55.74870586395264,73.14048551258128],[-55.74870586395264,73.14287508899754],[-55.754241943359375,73.14368398566677],[-55.765228271484375,73.14368398566677],[-55.76801776885986,73.14287508899754],[-55.7680606842041,73.14207860006724],[-55.776214599609375,73.14049795914379],[-55.78175067901611,73.13729889906526],[-55.78175067901611,73.13490855515423],[-55.78449726104736,73.13411170074261],[-55.78449726104736,73.12693836581248],[-55.78724384307861,73.12614114576725],[-55.7893037559781,73.12494524712693],[-55.78934669494629,73.12494524712693],[-55.78732967376709,73.12614114576725],[-55.78458309173584,73.12693836581248],[-55.78458309173584,73.13411170074261],[-55.78183650970459,73.13490855515423],[-55.78183650970459,73.13729889906526],[-55.776214599609375,73.14052285224206],[-55.76810359954834,73.14207860006724],[-55.76810359954834,73.14287508899754],[-55.765228271484375,73.14370887419737],[-55.754241943359375,73.14370887419737],[-55.74862003326416,73.14287508899754]]]}},{"type":"Feature","properties":{"layer":"depare","drval1":1.8288,"drval2":3.6576,"sys":"ft","rank":1},"geometry":{"type":"GeometryCollection","geometries":[{"type":"Polygon","coordinates":[[[-55.784454345703125,73.13411170074261],[-55.78449726104736,73.12693836581248],[-55.78449726104736,73.13411170074261],[-55.78175067901611,73.13490855515423],[-55.784454345703125,73.13411170074261]]]},{"type":"Polygon","coordinates":[[[-55.765228271484375,73.13568047300615],[-55.767974853515625,73.1364772554516],[-55.77338218688965,73.13570537301086],[-55.77338218688965,73.13251788224834],[-55.773468017578125,73.13249297767405],[-55.77887535095215,73.13172091816261],[-55.77887535095215,73.1285326961938],[-55.78166484832764,73.12614114576725],[-55.77891826629639,73.1285326961938],[-55.77891826629639,73.13172091816261],[-55.77342510223389,73.13251788224834],[-55.77342510223389,73.13570537301086],[-55.767974853515625,73.13648970488728],[-55.765228271484375,73.13569292301297],[-55.756988525390625,73.13648970488728],[-55.765228271484375,73.13568047300615]]]},{"type":"Polygon","coordinates":[[[-55.787200927734375,73.12614114576725],[-55.789260840633865,73.12494524712693],[-55.7893037559781,73.12494524712693],[-55.78724384307861,73.12614114576725],[-55.78449726104736,73.12693836581248],[-55.787200927734375,73.12614114576725]]]},{"type":"Polygon","coordinates":[[[-55.781707763671875,73.13729889906526],[-55.78175067901611,73.13490855515423],[-55.78175067901611,73.13729889906526],[-55.776214599609375,73.14049795914379],[-55.781707763671875,73.13729889906526]]]},{"type":"Polygon","coordinates":[[[-55.754241943359375,73.14368398566677],[-55.748748779296875,73.14288753384714],[-55.74870586395264,73.14287508899754],[-55.754241943359375,73.14368398566677]]]},{"type":"Point","coordinates":[-55.78578472137451,73.12494524712693]}]}},{"type":"Feature","properties":{"layer":"depare","drval1":5.4864,"drval2":9.144,"sys":"ft","rank":1},"geometry":{"type":"MultiPolygon","coordinates":[[[[-55.748748779296875,73.1429124235196],[-55.74862003326416,73.14287508899754],[-55.74862003326416,73.14048551258128],[-55.75136661529541,73.13889227891802],[-55.75690269470215,73.13650215431404],[-55.75140953063965,73.13889227891802],[-55.7486629486084,73.14048551258128],[-55.7486629486084,73.14287508899754],[-55.748748779296875,73.14289997868784],[-55.754241943359375,73.14369642993653],[-55.765228271484375,73.14369642993653],[-55.7680606842041,73.14287508899754],[-55.7680606842041,73.14207860006724],[-55.77630043029785,73.14048551258128],[-55.78175067901611,73.13729889906526],[-55.78179359436035,73.13490855515423],[-55.78449726104736,73.13411170074261],[-55.7845401763916,73.12693836581248],[-55.78724384307861,73.12614114576725],[-55.7893037559781,73.12494524712693],[-55.78934667132234,73.12494524712693],[-55.78728675842285,73.12614114576725],[-55.78458309173584,73.12693836581248],[-55.7845401763916,73.13411170074261],[-55.78183650970459,73.13490855515423],[-55.78179359436035,73.13729889906526],[-55.77634334564209,73.14048551258128],[-55.76810359954834,73.14207860006724],[-55.76810359954834,73.14287508899754],[-55.765228271484375,73.14370887419737],[-55.754241943359375,73.14370887419737],[-55.748748779296875,73.1429124235196]]],[[[-55.756988525390625,73.13646480600698],[-55.765228271484375,73.13565557296573],[-55.767974853515625,73.13643990709102],[-55.773210525512695,73.13570537301086],[-55.773253440856934,73.13251788224834],[-55.773468017578125,73.1324556207457],[-55.778703689575195,73.13172091816261],[-55.77878952026367,73.1285326961938],[-55.78157901763916,73.12614114576725],[-55.785698890686035,73.12494524712693],[-55.78574180603027,73.12494524712693],[-55.7816219329834,73.12614114576725],[-55.77887535095215,73.1285326961938],[-55.77883243560791,73.13172091816261],[-55.773468017578125,73.13248052537351],[-55.77333927154541,73.13251788224834],[-55.77333927154541,73.13570537301086],[-55.767974853515625,73.13646480600698],[-55.765228271484375,73.13568047300615],[-55.756988525390625,73.1364772554516],[-55.75690269470215,73.13650215431404],[-55.756988525390625,73.13646480600698]]]]}},{"type":"Feature","properties":{"layer":"depare","drval1":50,"drval2":100,"sys":"m","rank":1},"geometry":{"type":"Polygon","coordinates":[[[-55.78831672668457,73.12614114576725],[-55.7856559753418,73.12693836581248],[-55.78557014465332,73.13411170074261],[-55.78290939331055,73.13490855515423],[-55.78282356262207,73.13729889906526],[-55.776214599609375,73.14084645927184],[-55.76930522918701,73.14207860006724],[-55.769219398498535,73.14287508899754],[-55.765228271484375,73.1440199778193],[-55.754241943359375,73.14403242184821],[-55.7475471496582,73.14287508899754],[-55.747504234313965,73.14048551258128],[-55.75003623962402,73.13889227891802],[-55.756988525390625,73.13602906982373],[-55.765228271484375,73.1351451142706],[-55.77076435089111,73.13570537301086],[-55.771193504333496,73.13251788224834],[-55.773468017578125,73.13179563509875],[-55.77634334564209,73.13172091816261],[-55.77711582183838,73.1285326961938],[-55.78024864196777,73.12614114576725],[-55.78458309173584,73.12494524712693],[-55.785226821899414,73.12494524712693],[-55.780978202819824,73.12614114576725],[-55.77801704406738,73.1285326961938],[-55.77767372131348,73.13172091816261],[-55.773468017578125,73.13215676242686],[-55.77235221862793,73.13251788224834],[-55.7720947265625,73.13570537301086],[-55.767974853515625,73.13614111731496],[-55.765228271484375,73.13541902080148],[-55.756988525390625,73.13626561367965],[-55.750765800476074,73.13889227891802],[-55.7481050491333,73.14048551258128],[-55.74814796447754,73.14287508899754],[-55.748748779296875,73.14304931608022],[-55.754241943359375,73.14384576047789],[-55.765228271484375,73.14384576047789],[-55.7686185836792,73.14287508899754],[-55.76866149902344,73.14207860006724],[-55.77681541442871,73.14048551258128],[-55.78226566314697,73.13729889906526],[-55.78230857849121,73.13490855515423],[-55.78501224517822,73.13411170074261],[-55.78505516052246,73.12693836581248],[-55.78775882720947,73.12614114576725],[-55.78977584838867,73.12494524712693],[-55.79033374786377,73.12494524712693],[-55.78831672668457,73.12614114576725]]]}},{"type":"Feature","properties":{"layer":"depare","drval1":18.288,"drval2":36.576,"sys":"ft","rank":1},"geometry":{"type":"Polygon","coordinates":[[[-55.74831962585449,73.14287508899754],[-55.748276710510254,73.14048551258128],[-55.750980377197266,73.13889227891802],[-55.756988525390625,73.13632786152735],[-55.765228271484375,73.13550617197366],[-55.767974853515625,73.1362407144781],[-55.772480964660645,73.13570537301086],[-55.7726526260376,73.13251788224834],[-55.773468017578125,73.13225638243773],[-55.77801704406738,73.13172091816261],[-55.77827453613281,73.1285326961938],[-55.781192779541016,73.12614114576725],[-55.78535556793213,73.12494524712693],[-55.78561305999756,73.12494524712693],[-55.781450271606445,73.12614114576725],[-55.77861785888672,73.1285326961938],[-55.778489112854004,73.13172091816261],[-55.773468017578125,73.13238090664798],[-55.77303886413574,73.13251788224834],[-55.772953033447266,73.13570537301086],[-55.767974853515625,73.13636521012889],[-55.765228271484375,73.13560577277782],[-55.756988525390625,73.13641500813932],[-55.751237869262695,73.13889227891802],[-55.748534202575684,73.14048551258128],[-55.748534202575684,73.14287508899754],[-55.754241943359375,73.1437337626923],[-55.765228271484375,73.1437337626923],[-55.768189430236816,73.14287508899754],[-55.768232345581055,73.14207860006724],[-55.776214599609375,73.14054774530463],[-55.781922340393066,73.13729889906526],[-55.781922340393066,73.13490855515423],[-55.784668922424316,73.13411170074261],[-55.784668922424316,73.12693836581248],[-55.787415504455566,73.12614114576725],[-55.789475440979004,73.12494524712693],[-55.78964707873201,73.12494524712693],[-55.78758716583252,73.12614114576725],[-55.78488349914551,73.12693836581248],[-55.78488349914551,73.13411170074261],[-55.78213691711426,73.13490855515423],[-55.78213691711426,73.13729889906526],[-55.776214599609375,73.1406224242782],[-55.768446922302246,73.14207860006724],[-55.768446922302246,73.14287508899754],[-55.765228271484375,73.1437959837735],[-55.754241943359375,73.14380842796298],[-55.74831962585449,73.14287508899754]]]}},{"type":"Feature","properties":{"layer":"depare","drval1":10,"drval2":20,"sys":"m","rank":1},"geometry":{"type":"Polygon","coordinates":[[[-55.748491287231445,73.14287508899754],[-55.748491287231445,73.14048551258128],[-55.75119495391846,73.13889227891802],[-55.756988525390625,73.1364025586501],[-55.765228271484375,73.13559332270854],[-55.767974853515625,73.13635276060396],[-55.77291011810303,73.13570537301086],[-55.772995948791504,73.13251788224834],[-55.773468017578125,73.13236845426712],[-55.778446197509766,73.13172091816261],[-55.77857494354248,73.1285326961938],[-55.78140735626221,73.12614114576725],[-55.78557014465332,73.12494524712693],[-55.78569883900866,73.12494524712693],[-55.78157901763916,73.12614114576725],[-55.77878952026367,73.1285326961938],[-55.778703689575195,73.13172091816261],[-55.773468017578125,73.13244316841838],[-55.773253440856934,73.13251788224834],[-55.773210525512695,73.13570537301086],[-55.767974853515625,73.13642745761963],[-55.765228271484375,73.13564312293214],[-55.756988525390625,73.13645235655346],[-55.75136661529541,73.13889227891802],[-55.74862003326416,73.14048551258128],[-55.74862003326416,73.14287508899754],[-55.754241943359375,73.14370887419737],[-55.765228271484375,73.14370887419737],[-55.76810359954834,73.14287508899754],[-55.76810359954834,73.14207860006724],[-55.776214599609375,73.14052285224206],[-55.78183650970459,73.13729889906526],[-55.78183650970459,73.13490855515423],[-55.78458309173584,73.13411170074261],[-55.78458309173584,73.12693836581248],[-55.78732967376709,73.12614114576725],[-55.78934669494629,73.12494524712693],[-55.78947541735506,73.12494524712693],[-55.787415504455566,73.12614114576725],[-55.784711837768555,73.12693836581248],[-55.784668922424316,73.13411170074261],[-55.781965255737305,73.13490855515423],[-55.781922340393066,73.13729889906526],[-55.776214599609375,73.14056019182253],[-55.768232345581055,73.14207860006724],[-55.768232345581055,73.14287508899754],[-55.765228271484375,73.14374620692638],[-55.754241943359375,73.14374620692638],[-55.748491287231445,73.14287508899754]]]}},{"type":"Feature","properties":{"layer":"depare","drval1":20,"drval2":30,"sys":"m","rank":1},"geometry":{"type":"Polygon","coordinates":[[[-55.748748779296875,73.1429746475446],[-55.74840545654297,73.14287508899754],[-55.74836254119873,73.14048551258128],[-55.75106620788574,73.13889227891802],[-55.756988525390625,73.13636521012889],[-55.765228271484375,73.13553107222825],[-55.767974853515625,73.1362905128455],[-55.7726526260376,73.13570537301086],[-55.77278137207031,73.13251788224834],[-55.773468017578125,73.13230619222892],[-55.778188705444336,73.13172091816261],[-55.77840328216553,73.1285326961938],[-55.78127861022949,73.12614114576725],[-55.785441398620605,73.12494524712693],[-55.78557014465332,73.12494524712693],[-55.78140735626221,73.12614114576725],[-55.77857494354248,73.1285326961938],[-55.778446197509766,73.13172091816261],[-55.773468017578125,73.13236845426712],[-55.772995948791504,73.13251788224834],[-55.77291011810303,73.13570537301086],[-55.767974853515625,73.13635276060396],[-55.765228271484375,73.13559332270854],[-55.756988525390625,73.1364025586501],[-55.75119495391846,73.13889227891802],[-55.748491287231445,73.14048551258128],[-55.748491287231445,73.14287508899754],[-55.754241943359375,73.14374620692638],[-55.765228271484375,73.14374620692638],[-55.768232345581055,73.14287508899754],[-55.768232345581055,73.14207860006724],[-55.776214599609375,73.14056019182253],[-55.781922340393066,73.13729889906526],[-55.781965255737305,73.13490855515423],[-55.784668922424316,73.13411170074261],[-55.784711837768555,73.12693836581248],[-55.787415504455566,73.12614114576725],[-55.78947541735506,73.12494524712693],[-55.78956127166748,73.12494524712693],[-55.78754425048828,73.12614114576725],[-55.78479766845703,73.12693836581248],[-55.78479766845703,73.13411170074261],[-55.78205108642578,73.13490855515423],[-55.78205108642578,73.13729889906526],[-55.77660083770752,73.14048551258128],[-55.776214599609375,73.1405975313227],[-55.76836109161377,73.14207860006724],[-55.76836109161377,73.14287508899754],[-55.765228271484375,73.1437835395751],[-55.754241943359375,73.1437835395751],[-55.748748779296875,73.1429746475446]]]}},{"type":"Feature","properties":{"layer":"depare","drval1":91.44,"drval2":182.88,"sys":"ft","rank":1},"geometry":{"type":"Polygon","coordinates":[[[-55.78664302825928,73.12693836581248],[-55.78651428222656,73.13411170074261],[-55.78389644622803,73.13490855515423],[-55.78376770019531,73.13729889906526],[-55.776214599609375,73.1411576141898],[-55.765228271484375,73.14431863205121],[-55.754241943359375,73.14433107586603],[-55.74656009674072,73.14287508899754],[-55.746474266052246,73.14048551258128],[-55.75179576873779,73.13650215431404],[-55.762481689453125,73.13325255112801],[-55.768446922302246,73.12932980653294],[-55.773468017578125,73.12726222600968],[-55.78303813934326,73.12494524712693],[-55.784668922424316,73.12494524712693],[-55.78037738800049,73.12614114576725],[-55.77728748321533,73.1285326961938],[-55.77655792236328,73.13172091816261],[-55.773468017578125,73.13185789896676],[-55.77140808105469,73.13251788224834],[-55.770978927612305,73.13570537301086],[-55.765228271484375,73.13519491577931],[-55.756988525390625,73.13606641906779],[-55.75016498565674,73.13889227891802],[-55.74759006500244,73.14048551258128],[-55.74767589569092,73.14287508899754],[-55.748748779296875,73.143198652188],[-55.754241943359375,73.14399508973472],[-55.765228271484375,73.14399508973472],[-55.76913356781006,73.14287508899754],[-55.769219398498535,73.14207860006724],[-55.77733039855957,73.14048551258128],[-55.782737731933594,73.13729889906526],[-55.78282356262207,73.13490855515423],[-55.785484313964844,73.13411170074261],[-55.78552722930908,73.12693836581248],[-55.788187980651855,73.12614114576725],[-55.79024791717529,73.12494524712693],[-55.790977478027344,73.12494524712693],[-55.78664302825928,73.12693836581248]]]}},{"type":"Feature","properties":{"layer":"depare","drval1":100,"drval2":200,"sys":"m","rank":1},"geometry":{"type":"Polygon","coordinates":[[[-55.78681468963623,73.12693836581248],[-55.786685943603516,73.13411170074261],[-55.78411102294922,73.13490855515423],[-55.783982276916504,73.13729889906526],[-55.77866077423096,73.14048551258128],[-55.77067852020264,73.14207860006724],[-55.770506858825684,73.14287508899754],[-55.765228271484375,73.14438085103613],[-55.754241943359375,73.14439329480636],[-55.74638843536377,73.14287508899754],[-55.747976303100586,73.13729889906526],[-55.751495361328125,73.1350455108248],[-55.759735107421875,73.13248052537351],[-55.76711654663086,73.1285326961938],[-55.776214599609375,73.12569269342033],[-55.781707763671875,73.12536880397317],[-55.78325271606445,73.12494524712693],[-55.78458309173584,73.12494524712693],[-55.78024864196777,73.12614114576725],[-55.77711582183838,73.1285326961938],[-55.77634334564209,73.13172091816261],[-55.773468017578125,73.13179563509875],[-55.771193504333496,73.13251788224834],[-55.77076435089111,73.13570537301086],[-55.765228271484375,73.1351451142706],[-55.756988525390625,73.13602906982373],[-55.75003623962402,73.13889227891802],[-55.747504234313965,73.14048551258128],[-55.7475471496582,73.14287508899754],[-55.754241943359375,73.14403242184821],[-55.765228271484375,73.1440199778193],[-55.769219398498535,73.14287508899754],[-55.76930522918701,73.14207860006724],[-55.776214599609375,73.14084645927184],[-55.78282356262207,73.13729889906526],[-55.78290939331055,73.13490855515423],[-55.78557014465332,73.13411170074261],[-55.7856559753418,73.12693836581248],[-55.78831672668457,73.12614114576725],[-55.79033374786377,73.12494524712693],[-55.791192054748535,73.12494524712693],[-55.78681468963623,73.12693836581248]]]}},{"type":"Feature","properties":{"layer":"depare","drval1":2,"drval2":5,"sys":"m","rank":1},"geometry":{"type":"MultiPolygon","coordinates":[[[[-55.75140953063965,73.13889227891802],[-55.756988525390625,73.1364772554516],[-55.765228271484375,73.13568047300615],[-55.767974853515625,73.13646480600698],[-55.77333927154541,73.13570537301086],[-55.77333927154541,73.13251788224834],[-55.77883243560791,73.13172091816261],[-55.77887535095215,73.1285326961938],[-55.7816219329834,73.12614114576725],[-55.78578472137451,73.12494524712693],[-55.78166484832764,73.12614114576725],[-55.77891826629639,73.1285326961938],[-55.77891826629639,73.13172091816261],[-55.77342510223389,73.13251788224834],[-55.77342510223389,73.13570537301086],[-55.767974853515625,73.13648970488728],[-55.765228271484375,73.13569292301297],[-55.756988525390625,73.13648970488728],[-55.75145244598389,73.13889227891802],[-55.74870586395264,73.14048551258128],[-55.75140953063965,73.13889227891802]]],[[[-55.78926086425781,73.12494524712693],[-55.7893037559781,73.12494524712693],[-55.78724384307861,73.12614114576725],[-55.78926086425781,73.12494524712693]]],[[[-55.76801776885986,73.14207860006724],[-55.776214599609375,73.14049795914379],[-55.7680606842041,73.14207860006724],[-55.76801776885986,73.14287508899754],[-55.76801776885986,73.14207860006724]]]]}},{"type":"Feature","properties":{"layer":"depare","drval1":3.6576,"drval2":5.4864,"sys":"ft","rank":1},"geometry":{"type":"MultiPolygon","coordinates":[[[[-55.77630043029785,73.14048551258128],[-55.7680606842041,73.14207860006724],[-55.7680606842041,73.14287508899754],[-55.765228271484375,73.14369642993653],[-55.754241943359375,73.14369642993653],[-55.748748779296875,73.14289997868784],[-55.7486629486084,73.14287508899754],[-55.7486629486084,73.14048551258128],[-55.75140953063965,73.13889227891802],[-55.75690269470215,73.13650215431404],[-55.756988525390625,73.1364772554516],[-55.765228271484375,73.13568047300615],[-55.756988525390625,73.13648970488728],[-55.75145244598389,73.13889227891802],[-55.74870586395264,73.14048551258128],[-55.74870586395264,73.14287508899754],[-55.748748779296875,73.14288753384714],[-55.754241943359375,73.14368398566677],[-55.765228271484375,73.14368398566677],[-55.76801776885986,73.14287508899754],[-55.76801776885986,73.14207860006724],[-55.776214599609375,73.14049795914379],[-55.78175067901611,73.13729889906526],[-55.77630043029785,73.14048551258128]]],[[[-55.767974853515625,73.13646480600698],[-55.77333927154541,73.13570537301086],[-55.77333927154541,73.13251788224834],[-55.773468017578125,73.13248052537351],[-55.77883243560791,73.13172091816261],[-55.77887535095215,73.1285326961938],[-55.77887535095215,73.13172091816261],[-55.773468017578125,73.13249297767405],[-55.77338218688965,73.13251788224834],[-55.77338218688965,73.13570537301086],[-55.767974853515625,73.1364772554516],[-55.765228271484375,73.13568047300615],[-55.767974853515625,73.13646480600698]]],[[[-55.78449726104736,73.12693836581248],[-55.78724384307861,73.12614114576725],[-55.7845401763916,73.12693836581248],[-55.78449726104736,73.13411170074261],[-55.78449726104736,73.12693836581248]]],[[[-55.7816219329834,73.12614114576725],[-55.78574180603027,73.12494524712693],[-55.78578467265012,73.12494524712693],[-55.78166484832764,73.12614114576725],[-55.77887535095215,73.1285326961938],[-55.7816219329834,73.12614114576725]]],[[[-55.78175067901611,73.13490855515423],[-55.78449726104736,73.13411170074261],[-55.78179359436035,73.13490855515423],[-55.78175067901611,73.13729889906526],[-55.78175067901611,73.13490855515423]]]]}},{"type":"Feature","properties":{"layer":"depare","drval1":200,"drval2":300,"sys":"m","rank":1},"geometry":{"type":"Polygon","coordinates":[[[-55.803680419921875,73.13657685068719],[-55.798187255859375,73.13688808211735],[-55.79380989074707,73.13968891402257],[-55.79449653625488,73.14844948848169],[-55.798341806227164,73.15043991163012],[-55.79085532394277,73.15043991163012],[-55.79230785369873,73.15004184526383],[-55.792479515075684,73.14685698558313],[-55.787200927734375,73.14541365361023],[-55.781707763671875,73.1446172811451],[-55.770978927612305,73.14844948848169],[-55.770936012268066,73.14924568513655],[-55.773468017578125,73.15004184526383],[-55.773363111899286,73.15043991163012],[-55.72265625,73.15043991163012],[-55.72265625,73.12782273901144],[-55.73115348815918,73.12614114576725],[-55.73445796966553,73.12494524712693],[-55.78325271606445,73.12494524712693],[-55.781707763671875,73.12536880397317],[-55.776214599609375,73.12569269342033],[-55.76711654663086,73.1285326961938],[-55.759735107421875,73.13248052537351],[-55.751495361328125,73.1350455108248],[-55.747976303100586,73.13729889906526],[-55.74638843536377,73.14287508899754],[-55.754241943359375,73.14439329480636],[-55.765228271484375,73.14438085103613],[-55.770506858825684,73.14287508899754],[-55.77067852020264,73.14207860006724],[-55.77866077423096,73.14048551258128],[-55.783982276916504,73.13729889906526],[-55.78411102294922,73.13490855515423],[-55.786685943603516,73.13411170074261],[-55.78681468963623,73.12693836581248],[-55.791192054748535,73.12494524712693],[-55.80256462097168,73.12494524712693],[-55.7969856262207,73.12932980653294],[-55.79874515533447,73.13172091816261],[-55.810546875,73.13411170074261],[-55.810546875,73.13702004114634],[-55.803680419921875,73.13657685068719]]]}},{"type":"Feature","properties":{"layer":"depare","drval1":182.88,"drval2":365.76,"sys":"ft","rank":1},"geometry":{"type":"Polygon","coordinates":[[[-55.800933837890625,73.13707481829836],[-55.79509735107422,73.13968891402257],[-55.795183181762695,73.14685698558313],[-55.79784393310547,73.15004184526383],[-55.79954149772663,73.15043991163012],[-55.7906770622498,73.15043991163012],[-55.79213619232178,73.15004184526383],[-55.79226493835449,73.14685698558313],[-55.787200927734375,73.1454758686704],[-55.781707763671875,73.14466705549455],[-55.776729583740234,73.14606067933639],[-55.771193504333496,73.14844948848169],[-55.77115058898926,73.14924568513655],[-55.773682594299316,73.15004184526383],[-55.77367305741942,73.15043991163012],[-55.72265625,73.15043991163012],[-55.72265625,73.1250075355458],[-55.72291374206543,73.12494524712693],[-55.78303813934326,73.12494524712693],[-55.773468017578125,73.12726222600968],[-55.768446922302246,73.12932980653294],[-55.762481689453125,73.13325255112801],[-55.75179576873779,73.13650215431404],[-55.746474266052246,73.14048551258128],[-55.74656009674072,73.14287508899754],[-55.754241943359375,73.14433107586603],[-55.765228271484375,73.14431863205121],[-55.776214599609375,73.1411576141898],[-55.78376770019531,73.13729889906526],[-55.78389644622803,73.13490855515423],[-55.78651428222656,73.13411170074261],[-55.78664302825928,73.12693836581248],[-55.790977478027344,73.12494524712693],[-55.810546875,73.12494524712693],[-55.810546875,73.13749732415708],[-55.800933837890625,73.13707481829836]]]}},{"type":"Feature","properties":{"layer":"contours","depth_m":-365.76,"depth_abs_m":366,"sys":"ft","depth_ft":1200,"depth_fm":200},"geometry":{"type":"LineString","coordinates":[[-55.72265625,73.12499507787989],[-55.72282791137695,73.12494524712693]]}},{"type":"Feature","properties":{"layer":"contours","depth_m":-5.4864,"depth_abs_m":5,"sys":"ft","depth_ft":18,"depth_fm":3},"geometry":{"type":"LineString","coordinates":[[-55.80425267332436,73.15043991163012],[-55.80084800720215,73.15004184526383],[-55.80080509185791,73.14367154138809],[-55.80612659454346,73.14207860006724],[-55.80080509185791,73.13968891402257],[-55.809173583984375,73.14042327963489],[-55.810546875,73.13920220560534]]}},{"type":"Feature","properties":{"layer":"contours","depth_m":-91.44,"depth_abs_m":91,"sys":"ft","depth_ft":300,"depth_fm":50},"geometry":{"type":"LineString","coordinates":[[-55.8042501588287,73.15043991163012],[-55.80325126647949,73.15010404373548],[-55.80230712890625,73.14968108973187],[-55.80149173736572,73.14918348358829],[-55.8010196685791,73.14881026961683],[-55.80059051513672,73.14842460674762],[-55.80007553100586,73.14776522779654],[-55.799689292907715,73.14704361457517],[-55.799431800842285,73.14625975932304],[-55.79930305480957,73.14569984104068],[-55.79926013946533,73.14278797480053],[-55.79934597015381,73.1414189800117],[-55.799560546875,73.14044817284022],[-55.79986095428467,73.1399254080339],[-55.80003261566162,73.13977604376991],[-55.80033302307129,73.13961423103402],[-55.800719261169434,73.13947731138745],[-55.801191329956055,73.13936528541906],[-55.80179214477539,73.13927815361065],[-55.80252170562744,73.13920346885547],[-55.803937911987305,73.13912878377907],[-55.805912017822266,73.1391163362351],[-55.80681324005127,73.13909144112041],[-55.80784320831299,73.1390167555622],[-55.80874443054199,73.13891717431824],[-55.80934524536133,73.1388051447362],[-55.80986022949219,73.13868066657515],[-55.81033229827881,73.13851884363184],[-55.810546875,73.13842237074044]]}},{"type":"Feature","properties":{"layer":"contours","depth_m":-9.144,"depth_abs_m":9,"sys":"ft","depth_ft":30,"depth_fm":5},"geometry":{"type":"LineString","coordinates":[[-55.80419068422034,73.15043991163012],[-55.80080509185791,73.15004184526383],[-55.80076217651367,73.14367154138809],[-55.805954933166504,73.14207860006724],[-55.80076217651367,73.13968891402257],[-55.809173583984375,73.14038593976],[-55.810546875,73.13916442909657]]}},{"type":"Feature","properties":{"layer":"contours","depth_m":-3.6576,"depth_abs_m":4,"sys":"ft","depth_ft":12,"depth_fm":2},"geometry":{"type":"LineString","coordinates":[[-55.804305125548495,73.15043991163012],[-55.80089092254639,73.15004184526383],[-55.80084800720215,73.14367154138809],[-55.80625534057617,73.14207860006724],[-55.80084800720215,73.13968891402257],[-55.809173583984375,73.14044817284022],[-55.810546875,73.13923394544712]]}},{"type":"Feature","properties":{"layer":"contours","depth_m":-1.8288,"depth_abs_m":2,"sys":"ft","depth_ft":6,"depth_fm":1},"geometry":{"type":"LineString","coordinates":[[-55.804305125548495,73.15043991163012],[-55.80089092254639,73.15004184526383],[-55.80089092254639,73.14367154138809],[-55.80634117126465,73.14207860006724],[-55.80089092254639,73.13968891402257],[-55.809173583984375,73.14046061942949],[-55.810546875,73.13925934340998]]}},{"type":"Feature","properties":{"layer":"contours","depth_m":-30,"depth_abs_m":30,"sys":"m","depth_ft":98,"depth_fm":16},"geometry":{"type":"LineString","coordinates":[[-55.80375199266749,73.15043991163012],[-55.800461769104004,73.15004184526383],[-55.80029010772705,73.14367154138809],[-55.80483913421631,73.14207860006724],[-55.80033302307129,73.13968891402257],[-55.809173583984375,73.1401370052086],[-55.810546875,73.1388305105254]]}},{"type":"Feature","properties":{"layer":"contours","depth_m":-100,"depth_abs_m":100,"sys":"m","depth_ft":328,"depth_fm":55},"geometry":{"type":"LineString","coordinates":[[-55.80412733247209,73.15043991163012],[-55.803165435791016,73.15011648340307],[-55.802178382873535,73.14968108973187],[-55.80136299133301,73.14918348358829],[-55.800676345825195,73.14862365962126],[-55.799946784973145,73.14776522779654],[-55.799560546875,73.14705605643661],[-55.79926013946533,73.14625975932304],[-55.799174308776855,73.14569984104068],[-55.79908847808838,73.14301198185255],[-55.799174308776855,73.14159322170718],[-55.79938888549805,73.14054774530463],[-55.79973220825195,73.13991296106099],[-55.799946784973145,73.139751149601],[-55.80024719238281,73.13958933663314],[-55.800676345825195,73.13943996947829],[-55.801191329956055,73.13931549586779],[-55.80179214477539,73.13920346885547],[-55.8024787902832,73.1391163362351],[-55.803937911987305,73.1390167555622],[-55.80681324005127,73.13892962200495],[-55.80784320831299,73.13885493575077],[-55.80874443054199,73.13874290576722],[-55.80934524536133,73.13864332295284],[-55.80986022949219,73.13851884363184],[-55.81033229827881,73.13838191534815],[-55.810546875,73.13829546960923]]}},{"type":"Feature","properties":{"layer":"contours","depth_m":-5,"depth_abs_m":5,"sys":"m","depth_ft":16,"depth_fm":3},"geometry":{"type":"LineString","coordinates":[[-55.80425267332436,73.15043991163012],[-55.80084800720215,73.15004184526383],[-55.80084800720215,73.14367154138809],[-55.806169509887695,73.14207860006724],[-55.80084800720215,73.13968891402257],[-55.809173583984375,73.14042327963489],[-55.810546875,73.13922190034776]]}},{"type":"Feature","properties":{"layer":"contours","depth_m":-36.576,"depth_abs_m":37,"sys":"ft","depth_ft":120,"depth_fm":20},"geometry":{"type":"LineString","coordinates":[[-55.80482687458798,73.15043991163012],[-55.80423831939697,73.15029063781284],[-55.80329418182373,73.14999208632601],[-55.8024787902832,73.14964376976604],[-55.80179214477539,73.14927056569343],[-55.80123424530029,73.14884759137516],[-55.80080509185791,73.14838728407965],[-55.80050468444824,73.14788964083685],[-55.80033302307129,73.14734221678836],[-55.80024719238281,73.14675744930017],[-55.80029010772705,73.1458367116221],[-55.800418853759766,73.14517723434786],[-55.80059051513672,73.14459239391684],[-55.80106258392334,73.14375865115154],[-55.80136299133301,73.14345998728564],[-55.80174922943115,73.14314887362814],[-55.8021354675293,73.14294975796136],[-55.80277919769287,73.14270086016639],[-55.8030366897583,73.14253907468613],[-55.80329418182373,73.14231506153217],[-55.803422927856445,73.14206615463777],[-55.80338001251221,73.14175501600157],[-55.80312252044678,73.1414189800117],[-55.80277919769287,73.14114516810012],[-55.801963806152344,73.14063487074259],[-55.80174922943115,73.14046061942949],[-55.801663398742676,73.14024902619836],[-55.80179214477539,73.14008721787006],[-55.801920890808105,73.14001253659458],[-55.80222129821777,73.13993785499791],[-55.802950859069824,73.13986317308006],[-55.80380916595459,73.13985072606252],[-55.8056116104126,73.13990051407914],[-55.80659866333008,73.13990051407914],[-55.807671546936035,73.13983827903606],[-55.808401107788086,73.1397635966899],[-55.80913066864014,73.13960178383803],[-55.809645652770996,73.13942752215739],[-55.8099889755249,73.13922836380955],[-55.810418128967285,73.13887983120452],[-55.810546875,73.13880047651907]]}},{"type":"Feature","properties":{"layer":"contours","depth_m":-54.864,"depth_abs_m":55,"sys":"ft","depth_ft":180,"depth_fm":30},"geometry":{"type":"LineString","coordinates":[[-55.80456018659381,73.15043991163012],[-55.80402374267578,73.15030307734666],[-55.80307960510254,73.15000452607383],[-55.80222129821777,73.14965620976356],[-55.80153465270996,73.14927056569343],[-55.80097675323486,73.14884759137516],[-55.80050468444824,73.14838728407965],[-55.800204277038574,73.14788964083685],[-55.79998970031738,73.14734221678836],[-55.799946784973145,73.14675744930017],[-55.799946784973145,73.1458367116221],[-55.8001184463501,73.14472927323067],[-55.80033302307129,73.14420663731634],[-55.80054759979248,73.14375865115154],[-55.80089092254639,73.14337287602353],[-55.801148414611816,73.14314887362814],[-55.801963806152344,73.14270086016639],[-55.80226421356201,73.14247684909996],[-55.802435874938965,73.14231506153217],[-55.80252170562744,73.14206615463777],[-55.80252170562744,73.14175501600157],[-55.80230712890625,73.1414189800117],[-55.80200672149658,73.14114516810012],[-55.801405906677246,73.14070954934145],[-55.801191329956055,73.14044817284022],[-55.801148414611816,73.14023657945742],[-55.80136299133301,73.14006232414725],[-55.80162048339844,73.13996274889917],[-55.80187797546387,73.13990051407914],[-55.802693367004395,73.13980093790313],[-55.80355167388916,73.1397635966899],[-55.80522537231445,73.13977604376991],[-55.80625534057617,73.1397635966899],[-55.807199478149414,73.13971380828072],[-55.80827236175537,73.13960178383803],[-55.80913066864014,73.13942752215739],[-55.80986022949219,73.13921591633697],[-55.81033229827881,73.13900430793792],[-55.810546875,73.13886738186262]]}},{"type":"Feature","properties":{"layer":"contours","depth_m":-10,"depth_abs_m":10,"sys":"m","depth_ft":33,"depth_fm":5},"geometry":{"type":"LineString","coordinates":[[-55.80415730575599,73.15043991163012],[-55.80076217651367,73.15004184526383],[-55.800719261169434,73.14367154138809],[-55.805912017822266,73.14207860006724],[-55.800719261169434,73.13968891402257],[-55.809173583984375,73.14037349311718],[-55.810546875,73.13913802960472]]}},{"type":"Feature","properties":{"layer":"contours","depth_m":-50,"depth_abs_m":50,"sys":"m","depth_ft":164,"depth_fm":27},"geometry":{"type":"MultiLineString","coordinates":[[[-55.78389644622803,73.1444679572404],[-55.78956127166748,73.14639662548936],[-55.79089164733887,73.14690675351055],[-55.79200744628906,73.14741686653898],[-55.79282283782959,73.14793940580326],[-55.793166160583496,73.1482628746067],[-55.79329490661621,73.14849925184278],[-55.79338073730469,73.14895955616856],[-55.79325199127197,73.14924568513655],[-55.79308032989502,73.149457168733],[-55.79252243041992,73.14984280865639],[-55.79162120819092,73.15021600042267],[-55.79087733982451,73.15043991163012]],[[-55.77445292442152,73.15043991163012],[-55.774497985839844,73.1501786816072],[-55.77441215515137,73.14960644971995],[-55.77402591705322,73.14899687760584],[-55.773940086364746,73.14869830386029],[-55.773983001708984,73.14830019754223],[-55.77428340911865,73.14790208209182],[-55.77462673187256,73.1476034895108],[-55.775184631347656,73.1472800084176],[-55.77591419219971,73.14694407936248],[-55.776944160461426,73.1465583750218],[-55.77913284301758,73.14586159706639],[-55.78389644622803,73.1444679572404]]]}},{"type":"Feature","properties":{"layer":"contours","depth_m":-5,"depth_abs_m":5,"sys":"m","depth_ft":16,"depth_fm":3},"geometry":{"type":"MultiLineString","coordinates":[[[-55.78441143035889,73.1444679572404],[-55.79277992248535,73.14765325529771],[-55.79277992248535,73.15004184526383],[-55.79071041954832,73.15043991163012]],[[-55.77579083771833,73.15043991163012],[-55.77342510223389,73.14765325529771],[-55.78441143035889,73.1444679572404]]]}},{"type":"Feature","properties":{"layer":"contours","depth_m":-91.44,"depth_abs_m":91,"sys":"ft","depth_ft":300,"depth_fm":50},"geometry":{"type":"MultiLineString","coordinates":[[[-55.783424377441406,73.1444679572404],[-55.78677177429199,73.14516479113959],[-55.78835964202881,73.14556296938002],[-55.78964710235596,73.14597358112422],[-55.79024791717529,73.14623487444959],[-55.790719985961914,73.14649616384155],[-55.79132080078125,73.14686942757837],[-55.79183578491211,73.14729245010957],[-55.79226493835449,73.14775278644345],[-55.7926082611084,73.14823799260509],[-55.79277992248535,73.14858633738137],[-55.79282283782959,73.14902175851942],[-55.79273700714111,73.14941984828559],[-55.79252243041992,73.14969352970266],[-55.79209327697754,73.15002940554275],[-55.79136371612549,73.15040259329618],[-55.79124140664913,73.15043991163012]],[[-55.77389502494642,73.15043991163012],[-55.773940086364746,73.1501786816072],[-55.77385425567627,73.14960644971995],[-55.773468017578125,73.14899687760584],[-55.77338218688965,73.14869830386029],[-55.773468017578125,73.14830019754223],[-55.77376842498779,73.14790208209182],[-55.7741117477417,73.1476034895108],[-55.7746696472168,73.1472800084176],[-55.775442123413086,73.14694407936248],[-55.776429176330566,73.1465583750218],[-55.77861785888672,73.14586159706639],[-55.783424377441406,73.1444679572404]]]}},{"type":"Feature","properties":{"layer":"contours","depth_m":-36.576,"depth_abs_m":37,"sys":"ft","depth_ft":120,"depth_fm":20},"geometry":{"type":"MultiLineString","coordinates":[[[-55.78402519226074,73.1444679572404],[-55.78951835632324,73.14639662548936],[-55.79076290130615,73.14690675351055],[-55.79183578491211,73.14741686653898],[-55.79265117645264,73.14793940580326],[-55.792951583862305,73.1482628746067],[-55.79312324523926,73.14849925184278],[-55.793209075927734,73.14895955616856],[-55.79312324523926,73.14917104325188],[-55.792908668518066,73.149457168733],[-55.79230785369873,73.14984280865639],[-55.791449546813965,73.15021600042267],[-55.79070567844756,73.15043991163012]],[[-55.77464497043355,73.15043991163012],[-55.774712562561035,73.1501786816072],[-55.77458381652832,73.14960644971995],[-55.774197578430176,73.14899687760584],[-55.7741117477417,73.14869830386029],[-55.77415466308594,73.14830019754223],[-55.774455070495605,73.14790208209182],[-55.77479839324951,73.1476034895108],[-55.77535629272461,73.1472800084176],[-55.77608585357666,73.14694407936248],[-55.77707290649414,73.1465583750218],[-55.77926158905029,73.14586159706639],[-55.78402519226074,73.1444679572404]]]}},{"type":"Feature","properties":{"layer":"contours","depth_m":-54.864,"depth_abs_m":55,"sys":"ft","depth_ft":180,"depth_fm":30},"geometry":{"type":"MultiLineString","coordinates":[[[-55.78385353088379,73.1444679572404],[-55.78960418701172,73.14639662548936],[-55.790934562683105,73.14690675351055],[-55.7920503616333,73.14741686653898],[-55.79286575317383,73.14793940580326],[-55.793209075927734,73.1482628746067],[-55.79338073730469,73.14849925184278],[-55.793466567993164,73.14895955616856],[-55.79338073730469,73.14917104325188],[-55.79312324523926,73.149457168733],[-55.79256534576416,73.14984280865639],[-55.791707038879395,73.15021600042267],[-55.790934560191204,73.15043991163012]],[[-55.77438747836812,73.15043991163012],[-55.774455070495605,73.1501786816072],[-55.77436923980713,73.14960644971995],[-55.773940086364746,73.14899687760584],[-55.77385425567627,73.14869830386029],[-55.773940086364746,73.14830019754223],[-55.774240493774414,73.14790208209182],[-55.77458381652832,73.1476034895108],[-55.77509880065918,73.1472800084176],[-55.77587127685547,73.14694407936248],[-55.77685832977295,73.1465583750218],[-55.7790470123291,73.14586159706639],[-55.78385353088379,73.1444679572404]]]}},{"type":"Feature","properties":{"layer":"contours","depth_m":-30,"depth_abs_m":30,"sys":"m","depth_ft":98,"depth_fm":16},"geometry":{"type":"MultiLineString","coordinates":[[[-55.78411102294922,73.1444679572404],[-55.793166160583496,73.14765325529771],[-55.79308032989502,73.15004184526383],[-55.79101082695799,73.15043991163012]],[[-55.775447514964426,73.15043991163012],[-55.77308177947998,73.14765325529771],[-55.78411102294922,73.1444679572404]]]}},{"type":"Feature","properties":{"layer":"contours","depth_m":-1.8288,"depth_abs_m":2,"sys":"ft","depth_ft":6,"depth_fm":1},"geometry":{"type":"MultiLineString","coordinates":[[[-55.784454345703125,73.1444679572404],[-55.79273700714111,73.14765325529771],[-55.79273700714111,73.15004184526383],[-55.79066750420408,73.15043991163012]],[[-55.77582838907523,73.15043991163012],[-55.77342510223389,73.14765325529771],[-55.784454345703125,73.1444679572404]]]}},{"type":"Feature","properties":{"layer":"contours","depth_m":-20,"depth_abs_m":20,"sys":"m","depth_ft":66,"depth_fm":11},"geometry":{"type":"MultiLineString","coordinates":[[[-55.784239768981934,73.1444679572404],[-55.79299449920654,73.14765325529771],[-55.792951583862305,73.15004184526383],[-55.79088208092527,73.15043991163012]],[[-55.77557626099714,73.15043991163012],[-55.773210525512695,73.14765325529771],[-55.784239768981934,73.1444679572404]]]}},{"type":"Feature","properties":{"layer":"contours","depth_m":-2,"depth_abs_m":2,"sys":"m","depth_ft":7,"depth_fm":1},"geometry":{"type":"MultiLineString","coordinates":[[[-55.78441143035889,73.1444679572404],[-55.79273700714111,73.14765325529771],[-55.79273700714111,73.15004184526383],[-55.790677041083974,73.15043991163012]],[[-55.77582838907523,73.15043991163012],[-55.77342510223389,73.14765325529771],[-55.78441143035889,73.1444679572404]]]}},{"type":"Feature","properties":{"layer":"contours","depth_m":-18.288,"depth_abs_m":18,"sys":"ft","depth_ft":60,"depth_fm":10},"geometry":{"type":"MultiLineString","coordinates":[[[-55.784239768981934,73.1444679572404],[-55.792951583862305,73.14765325529771],[-55.792951583862305,73.15004184526383],[-55.79088208092527,73.15043991163012]],[[-55.77561917634138,73.15043991163012],[-55.773253440856934,73.14765325529771],[-55.784239768981934,73.1444679572404]]]}},{"type":"Feature","properties":{"layer":"contours","depth_m":-100,"depth_abs_m":100,"sys":"m","depth_ft":328,"depth_fm":55},"geometry":{"type":"MultiLineString","coordinates":[[[-55.78333854675293,73.1444679572404],[-55.78677177429199,73.14516479113959],[-55.78840255737305,73.14556296938002],[-55.789690017700195,73.14597358112422],[-55.79029083251953,73.14623487444959],[-55.79080581665039,73.14649616384155],[-55.79140663146973,73.14686942757837],[-55.791921615600586,73.14729245010957],[-55.79235076904297,73.14775278644345],[-55.79273700714111,73.14823799260509],[-55.792908668518066,73.14869830386029],[-55.792951583862305,73.14902175851942],[-55.79282283782959,73.14941984828559],[-55.79265117645264,73.14969352970266],[-55.792222023010254,73.15002940554275],[-55.791449546813965,73.15040259329618],[-55.791327237337605,73.15043991163012]],[[-55.77375861545773,73.15043991163012],[-55.77385425567627,73.15011648340307],[-55.77376842498779,73.14959400968675],[-55.77338218688965,73.14899687760584],[-55.77329635620117,73.14869830386029],[-55.77338218688965,73.14830019754223],[-55.77363967895508,73.14790208209182],[-55.77402591705322,73.1476034895108],[-55.77458381652832,73.1472800084176],[-55.77531337738037,73.14694407936248],[-55.77634334564209,73.1465583750218],[-55.77853202819824,73.14586159706639],[-55.78333854675293,73.1444679572404]]]}},{"type":"Feature","properties":{"layer":"contours","depth_m":-1.8288,"depth_abs_m":2,"sys":"ft","depth_ft":6,"depth_fm":1},"geometry":{"type":"LineString","coordinates":[[-55.806427001953125,73.13971380828072],[-55.80376625061035,73.14048551258128],[-55.806427001953125,73.14125718258586],[-55.8090877532959,73.14048551258128],[-55.806427001953125,73.13971380828072]]}},{"type":"Feature","properties":{"layer":"contours","depth_m":-5,"depth_abs_m":5,"sys":"m","depth_ft":16,"depth_fm":3},"geometry":{"type":"LineString","coordinates":[[-55.806427001953125,73.1397635966899],[-55.803937911987305,73.14048551258128],[-55.806427001953125,73.1412073984592],[-55.808916091918945,73.14048551258128],[-55.806427001953125,73.1397635966899]]}},{"type":"Feature","properties":{"layer":"contours","depth_m":-2,"depth_abs_m":2,"sys":"m","depth_ft":7,"depth_fm":1},"geometry":{"type":"LineString","coordinates":[[-55.804305125548495,73.15043991163012],[-55.80089092254639,73.15004184526383],[-55.80089092254639,73.14367154138809],[-55.80634117126465,73.14207860006724],[-55.80089092254639,73.13968891402257],[-55.809173583984375,73.14046061942949],[-55.810546875,73.13925934340998]]}},{"type":"Feature","properties":{"layer":"contours","depth_m":-18.288,"depth_abs_m":18,"sys":"ft","depth_ft":60,"depth_fm":10},"geometry":{"type":"LineString","coordinates":[[-55.80398087532381,73.15043991163012],[-55.80063343048096,73.15004184526383],[-55.80054759979248,73.14367154138809],[-55.80548286437988,73.14207860006724],[-55.80059051513672,73.13968891402257],[-55.809173583984375,73.14027391965351],[-55.810546875,73.13900653790083]]}},{"type":"Feature","properties":{"layer":"contours","depth_m":-20,"depth_abs_m":20,"sys":"m","depth_ft":66,"depth_fm":11},"geometry":{"type":"LineString","coordinates":[[-55.80396180156402,73.15043991163012],[-55.80063343048096,73.15004184526383],[-55.80050468444824,73.14367154138809],[-55.80535411834717,73.14207860006724],[-55.80054759979248,73.13968891402257],[-55.809173583984375,73.14024902619836],[-55.810546875,73.13899612791049]]}},{"type":"Feature","properties":{"layer":"contours","depth_m":-20,"depth_abs_m":20,"sys":"m","depth_ft":66,"depth_fm":11},"geometry":{"type":"LineString","coordinates":[[-55.806427001953125,73.13998764276472],[-55.804710388183594,73.14048551258128],[-55.806427001953125,73.14098336812272],[-55.808143615722656,73.14048551258128],[-55.806427001953125,73.13998764276472]]}},{"type":"Feature","properties":{"layer":"contours","depth_m":-50,"depth_abs_m":50,"sys":"m","depth_ft":164,"depth_fm":27},"geometry":{"type":"LineString","coordinates":[[-55.806427001953125,73.14042327963489],[-55.80625534057617,73.14048551258128],[-55.806427001953125,73.1405352987778],[-55.80659866333008,73.14048551258128],[-55.806427001953125,73.14042327963489]]}},{"type":"Feature","properties":{"layer":"contours","depth_m":-36.576,"depth_abs_m":37,"sys":"ft","depth_ft":120,"depth_fm":20},"geometry":{"type":"LineString","coordinates":[[-55.806427001953125,73.14022413270754],[-55.80586910247803,73.14039838639387],[-55.80574035644531,73.14048551258128],[-55.80582618713379,73.14056019182253],[-55.80599784851074,73.1406224242782],[-55.806212425231934,73.14065976364455],[-55.806427001953125,73.14068465651084],[-55.806684494018555,73.14065976364455],[-55.806899070739746,73.14060997780491],[-55.80702781677246,73.14054774530463],[-55.80711364746094,73.14048551258128],[-55.806941986083984,73.14038593976],[-55.806427001953125,73.14022413270754]]}},{"type":"Feature","properties":{"layer":"contours","depth_m":-30,"depth_abs_m":30,"sys":"m","depth_ft":98,"depth_fm":16},"geometry":{"type":"LineString","coordinates":[[-55.806427001953125,73.14012455838736],[-55.805182456970215,73.14048551258128],[-55.806427001953125,73.14084645927184],[-55.807671546936035,73.14048551258128],[-55.806427001953125,73.14012455838736]]}},{"type":"Feature","properties":{"layer":"contours","depth_m":-18.288,"depth_abs_m":18,"sys":"ft","depth_ft":60,"depth_fm":10},"geometry":{"type":"LineString","coordinates":[[-55.806427001953125,73.13996274889917],[-55.80462455749512,73.14048551258128],[-55.806427001953125,73.14100826052507],[-55.80822944641113,73.14048551258128],[-55.806427001953125,73.13996274889917]]}},{"type":"Feature","properties":{"layer":"contours","depth_m":-10,"depth_abs_m":10,"sys":"m","depth_ft":33,"depth_fm":5},"geometry":{"type":"LineString","coordinates":[[-55.806427001953125,73.13983827903606],[-55.804195404052734,73.14048551258128],[-55.806427001953125,73.14113272200154],[-55.808658599853516,73.14048551258128],[-55.806427001953125,73.13983827903606]]}},{"type":"Feature","properties":{"layer":"contours","depth_m":-9.144,"depth_abs_m":9,"sys":"ft","depth_ft":30,"depth_fm":5},"geometry":{"type":"LineString","coordinates":[[-55.806427001953125,73.13982583200067],[-55.804152488708496,73.14048551258128],[-55.806427001953125,73.14114516810012],[-55.808701515197754,73.14048551258128],[-55.806427001953125,73.13982583200067]]}},{"type":"Feature","properties":{"layer":"contours","depth_m":-2,"depth_abs_m":2,"sys":"m","depth_ft":7,"depth_fm":1},"geometry":{"type":"LineString","coordinates":[[-55.806427001953125,73.13971380828072],[-55.80376625061035,73.14048551258128],[-55.806427001953125,73.14125718258586],[-55.8090877532959,73.14048551258128],[-55.806427001953125,73.13971380828072]]}},{"type":"Feature","properties":{"layer":"contours","depth_m":-5.4864,"depth_abs_m":5,"sys":"ft","depth_ft":18,"depth_fm":3},"geometry":{"type":"LineString","coordinates":[[-55.806427001953125,73.1397635966899],[-55.803937911987305,73.14048551258128],[-55.806427001953125,73.1412073984592],[-55.808916091918945,73.14048551258128],[-55.806427001953125,73.1397635966899]]}},{"type":"Feature","properties":{"layer":"contours","depth_m":-3.6576,"depth_abs_m":4,"sys":"ft","depth_ft":12,"depth_fm":2},"geometry":{"type":"LineString","coordinates":[[-55.806427001953125,73.13973870250315],[-55.80385208129883,73.14048551258128],[-55.806427001953125,73.14123229054037],[-55.80900192260742,73.14048551258128],[-55.806427001953125,73.13973870250315]]}},{"type":"Feature","properties":{"layer":"contours","depth_m":-50,"depth_abs_m":50,"sys":"m","depth_ft":164,"depth_fm":27},"geometry":{"type":"LineString","coordinates":[[-55.8046286466851,73.15043991163012],[-55.80406665802002,73.15030307734666],[-55.80312252044678,73.15000452607383],[-55.80230712890625,73.14965620976356],[-55.80162048339844,73.14927056569343],[-55.80106258392334,73.14884759137516],[-55.80059051513672,73.14838728407965],[-55.80029010772705,73.14788964083685],[-55.80007553100586,73.14734221678836],[-55.80003261566162,73.14675744930017],[-55.80003261566162,73.1458367116221],[-55.80024719238281,73.14472927323067],[-55.800461769104004,73.14420663731634],[-55.800719261169434,73.14375865115154],[-55.8010196685791,73.14337287602353],[-55.80132007598877,73.14314887362814],[-55.8024787902832,73.14253907468613],[-55.802693367004395,73.14231506153217],[-55.80282211303711,73.14206615463777],[-55.80277919769287,73.14175501600157],[-55.80256462097168,73.1414189800117],[-55.80226421356201,73.14114516810012],[-55.80162048339844,73.14070954934145],[-55.80136299133301,73.14044817284022],[-55.80132007598877,73.14023657945742],[-55.801448822021484,73.14006232414725],[-55.80162048339844,73.14000008968412],[-55.801963806152344,73.13991296106099],[-55.80273628234863,73.13981338495635],[-55.80363750457764,73.13978849084098],[-55.80526828765869,73.13981338495635],[-55.80629825592041,73.13980093790313],[-55.80724239349365,73.139751149601],[-55.80827236175537,73.13963912539923],[-55.80913066864014,73.13947731138745],[-55.80986022949219,73.13926570617376],[-55.81033229827881,73.13904165078397],[-55.810546875,73.13890472500312]]}},{"type":"Feature","properties":{"layer":"contours","depth_m":-182.88,"depth_abs_m":183,"sys":"ft","depth_ft":600,"depth_fm":100},"geometry":{"type":"MultiLineString","coordinates":[[[-55.80055986553852,73.15043991163012],[-55.79977512359619,73.15019112122128],[-55.798659324645996,73.14970596966452],[-55.797457695007324,73.14899687760584],[-55.79677104949951,73.14864854106995],[-55.79612731933594,73.14842460674762],[-55.795955657958984,73.14838728407965],[-55.795698165893555,73.14838728407965],[-55.79548358917236,73.14846192933533],[-55.79535484313965,73.14858633738137],[-55.795183181762695,73.1491088414361],[-55.794925689697266,73.14939496794274],[-55.79458236694336,73.14965620976356],[-55.79398155212402,73.14997964656924],[-55.79333782196045,73.15021600042267],[-55.79256534437975,73.15043991163012]],[[-55.77296083388784,73.15043991163012],[-55.77312469482422,73.15025331915788],[-55.7735538482666,73.14954424946478],[-55.77376842498779,73.14897199665657],[-55.773940086364746,73.14793940580326],[-55.77428340911865,73.14726756671668],[-55.77458381652832,73.14690675351055],[-55.7750129699707,73.1465583750218],[-55.77552795410156,73.14622243199948],[-55.7761287689209,73.14592381052104],[-55.77681541442871,73.14565006965259],[-55.777587890625,73.14538876752371],[-55.778446197509766,73.1451523479224],[-55.77939033508301,73.14494081186545],[-55.78037738800049,73.1447666037653],[-55.78136444091797,73.14464216833767],[-55.78235149383545,73.14455506300757],[-55.78333854675293,73.14451773201802],[-55.783982276916504,73.14451773201802],[-55.784969329833984,73.14455506300757],[-55.7859992980957,73.14464216833767],[-55.786986351013184,73.1447666037653],[-55.787973403930664,73.14494081186545],[-55.78866004943848,73.14507768843195],[-55.79063415527344,73.14557541230286],[-55.79153537750244,73.14571228386542],[-55.79209327697754,73.14574961228607],[-55.7926082611084,73.1457371694881],[-55.79308032989502,73.14568739820704],[-55.7935094833374,73.14558785521679],[-55.79415321350098,73.14535143832705],[-55.79449653625488,73.14512746146126],[-55.794968605041504,73.1447168297013],[-55.79535484313965,73.14420663731634],[-55.79574108123779,73.14336043152184],[-55.79634189605713,73.14085890557564],[-55.79689979553223,73.13946486409333],[-55.79724311828613,73.13884248801051],[-55.79762935638428,73.13833212297729],[-55.797972679138184,73.13803336575407],[-55.798401832580566,73.13774705192554],[-55.798916816711426,73.13757277163185],[-55.79973220825195,73.13743583588844],[-55.800719261169434,73.1373237967498],[-55.80200672149658,73.13726155247156],[-55.803165435791016,73.13723665469782],[-55.80483913421631,73.13722420579755],[-55.80921649932861,73.13731134791199],[-55.810546875,73.13732269832293]]]}},{"type":"Feature","properties":{"layer":"contours","depth_m":-200,"depth_abs_m":200,"sys":"m","depth_ft":656,"depth_fm":109},"geometry":{"type":"MultiLineString","coordinates":[[[-55.798401832580566,73.15043991163012],[-55.79762935638428,73.15025331915788],[-55.79707145690918,73.15015380235229],[-55.79604148864746,73.15001696581275],[-55.794968605041504,73.14996720680357],[-55.79389572143555,73.15000452607383],[-55.79282283782959,73.15011648340307],[-55.79200744628906,73.15025331915788],[-55.7914924621582,73.15036527488199],[-55.79121720975014,73.15043991163012]],[[-55.77195695864646,73.15043991163012],[-55.772695541381836,73.14888491305322],[-55.77338218688965,73.14791452333789],[-55.77385425567627,73.14739198332445],[-55.774455070495605,73.14690675351055],[-55.77509880065918,73.14645883702637],[-55.77604293823242,73.14594869584047],[-55.77681541442871,73.14561274101787],[-55.777716636657715,73.14531410905012],[-55.77831745147705,73.1451399046963],[-55.77930450439453,73.14491592510105],[-55.78029155731201,73.14474171675114],[-55.78127861022949,73.14460483753543],[-55.782222747802734,73.14451773201802],[-55.783209800720215,73.14448040094818],[-55.78415393829346,73.14449284464705],[-55.78479766845703,73.14451773201802],[-55.785698890686035,73.14460483753543],[-55.78664302825928,73.14472927323067],[-55.78724384307861,73.14484126459374],[-55.78814506530762,73.14505280186378],[-55.789947509765625,73.14555052644826],[-55.790719985961914,73.14568739820704],[-55.791449546813965,73.14572472668122],[-55.791921615600586,73.14569984104068],[-55.79230785369873,73.14561274101787],[-55.792694091796875,73.14548831165567],[-55.793209075927734,73.14521456391915],[-55.79363822937012,73.14482882114463],[-55.79402446746826,73.14434351967193],[-55.79449653625488,73.14329820887954],[-55.79501152038574,73.14097092190815],[-55.79556941986084,73.13947731138745],[-55.79599857330322,73.13879269696024],[-55.796470642089844,73.1382200896209],[-55.79702854156494,73.1377719489676],[-55.79762935638428,73.13744828463699],[-55.79827308654785,73.13723665469782],[-55.79926013946533,73.1370499202569],[-55.800676345825195,73.13690053125855],[-55.80209255218506,73.13681338708277],[-55.80372333526611,73.13678848866651],[-55.805182456970215,73.13678848866651],[-55.80921649932861,73.13691298039082],[-55.810546875,73.13694121862599]]]}},{"type":"Feature","properties":{"layer":"contours","depth_m":-3.6576,"depth_abs_m":4,"sys":"ft","depth_ft":12,"depth_fm":2},"geometry":{"type":"MultiLineString","coordinates":[[[-55.78441143035889,73.1444679572404],[-55.79273700714111,73.14765325529771],[-55.79273700714111,73.15004184526383],[-55.790677041083974,73.15043991163012]],[[-55.77582838907523,73.15043991163012],[-55.77342510223389,73.14765325529771],[-55.78441143035889,73.1444679572404]]]}},{"type":"Feature","properties":{"layer":"contours","depth_m":-5.4864,"depth_abs_m":5,"sys":"ft","depth_ft":18,"depth_fm":3},"geometry":{"type":"MultiLineString","coordinates":[[[-55.78441143035889,73.1444679572404],[-55.79277992248535,73.14765325529771],[-55.79277992248535,73.15004184526383],[-55.79071041954832,73.15043991163012]],[[-55.77578547373099,73.15043991163012],[-55.77338218688965,73.14765325529771],[-55.78441143035889,73.1444679572404]]]}},{"type":"Feature","properties":{"layer":"contours","depth_m":-10,"depth_abs_m":10,"sys":"m","depth_ft":33,"depth_fm":5},"geometry":{"type":"MultiLineString","coordinates":[[[-55.78432559967041,73.1444679572404],[-55.79286575317383,73.14765325529771],[-55.79282283782959,73.15004184526383],[-55.79076287177245,73.15043991163012]],[[-55.77574255838675,73.15043991163012],[-55.77333927154541,73.14765325529771],[-55.78432559967041,73.1444679572404]]]}},{"type":"Feature","properties":{"layer":"contours","depth_m":-9.144,"depth_abs_m":9,"sys":"ft","depth_ft":30,"depth_fm":5},"geometry":{"type":"MultiLineString","coordinates":[[[-55.78436851501465,73.1444679572404],[-55.79282283782959,73.14765325529771],[-55.79282283782959,73.15004184526383],[-55.79075333489256,73.15043991163012]],[[-55.77574255838675,73.15043991163012],[-55.77333927154541,73.14765325529771],[-55.78436851501465,73.1444679572404]]]}},{"type":"Feature","properties":{"layer":"contours","depth_m":-10,"depth_abs_m":10,"sys":"m","depth_ft":33,"depth_fm":5},"geometry":{"type":"LineString","coordinates":[[-55.789732933044434,73.12494524712693],[-55.78728675842285,73.13411170074261],[-55.77908992767334,73.14048551258128],[-55.765228271484375,73.144505288337],[-55.748748779296875,73.14370887419737],[-55.74587345123291,73.14048551258128],[-55.754241943359375,73.13645235655346],[-55.770463943481445,73.13570537301086],[-55.77054977416992,73.13251788224834],[-55.78484058380127,73.12494524712693]]}},{"type":"Feature","properties":{"layer":"contours","depth_m":-5.4864,"depth_abs_m":5,"sys":"ft","depth_ft":18,"depth_fm":3},"geometry":{"type":"LineString","coordinates":[[-55.789690017700195,73.12494524712693],[-55.78724384307861,73.13411170074261],[-55.77900409698486,73.14048551258128],[-55.765228271484375,73.14449284464705],[-55.748748779296875,73.14369642993653],[-55.74591636657715,73.14048551258128],[-55.754241943359375,73.1364772554516],[-55.77059268951416,73.13570537301086],[-55.7706356048584,73.13251788224834],[-55.78488349914551,73.12494524712693]]}},{"type":"Feature","properties":{"layer":"contours","depth_m":-54.864,"depth_abs_m":55,"sys":"ft","depth_ft":180,"depth_fm":30},"geometry":{"type":"LineString","coordinates":[[-55.789690017700195,73.12494524712693],[-55.789690017700195,73.12566777906177],[-55.78960418701172,73.12678888983966],[-55.78934669494629,73.12814658272758],[-55.78900337219238,73.12941698825787],[-55.78861713409424,73.13064994009919],[-55.78810214996338,73.13183299344632],[-55.78750133514404,73.13295370651888],[-55.78702926635742,73.13373816265312],[-55.786471366882324,73.13451013251789],[-55.7856559753418,73.13546882152482],[-55.78479766845703,73.13636521012889],[-55.78406810760498,73.13700012406689],[-55.78329563140869,73.13759766892375],[-55.782179832458496,73.13835701918057],[-55.780978202819824,73.13909144112041],[-55.779690742492676,73.13978849084098],[-55.77827453613281,73.14046061942949],[-55.77677249908447,73.14108293751802],[-55.775184631347656,73.1416803418992],[-55.77351093292236,73.14224038983853],[-55.771751403808594,73.14276308494966],[-55.76990604400635,73.14321109680569],[-55.76853275299072,73.14350976495344],[-55.76664447784424,73.14382087214354],[-55.764713287353516,73.14405730987927],[-55.763254165649414,73.14419419341233],[-55.76179504394531,73.1442813005532],[-55.75977802276611,73.14431863205121],[-55.757761001586914,73.14429374439479],[-55.755743980407715,73.14419419341233],[-55.75389862060547,73.1440448658682],[-55.75192451477051,73.14380842796298],[-55.75085163116455,73.14363420849851],[-55.74995040893555,73.14343509839821],[-55.74939250946045,73.14329820887954],[-55.74862003326416,73.14306176080494],[-55.748019218444824,73.14280041971257],[-55.747504234313965,73.14252662958674],[-55.74711799621582,73.14222794452505],[-55.74681758880615,73.1419043632428],[-55.7466459274292,73.1415807759298],[-55.74656009674072,73.14113272200154],[-55.7466459274292,73.14078422761914],[-55.74681758880615,73.14043572624202],[-55.74711799621582,73.14007477101312],[-55.7475471496582,73.13971380828072],[-55.74806213378906,73.13934039066126],[-55.7486629486084,73.13895451735164],[-55.75020790100098,73.13818274500815],[-55.751709938049316,73.13758522028226],[-55.75338363647461,73.1370872673057],[-55.755228996276855,73.13668889464455],[-55.756773948669434,73.13641500813932],[-55.75887680053711,73.1361660166593],[-55.76063632965088,73.13604151958067],[-55.76376914978027,73.13587967204434],[-55.76565742492676,73.13570537301086],[-55.7666015625,73.13556842254319],[-55.7671594619751,73.13545637135738],[-55.76784610748291,73.13528206807595],[-55.768446922302246,73.1350828621839],[-55.76891899108887,73.13487120342029],[-55.76934814453125,73.1345350342004],[-55.769476890563965,73.1343482707114],[-55.76956272125244,73.1339622864707],[-55.769734382629395,73.13361364817159],[-55.77037811279297,73.13291635058125],[-55.77136516571045,73.13209449962999],[-55.77252388000488,73.13130996926988],[-55.774197578430176,73.13031368918294],[-55.77651500701904,73.12900598486777],[-55.784239768981934,73.12494524712693]]}},{"type":"Feature","properties":{"layer":"contours","depth_m":-91.44,"depth_abs_m":91,"sys":"ft","depth_ft":300,"depth_fm":50},"geometry":{"type":"LineString","coordinates":[[-55.789947509765625,73.12494524712693],[-55.7900333404541,73.12566777906177],[-55.78999042510986,73.12678888983966],[-55.789732933044434,73.12814658272758],[-55.78938961029053,73.12941698825787],[-55.78900337219238,73.13064994009919],[-55.78848838806152,73.13183299344632],[-55.78788757324219,73.13295370651888],[-55.787415504455566,73.13373816265312],[-55.78685760498047,73.13451013251789],[-55.78604221343994,73.13546882152482],[-55.785183906555176,73.13636521012889],[-55.784454345703125,73.13700012406689],[-55.783681869506836,73.13759766892375],[-55.78256607055664,73.13836946726882],[-55.78136444091797,73.13910388868221],[-55.78003406524658,73.13980093790313],[-55.77861785888672,73.14047306600985],[-55.77711582183838,73.14110782977762],[-55.775485038757324,73.14171767899055],[-55.77376842498779,73.14229017100331],[-55.77192306518555,73.1428377543952],[-55.77003479003906,73.14329820887954],[-55.7686185836792,73.14359687552867],[-55.766730308532715,73.14392042526686],[-55.76527118682861,73.14411952980083],[-55.76329708099365,73.14430618822746],[-55.76179504394531,73.14439329480636],[-55.75977802276611,73.14444306979806],[-55.757761001586914,73.14441818232005],[-55.755743980407715,73.14431863205121],[-55.75389862060547,73.1441693055775],[-55.752267837524414,73.14398264567903],[-55.75115203857422,73.14380842796298],[-55.75016498565674,73.14360931986087],[-55.74930667877197,73.14339776500017],[-55.748534202575684,73.14316131828149],[-55.74784755706787,73.14288753384714],[-55.74733257293701,73.14260130004926],[-55.74690341949463,73.14229017100331],[-55.74656009674072,73.14195414537107],[-55.74634552001953,73.14161811323522],[-55.746259689331055,73.14126962859523],[-55.74630260467529,73.1409211369607],[-55.74643135070801,73.14056019182253],[-55.74668884277344,73.14018679240439],[-55.74707508087158,73.13981338495635],[-55.7475471496582,73.13942752215739],[-55.74814796447754,73.13902920317753],[-55.74887752532959,73.1386308750609],[-55.749735832214355,73.1382200896209],[-55.751237869262695,73.13759766892375],[-55.75291156768799,73.13707481829836],[-55.75467109680176,73.13663909741939],[-55.75655937194824,73.13630296241504],[-55.75857639312744,73.13606641906779],[-55.760250091552734,73.13594192127526],[-55.763211250305176,73.13581742259032],[-55.764970779418945,73.13566802299042],[-55.76587200164795,73.13553107222825],[-55.76664447784424,73.13538167016523],[-55.76707363128662,73.13526961777463],[-55.76767444610596,73.1350828621839],[-55.768232345581055,73.13478404906208],[-55.76853275299072,73.1345350342004],[-55.768961906433105,73.13361364817159],[-55.76964855194092,73.13291635058125],[-55.77067852020264,73.13209449962999],[-55.77188014984131,73.13130996926988],[-55.7735538482666,73.13031368918294],[-55.775957107543945,73.12900598486777],[-55.78376770019531,73.12494524712693]]}},{"type":"Feature","properties":{"layer":"contours","depth_m":-2,"depth_abs_m":2,"sys":"m","depth_ft":7,"depth_fm":1},"geometry":{"type":"LineString","coordinates":[[-55.78964710235596,73.12494524712693],[-55.787200927734375,73.13411170074261],[-55.77900409698486,73.14048551258128],[-55.765228271484375,73.14448040094818],[-55.748748779296875,73.14368398566677],[-55.74595928192139,73.14048551258128],[-55.754241943359375,73.13648970488728],[-55.77067852020264,73.13570537301086],[-55.77067852020264,73.13251788224834],[-55.784926414489746,73.12494524712693]]}},{"type":"Feature","properties":{"layer":"contours","depth_m":-5,"depth_abs_m":5,"sys":"m","depth_ft":16,"depth_fm":3},"geometry":{"type":"LineString","coordinates":[[-55.789690017700195,73.12494524712693],[-55.78724384307861,73.13411170074261],[-55.77900409698486,73.14048551258128],[-55.765228271484375,73.14448040094818],[-55.748748779296875,73.14368398566677],[-55.74595928192139,73.14048551258128],[-55.754241943359375,73.1364772554516],[-55.77059268951416,73.13570537301086],[-55.7706356048584,73.13251788224834],[-55.78488349914551,73.12494524712693]]}},{"type":"Feature","properties":{"layer":"contours","depth_m":-50,"depth_abs_m":50,"sys":"m","depth_ft":164,"depth_fm":27},"geometry":{"type":"LineString","coordinates":[[-55.78964710235596,73.12494524712693],[-55.78964710235596,73.12566777906177],[-55.78956127166748,73.12678888983966],[-55.788960456848145,73.12941698825787],[-55.788187980651855,73.1315465773953],[-55.78763008117676,73.1326797611109],[-55.786943435668945,73.13373816265312],[-55.786213874816895,73.13474669706041],[-55.78561305999756,73.13546882152482],[-55.784711837768555,73.13636521012889],[-55.78402519226074,73.13700012406689],[-55.78325271606445,73.13759766892375],[-55.78213691711426,73.13835701918057],[-55.780935287475586,73.13909144112041],[-55.77964782714844,73.13978849084098],[-55.778231620788574,73.14044817284022],[-55.776729583740234,73.14108293751802],[-55.77514171600342,73.14166789618425],[-55.773468017578125,73.14222794452505],[-55.771708488464355,73.14275064001085],[-55.76990604400635,73.14321109680569],[-55.768489837646484,73.14349732054988],[-55.76664447784424,73.14380842796298],[-55.764713287353516,73.1440448658682],[-55.763254165649414,73.14418174949938],[-55.76179504394531,73.14425641284326],[-55.75977802276611,73.14430618822746],[-55.757761001586914,73.1442688567027],[-55.755743980407715,73.1441693055775],[-55.75389862060547,73.14403242184821],[-55.75192451477051,73.1437959837735],[-55.75085163116455,73.14362176418415],[-55.74995040893555,73.14342265394113],[-55.74913501739502,73.14321109680569],[-55.7486629486084,73.14304931608022],[-55.748019218444824,73.14278797480053],[-55.747504234313965,73.14251418447842],[-55.74711799621582,73.14221549920262],[-55.74686050415039,73.1419043632428],[-55.74668884277344,73.1415807759298],[-55.74660301208496,73.14124473656757],[-55.7466459274292,73.14090869070152],[-55.74681758880615,73.14056019182253],[-55.74707508087158,73.14019923918103],[-55.74741840362549,73.13983827903606],[-55.74806213378906,73.13934039066126],[-55.74870586395264,73.1389669650116],[-55.750250816345215,73.1381951932213],[-55.751752853393555,73.1376101175563],[-55.75342655181885,73.13711216529362],[-55.755228996276855,73.13670134392854],[-55.75681686401367,73.13643990709102],[-55.75891971588135,73.13619091596792],[-55.76067924499512,73.1360539693287],[-55.76385498046875,73.13589212190837],[-55.765743255615234,73.13570537301086],[-55.76638698577881,73.13561822283819],[-55.767245292663574,73.13546882152482],[-55.767974853515625,73.13529451836835],[-55.76857566833496,73.1350828621839],[-55.76904773712158,73.13487120342029],[-55.76943397521973,73.1345350342004],[-55.76956272125244,73.1343482707114],[-55.76964855194092,73.1339622864707],[-55.76986312866211,73.13361364817159],[-55.770463943481445,73.13291635058125],[-55.771450996398926,73.13209449962999],[-55.77260971069336,73.13130996926988],[-55.77428340911865,73.13031368918294],[-55.77660083770752,73.12900598486777],[-55.78432559967041,73.12494524712693]]}},{"type":"Feature","properties":{"layer":"contours","depth_m":-1.8288,"depth_abs_m":2,"sys":"ft","depth_ft":6,"depth_fm":1},"geometry":{"type":"LineString","coordinates":[[-55.78964710235596,73.12494524712693],[-55.787200927734375,73.13411170074261],[-55.778961181640625,73.14048551258128],[-55.765228271484375,73.14448040094818],[-55.748748779296875,73.14368398566677],[-55.74595928192139,73.14048551258128],[-55.754241943359375,73.13648970488728],[-55.77067852020264,73.13570537301086],[-55.77067852020264,73.13251788224834],[-55.784926414489746,73.12494524712693]]}},{"type":"Feature","properties":{"layer":"contours","depth_m":-182.88,"depth_abs_m":183,"sys":"ft","depth_ft":600,"depth_fm":100},"geometry":{"type":"LineString","coordinates":[[-55.79123497009277,73.12494524712693],[-55.79132080078125,73.12576743628175],[-55.791192054748535,73.12680134621984],[-55.790934562683105,73.12808430555857],[-55.79054832458496,73.12959135039542],[-55.790162086486816,73.13067484731559],[-55.789690017700195,73.13172091816261],[-55.789175033569336,73.13272956968821],[-55.78853130340576,73.13368835696761],[-55.78784465789795,73.13462218980806],[-55.78702926635742,73.13551862210541],[-55.786170959472656,73.13637765964488],[-55.785226821899414,73.13719930797025],[-55.78415393829346,73.13798357238385],[-55.78329563140869,73.13855618752183],[-55.78200817108154,73.13929060103862],[-55.780978202819824,73.13982583200067],[-55.77951908111572,73.14052285224206],[-55.777931213378906,73.14118250634233],[-55.77617168426514,73.14181724417489],[-55.77436923980713,73.14242706847045],[-55.77239513397217,73.14299953709215],[-55.77042102813721,73.14350976495344],[-55.76840400695801,73.14392042526686],[-55.76690196990967,73.14418174949938],[-55.76539993286133,73.14439329480636],[-55.76338291168213,73.14460483753543],[-55.76132297515869,73.1447168297013],[-55.75982093811035,73.14475416026268],[-55.75827598571777,73.14474171675114],[-55.756216049194336,73.14465461192056],[-55.75432777404785,73.14451773201802],[-55.75261116027832,73.14433107586603],[-55.75140953063965,73.14415686164672],[-55.75033664703369,73.14395775754093],[-55.74969291687012,73.14380842796298],[-55.74879169464111,73.14357198683749],[-55.747976303100586,73.14329820887954],[-55.74728965759277,73.14299953709215],[-55.74668884277344,73.14267597019064],[-55.746216773986816,73.14232750678322],[-55.746002197265625,73.14205370919937],[-55.746002197265625,73.1419043632428],[-55.746216773986816,73.14135675041096],[-55.74681758880615,73.14069710293062],[-55.74784755706787,73.13991296106099],[-55.74930667877197,73.13902920317753],[-55.751237869262695,73.13798357238385],[-55.753984451293945,73.13667644535165],[-55.757460594177246,73.1350953126191],[-55.76454162597656,73.13210695220721],[-55.78209400177002,73.12494524712693]]}},{"type":"Feature","properties":{"layer":"contours","depth_m":-100,"depth_abs_m":100,"sys":"m","depth_ft":328,"depth_fm":55},"geometry":{"type":"LineString","coordinates":[[-55.78999042510986,73.12494524712693],[-55.79011917114258,73.12566777906177],[-55.79007625579834,73.12678888983966],[-55.78981876373291,73.12814658272758],[-55.789475440979004,73.12941698825787],[-55.78908920288086,73.13064994009919],[-55.78857421875,73.13183299344632],[-55.787973403930664,73.13295370651888],[-55.78750133514404,73.13373816265312],[-55.78677177429199,73.13474669706041],[-55.786170959472656,73.13546882152482],[-55.78526973724365,73.13636521012889],[-55.7845401763916,73.13700012406689],[-55.78376770019531,73.13759766892375],[-55.782694816589355,73.13836946726882],[-55.781450271606445,73.13910388868221],[-55.78011989593506,73.13980093790313],[-55.778703689575195,73.14047306600985],[-55.777201652526855,73.14112027589404],[-55.77552795410156,73.1417301246698],[-55.77381134033203,73.14230261627222],[-55.771965980529785,73.14285019927158],[-55.7700777053833,73.14332309796323],[-55.768189430236816,73.14370887419737],[-55.766730308532715,73.14394531345849],[-55.76479911804199,73.14420663731634],[-55.76329708099365,73.14433107586603],[-55.76132297515869,73.14444306979806],[-55.75977802276611,73.14448040094818],[-55.757761001586914,73.14444306979806],[-55.755743980407715,73.14434351967193],[-55.75389862060547,73.14419419341233],[-55.752267837524414,73.14400753378148],[-55.75115203857422,73.14383331631517],[-55.75016498565674,73.14363420849851],[-55.749263763427734,73.14342265394113],[-55.748491287231445,73.14317376292591],[-55.74784755706787,73.1429124235196],[-55.74728965759277,73.14262619013206],[-55.74681758880615,73.14230261627222],[-55.746517181396484,73.14196659088084],[-55.74630260467529,73.14163055898587],[-55.74617385864258,73.14128207459567],[-55.746216773986816,73.1409211369607],[-55.74634552001953,73.14056019182253],[-55.74660301208496,73.14018679240439],[-55.746989250183105,73.13980093790313],[-55.74746131896973,73.13941507482757],[-55.7481050491333,73.1390167555622],[-55.74883460998535,73.13861842716003],[-55.74965000152588,73.13820764142557],[-55.75119495391846,73.13757277163185],[-55.75286865234375,73.13703747122278],[-55.75389862060547,73.136776039445],[-55.755014419555664,73.13653950254077],[-55.75690269470215,73.13621581524086],[-55.758490562438965,73.13604151958067],[-55.76016426086426,73.13592947144691],[-55.76308250427246,73.13580497267274],[-55.76479911804199,73.13565557296573],[-55.765700340270996,73.13553107222825],[-55.766472816467285,73.13538167016523],[-55.76711654663086,73.13520736613417],[-55.767459869384766,73.1350704117398],[-55.7680606842041,73.13478404906208],[-55.76836109161377,73.1345350342004],[-55.76879024505615,73.13361364817159],[-55.769476890563965,73.13291635058125],[-55.770506858825684,73.13209449962999],[-55.771708488464355,73.13130996926988],[-55.77342510223389,73.13031368918294],[-55.77578544616699,73.12900598486777],[-55.783681869506836,73.12494524712693]]}},{"type":"Feature","properties":{"layer":"contours","depth_m":-30,"depth_abs_m":30,"sys":"m","depth_ft":98,"depth_fm":16},"geometry":{"type":"LineString","coordinates":[[-55.789947509765625,73.12494524712693],[-55.78750133514404,73.13411170074261],[-55.77930450439453,73.14048551258128],[-55.765228271484375,73.14456750665292],[-55.748748779296875,73.14377109536778],[-55.74565887451172,73.14048551258128],[-55.754241943359375,73.13636521012889],[-55.769991874694824,73.13570537301086],[-55.77016353607178,73.13251788224834],[-55.78458309173584,73.12494524712693]]}},{"type":"Feature","properties":{"layer":"contours","depth_m":-9.144,"depth_abs_m":9,"sys":"ft","depth_ft":30,"depth_fm":5},"geometry":{"type":"LineString","coordinates":[[-55.789732933044434,73.12494524712693],[-55.78728675842285,73.13411170074261],[-55.7790470123291,73.14048551258128],[-55.765228271484375,73.144505288337],[-55.748748779296875,73.14370887419737],[-55.74587345123291,73.14048551258128],[-55.754241943359375,73.13646480600698],[-55.770506858825684,73.13570537301086],[-55.77054977416992,73.13251788224834],[-55.78484058380127,73.12494524712693]]}},{"type":"Feature","properties":{"layer":"contours","depth_m":-36.576,"depth_abs_m":37,"sys":"ft","depth_ft":120,"depth_fm":20},"geometry":{"type":"LineString","coordinates":[[-55.78951835632324,73.12494524712693],[-55.78956127166748,73.12566777906177],[-55.789432525634766,73.12678888983966],[-55.789175033569336,73.12814658272758],[-55.78874588012695,73.12972834799031],[-55.78788757324219,73.13183299344632],[-55.787458419799805,73.1326797611109],[-55.78681468963623,73.13373816265312],[-55.78625679016113,73.13451013251789],[-55.785484313964844,73.13546882152482],[-55.78479766845703,73.13614111731496],[-55.78385353088379,73.13700012406689],[-55.7830810546875,73.13759766892375],[-55.781965255737305,73.13835701918057],[-55.78076362609863,73.13909144112041],[-55.779476165771484,73.13978849084098],[-55.77810287475586,73.14044817284022],[-55.77664375305176,73.14107049137483],[-55.77505588531494,73.14165545046038],[-55.77338218688965,73.14221549920262],[-55.77162265777588,73.14272575010646],[-55.76982021331787,73.14317376292591],[-55.768446922302246,73.14345998728564],[-55.7666015625,73.14377109536778],[-55.76518535614014,73.14395775754093],[-55.763254165649414,73.14413197375838],[-55.76128005981445,73.14423152509765],[-55.75977802276611,73.14425641284326],[-55.757761001586914,73.14423152509765],[-55.755743980407715,73.14413197375838],[-55.753469467163086,73.14394531345849],[-55.75192451477051,73.14374620692638],[-55.75089454650879,73.14357198683749],[-55.74995040893555,73.1433853205163],[-55.74939250946045,73.14324843060514],[-55.74870586395264,73.14301198185255],[-55.74806213378906,73.14276308494966],[-55.74759006500244,73.14248929423503],[-55.7472038269043,73.14219060853104],[-55.74694633483887,73.14187947212515],[-55.746774673461914,73.14155588434821],[-55.746731758117676,73.14123229054037],[-55.746774673461914,73.14089624443342],[-55.74694633483887,73.14056019182253],[-55.7472038269043,73.14021168594874],[-55.7475471496582,73.13985072606252],[-55.748019218444824,73.13948975867267],[-55.74879169464111,73.13899186030473],[-55.75033664703369,73.1382200896209],[-55.75179576873779,73.13764746340044],[-55.753469467163086,73.13714951220857],[-55.75531482696533,73.13673869172692],[-55.75685977935791,73.1364772554516],[-55.759005546569824,73.13622826486395],[-55.76085090637207,73.13607886879797],[-55.76406955718994,73.13590457176349],[-55.766000747680664,73.13571782299984],[-55.766944885253906,73.13558087263034],[-55.767502784729004,73.13546882152482],[-55.76827526092529,73.13529451836835],[-55.76887607574463,73.1350953126191],[-55.76934814453125,73.13487120342029],[-55.769734382629395,73.1345350342004],[-55.76986312866211,73.1343482707114],[-55.769948959350586,73.1339622864707],[-55.77012062072754,73.13361364817159],[-55.770721435546875,73.13291635058125],[-55.771708488464355,73.13209449962999],[-55.77286720275879,73.13130996926988],[-55.774497985839844,73.13031368918294],[-55.77681541442871,73.12900598486777],[-55.78449726104736,73.12494524712693]]}},{"type":"Feature","properties":{"layer":"contours","depth_m":-3.6576,"depth_abs_m":4,"sys":"ft","depth_ft":12,"depth_fm":2},"geometry":{"type":"LineString","coordinates":[[-55.789690017700195,73.12494524712693],[-55.78724384307861,73.13411170074261],[-55.77900409698486,73.14048551258128],[-55.765228271484375,73.14448040094818],[-55.748748779296875,73.14368398566677],[-55.74595928192139,73.14048551258128],[-55.754241943359375,73.13648970488728],[-55.7706356048584,73.13570537301086],[-55.7706356048584,73.13251788224834],[-55.784926414489746,73.12494524712693]]}},{"type":"Feature","properties":{"layer":"contours","depth_m":-20,"depth_abs_m":20,"sys":"m","depth_ft":66,"depth_fm":11},"geometry":{"type":"LineString","coordinates":[[-55.78986167907715,73.12494524712693],[-55.787415504455566,73.13411170074261],[-55.779175758361816,73.14048551258128],[-55.765228271484375,73.1445426193533],[-55.748748779296875,73.14374620692638],[-55.745744705200195,73.14048551258128],[-55.754241943359375,73.13641500813932],[-55.770206451416016,73.13570537301086],[-55.77033519744873,73.13251788224834],[-55.784711837768555,73.12494524712693]]}},{"type":"Feature","properties":{"layer":"contours","depth_m":-200,"depth_abs_m":200,"sys":"m","depth_ft":656,"depth_fm":109},"geometry":{"type":"LineString","coordinates":[[-55.79136371612549,73.12494524712693],[-55.791449546813965,73.1257549791605],[-55.79140663146973,73.12661449957974],[-55.791192054748535,73.12784765028081],[-55.79089164733887,73.12906825873361],[-55.790462493896484,73.13040086597127],[-55.78999042510986,73.13145940635557],[-55.789475440979004,73.13248052537351],[-55.78887462615967,73.1334517780113],[-55.788187980651855,73.1343980745048],[-55.787415504455566,73.13530696865183],[-55.78660011291504,73.1361660166593],[-55.7856559753418,73.13700012406689],[-55.78462600708008,73.13779684597394],[-55.78376770019531,73.13836946726882],[-55.78286647796631,73.13892962200495],[-55.78153610229492,73.13966401972876],[-55.78007698059082,73.14036104646544],[-55.778489112854004,73.14103315289174],[-55.77677249908447,73.1416803418992],[-55.77492713928223,73.14230261627222],[-55.772995948791504,73.14289997868784],[-55.770978927612305,73.14342265394113],[-55.769476890563965,73.14377109536778],[-55.767459869384766,73.14414441770701],[-55.76591491699219,73.14438085103613],[-55.76389789581299,73.14460483753543],[-55.76188087463379,73.14475416026268],[-55.76033592224121,73.14480393421967],[-55.75879096984863,73.14481637768661],[-55.757246017456055,73.1447666037653],[-55.755271911621094,73.14465461192056],[-55.75342655181885,73.14448040094818],[-55.75179576873779,73.1442688567027],[-55.7506799697876,73.14408219787467],[-55.74965000152588,73.14385820463168],[-55.748748779296875,73.14360931986087],[-55.74767589569092,73.14324843060514],[-55.746989250183105,73.14293731315637],[-55.74643135070801,73.14260130004926],[-55.745787620544434,73.14211593630213],[-55.74544429779053,73.14174257034016],[-55.74514389038086,73.14123229054037],[-55.745015144348145,73.14070954934145],[-55.74505805969238,73.14029881307296],[-55.7451868057251,73.13988806708836],[-55.745530128479004,73.139327943269],[-55.74604511260986,73.13875535357884],[-55.746731758117676,73.13817029678606],[-55.74789047241211,73.13738604080494],[-55.74904918670654,73.13668889464455],[-55.75042247772217,73.13592947144691],[-55.752482414245605,73.13490855515423],[-55.75488567352295,73.13377551682352],[-55.7576322555542,73.13256769128978],[-55.760722160339355,73.13124770343815],[-55.763254165649414,73.13022651195719],[-55.76565742492676,73.12927998820803],[-55.767974853515625,73.12840814440015],[-55.77016353607178,73.127635903353],[-55.77183723449707,73.12708784049961],[-55.77359676361084,73.12655221691998],[-55.775442123413086,73.12602903376538],[-55.77767372131348,73.12544354822748],[-55.779733657836914,73.12494524712693]]}},{"type":"Feature","properties":{"layer":"contours","depth_m":-18.288,"depth_abs_m":18,"sys":"ft","depth_ft":60,"depth_fm":10},"geometry":{"type":"LineString","coordinates":[[-55.78981876373291,73.12494524712693],[-55.78737258911133,73.13411170074261],[-55.779175758361816,73.14048551258128],[-55.765228271484375,73.14453017569012],[-55.748748779296875,73.1437337626923],[-55.745787620544434,73.14048551258128],[-55.754241943359375,73.13642745761963],[-55.770249366760254,73.13570537301086],[-55.77037811279297,73.13251788224834],[-55.784711837768555,73.12494524712693]]}},{"type":"Feature","properties":{"layer":"contours","depth_m":-300,"depth_abs_m":300,"sys":"m","depth_ft":984,"depth_fm":164},"geometry":{"type":"MultiLineString","coordinates":[[[-55.72265625,73.12771063785743],[-55.72857856750488,73.12616605944723],[-55.73359966278076,73.12494524712693]],[[-55.801920890808105,73.12494524712693],[-55.801663398742676,73.12582972175406],[-55.80076217651367,73.12753625684711],[-55.80063343048096,73.12835832343274],[-55.80084800720215,73.12911807766558],[-55.80110549926758,73.12961625912938],[-55.80183506011963,73.13031368918294],[-55.8024787902832,73.13074956875059],[-55.803680419921875,73.13137223487847],[-55.80522537231445,73.13194506800704],[-55.8070707321167,73.13246807306406],[-55.80848693847656,73.13280428228641],[-55.81003189086914,73.13310312946606],[-55.810546875,73.13319278207766]]]}},{"type":"Feature","properties":{"layer":"depare","drval1":300,"drval2":500,"sys":"m","rank":1},"geometry":{"type":"Polygon","coordinates":[[[-55.79874515533447,73.13172091816261],[-55.7969856262207,73.12932980653294],[-55.80256462097168,73.12494524712693],[-55.810546875,73.12494524712693],[-55.810546875,73.13411170074261],[-55.79874515533447,73.13172091816261]]]}},{"type":"Feature","properties":{"layer":"depare","drval1":100,"drval2":200,"sys":"m","rank":1},"geometry":{"type":"Polygon","coordinates":[[[-55.7965350151062,73.13794622726247],[-55.798187255859375,73.13688808211735],[-55.803680419921875,73.13657685068719],[-55.810546875,73.13701948856378],[-55.810546875,73.13794622726247],[-55.7965350151062,73.13794622726247]]]}},{"type":"Feature","properties":{"layer":"depare","drval1":91.44,"drval2":182.88,"sys":"ft","rank":1},"geometry":{"type":"Polygon","coordinates":[[[-55.79899191856384,73.13794622726247],[-55.800933837890625,73.13707481829836],[-55.810546875,73.13749481385328],[-55.810546875,73.13794622726247],[-55.79899191856384,73.13794622726247]]]}},{"type":"Feature","properties":{"layer":"depare","drval1":36.576,"drval2":54.864,"sys":"ft","rank":1},"geometry":{"type":"MultiPolygon","coordinates":[[[[-55.78780174255371,73.12614114576725],[-55.7850980758667,73.12693836581248],[-55.78505516052246,73.13411170074261],[-55.78235149383545,73.13490855515423],[-55.78235149383545,73.13729889906526],[-55.78124642372131,73.13794622726247],[-55.780978202819824,73.13794622726247],[-55.78213691711426,73.13729889906526],[-55.78213691711426,73.13490855515423],[-55.78488349914551,73.13411170074261],[-55.78488349914551,73.12693836581248],[-55.78758716583252,73.12614114576725],[-55.78964708759097,73.12494524712693],[-55.78986167907715,73.12494524712693],[-55.78780174255371,73.12614114576725]]],[[[-55.765743255615234,73.13552795969836],[-55.767974853515625,73.13610376823154],[-55.771965980529785,73.13570537301086],[-55.772223472595215,73.13251788224834],[-55.773468017578125,73.13211940477551],[-55.77754497528076,73.13172091816261],[-55.777931213378906,73.1285326961938],[-55.78089237213135,73.12614114576725],[-55.78514099121094,73.12494524712693],[-55.78535556793213,73.12494524712693],[-55.781192779541016,73.12614114576725],[-55.77827453613281,73.1285326961938],[-55.77801704406738,73.13172091816261],[-55.773468017578125,73.13225638243773],[-55.7726526260376,73.13251788224834],[-55.772480964660645,73.13570537301086],[-55.767974853515625,73.1362407144781],[-55.765743255615234,73.13564312293214],[-55.765743255615234,73.13552795969836]]]]}},{"type":"Feature","properties":{"layer":"depare","drval1":30,"drval2":50,"sys":"m","rank":1},"geometry":{"type":"MultiPolygon","coordinates":[[[[-55.78775882720947,73.12614114576725],[-55.78505516052246,73.12693836581248],[-55.78501224517822,73.13411170074261],[-55.78230857849121,73.13490855515423],[-55.78226566314697,73.13729889906526],[-55.78116059303284,73.13794622726247],[-55.780946016311646,73.13794622726247],[-55.78205108642578,73.13729889906526],[-55.78205108642578,73.13490855515423],[-55.78479766845703,73.13411170074261],[-55.78479766845703,73.12693836581248],[-55.78754425048828,73.12614114576725],[-55.78956127166748,73.12494524712693],[-55.78977584838867,73.12494524712693],[-55.78775882720947,73.12614114576725]]],[[[-55.765743255615234,73.13555285992172],[-55.767974853515625,73.13614111731496],[-55.7720947265625,73.13570537301086],[-55.77235221862793,73.13251788224834],[-55.773468017578125,73.13215676242686],[-55.77767372131348,73.13172091816261],[-55.77801704406738,73.1285326961938],[-55.780978202819824,73.12614114576725],[-55.785226821899414,73.12494524712693],[-55.785441398620605,73.12494524712693],[-55.78127861022949,73.12614114576725],[-55.77840328216553,73.1285326961938],[-55.778188705444336,73.13172091816261],[-55.773468017578125,73.13230619222892],[-55.77278137207031,73.13251788224834],[-55.7726526260376,73.13570537301086],[-55.767974853515625,73.1362905128455],[-55.765743255615234,73.1356742479994],[-55.765743255615234,73.13555285992172]]]]}},{"type":"Feature","properties":{"layer":"depare","drval1":0,"drval2":2,"sys":"m","rank":1},"geometry":{"type":"MultiPolygon","coordinates":[[[[-55.78724384307861,73.12614114576725],[-55.78449726104736,73.12693836581248],[-55.78449726104736,73.13411170074261],[-55.78175067901611,73.13490855515423],[-55.78175067901611,73.13729889906526],[-55.78063488006592,73.13794622726247],[-55.780216455459595,73.13794622726247],[-55.781707763671875,73.13729889906526],[-55.781707763671875,73.13490855515423],[-55.784454345703125,73.13411170074261],[-55.784454345703125,73.12693836581248],[-55.78904628753662,73.12494524712693],[-55.78926086425781,73.12494524712693],[-55.78724384307861,73.12614114576725]]],[[[-55.765743255615234,73.1358423223987],[-55.767974853515625,73.13648970488728],[-55.77342510223389,73.13570537301086],[-55.77342510223389,73.13251788224834],[-55.77891826629639,73.13172091816261],[-55.77891826629639,73.1285326961938],[-55.78166484832764,73.12614114576725],[-55.78578469184455,73.12494524712693],[-55.78788752894724,73.12494524712693],[-55.781707763671875,73.12614114576725],[-55.778961181640625,73.1285326961938],[-55.778961181640625,73.13172091816261],[-55.773468017578125,73.13251788224834],[-55.773468017578125,73.13570537301086],[-55.767974853515625,73.13650215431404],[-55.765743255615234,73.13650215431404],[-55.765743255615234,73.1358423223987]]]]}},{"type":"Feature","properties":{"layer":"depare","drval1":54.864,"drval2":91.44,"sys":"ft","rank":1},"geometry":{"type":"MultiPolygon","coordinates":[[[[-55.788187980651855,73.12614114576725],[-55.78552722930908,73.12693836581248],[-55.785484313964844,73.13411170074261],[-55.78282356262207,73.13490855515423],[-55.782737731933594,73.13729889906526],[-55.78164339065552,73.13794622726247],[-55.78124642372131,73.13794622726247],[-55.78235149383545,73.13729889906526],[-55.78235149383545,73.13490855515423],[-55.78505516052246,73.13411170074261],[-55.7850980758667,73.12693836581248],[-55.78780174255371,73.12614114576725],[-55.78986167907715,73.12494524712693],[-55.79024791717529,73.12494524712693],[-55.788187980651855,73.12614114576725]]],[[[-55.765743255615234,73.13524160456403],[-55.770978927612305,73.13570537301086],[-55.77140808105469,73.13251788224834],[-55.773468017578125,73.13185789896676],[-55.77655792236328,73.13172091816261],[-55.77728748321533,73.1285326961938],[-55.78037738800049,73.12614114576725],[-55.784668922424316,73.12494524712693],[-55.78514099121094,73.12494524712693],[-55.78089237213135,73.12614114576725],[-55.777931213378906,73.1285326961938],[-55.77754497528076,73.13172091816261],[-55.773468017578125,73.13211940477551],[-55.772223472595215,73.13251788224834],[-55.771965980529785,73.13570537301086],[-55.767974853515625,73.13610376823154],[-55.765743255615234,73.13552795969836],[-55.765743255615234,73.13524160456403]]]]}},{"type":"Feature","properties":{"layer":"depare","drval1":9.144,"drval2":18.288,"sys":"ft","rank":1},"geometry":{"type":"MultiPolygon","coordinates":[[[[-55.787415504455566,73.12614114576725],[-55.784668922424316,73.12693836581248],[-55.784668922424316,73.13411170074261],[-55.781922340393066,73.13490855515423],[-55.781922340393066,73.13729889906526],[-55.78078508377075,73.13794622726247],[-55.780688524246216,73.13794622726247],[-55.78179359436035,73.13729889906526],[-55.78183650970459,73.13490855515423],[-55.7845401763916,73.13411170074261],[-55.78458309173584,73.12693836581248],[-55.78728675842285,73.12614114576725],[-55.7893466801813,73.12494524712693],[-55.789475440979004,73.12494524712693],[-55.787415504455566,73.12614114576725]]],[[[-55.78157901763916,73.12614114576725],[-55.77878952026367,73.1285326961938],[-55.778703689575195,73.13172091816261],[-55.773468017578125,73.1324556207457],[-55.773253440856934,73.13251788224834],[-55.773210525512695,73.13570537301086],[-55.767974853515625,73.13643990709102],[-55.765743255615234,73.13580186019195],[-55.765743255615234,73.13574894793321],[-55.767974853515625,73.13636521012889],[-55.772953033447266,73.13570537301086],[-55.77303886413574,73.13251788224834],[-55.773468017578125,73.13238090664798],[-55.778489112854004,73.13172091816261],[-55.77861785888672,73.1285326961938],[-55.781450271606445,73.12614114576725],[-55.78561305999756,73.12494524712693],[-55.785698890686035,73.12494524712693],[-55.78157901763916,73.12614114576725]]]]}},{"type":"Feature","properties":{"layer":"depare","drval1":0,"drval2":1.8288,"sys":"ft","rank":1},"geometry":{"type":"MultiPolygon","coordinates":[[[[-55.78175067901611,73.13490855515423],[-55.781707763671875,73.13729889906526],[-55.781707763671875,73.13490855515423],[-55.784454345703125,73.13411170074261],[-55.78175067901611,73.13490855515423]]],[[[-55.784454345703125,73.12693836581248],[-55.78904628753662,73.12494524712693],[-55.78926084949283,73.12494524712693],[-55.787200927734375,73.12614114576725],[-55.78449726104736,73.12693836581248],[-55.784454345703125,73.13411170074261],[-55.784454345703125,73.12693836581248]]],[[[-55.78059196472168,73.13794622726247],[-55.780216455459595,73.13794622726247],[-55.781707763671875,73.13729889906526],[-55.78059196472168,73.13794622726247]]],[[[-55.765743255615234,73.1358423223987],[-55.767974853515625,73.13648970488728],[-55.77342510223389,73.13570537301086],[-55.77342510223389,73.13251788224834],[-55.77891826629639,73.13172091816261],[-55.77891826629639,73.1285326961938],[-55.78166484832764,73.12614114576725],[-55.78578472137451,73.12494524712693],[-55.78788752894724,73.12494524712693],[-55.781707763671875,73.12614114576725],[-55.778961181640625,73.1285326961938],[-55.778961181640625,73.13172091816261],[-55.773468017578125,73.13251788224834],[-55.773468017578125,73.13570537301086],[-55.767974853515625,73.13650215431404],[-55.765743255615234,73.13650215431404],[-55.765743255615234,73.1358423223987]]]]}},{"type":"Feature","properties":{"layer":"depare","drval1":5,"drval2":10,"sys":"m","rank":1},"geometry":{"type":"MultiPolygon","coordinates":[[[[-55.78732967376709,73.12614114576725],[-55.78458309173584,73.12693836581248],[-55.78458309173584,73.13411170074261],[-55.78183650970459,73.13490855515423],[-55.78183650970459,73.13729889906526],[-55.780709981918335,73.13794622726247],[-55.78063488006592,73.13794622726247],[-55.78175067901611,73.13729889906526],[-55.78175067901611,73.13490855515423],[-55.78449726104736,73.13411170074261],[-55.78449726104736,73.12693836581248],[-55.78724384307861,73.12614114576725],[-55.789303764837065,73.12494524712693],[-55.78934669494629,73.12494524712693],[-55.78732967376709,73.12614114576725]]],[[[-55.765743255615234,73.13578941026321],[-55.767974853515625,73.13642745761963],[-55.773210525512695,73.13570537301086],[-55.773253440856934,73.13251788224834],[-55.773468017578125,73.13244316841838],[-55.778703689575195,73.13172091816261],[-55.77878952026367,73.1285326961938],[-55.78157901763916,73.12614114576725],[-55.78569886115607,73.12494524712693],[-55.78578472137451,73.12494524712693],[-55.7816219329834,73.12614114576725],[-55.77887535095215,73.1285326961938],[-55.77883243560791,73.13172091816261],[-55.77333927154541,73.13251788224834],[-55.77333927154541,73.13570537301086],[-55.767974853515625,73.13646480600698],[-55.765743255615234,73.13582676002265],[-55.765743255615234,73.13578941026321]]]]}},{"type":"Feature","properties":{"layer":"depare","drval1":1.8288,"drval2":3.6576,"sys":"ft","rank":1},"geometry":{"type":"GeometryCollection","geometries":[{"type":"Polygon","coordinates":[[[-55.767974853515625,73.1364772554516],[-55.77338218688965,73.13570537301086],[-55.77338218688965,73.13251788224834],[-55.773468017578125,73.13249297767405],[-55.77887535095215,73.13172091816261],[-55.77887535095215,73.1285326961938],[-55.78166484832764,73.12614114576725],[-55.77891826629639,73.1285326961938],[-55.77891826629639,73.13172091816261],[-55.77342510223389,73.13251788224834],[-55.77342510223389,73.13570537301086],[-55.767974853515625,73.13648970488728],[-55.765743255615234,73.1358423223987],[-55.765743255615234,73.13582987249897],[-55.767974853515625,73.1364772554516]]]},{"type":"Polygon","coordinates":[[[-55.78724384307861,73.12614114576725],[-55.78449726104736,73.12693836581248],[-55.787200927734375,73.12614114576725],[-55.78926084949283,73.12494524712693],[-55.789303764837065,73.12494524712693],[-55.78724384307861,73.12614114576725]]]},{"type":"Polygon","coordinates":[[[-55.78449726104736,73.13411170074261],[-55.78175067901611,73.13490855515423],[-55.784454345703125,73.13411170074261],[-55.78449726104736,73.12693836581248],[-55.78449726104736,73.13411170074261]]]},{"type":"Polygon","coordinates":[[[-55.78175067901611,73.13729889906526],[-55.78063488006592,73.13794622726247],[-55.78059196472168,73.13794622726247],[-55.781707763671875,73.13729889906526],[-55.78175067901611,73.13490855515423],[-55.78175067901611,73.13729889906526]]]},{"type":"Point","coordinates":[-55.78578472137451,73.12494524712693]}]}},{"type":"Feature","properties":{"layer":"depare","drval1":5.4864,"drval2":9.144,"sys":"ft","rank":1},"geometry":{"type":"MultiPolygon","coordinates":[[[[-55.78728675842285,73.12614114576725],[-55.78458309173584,73.12693836581248],[-55.7845401763916,73.13411170074261],[-55.78183650970459,73.13490855515423],[-55.78179359436035,73.13729889906526],[-55.780688524246216,73.13794622726247],[-55.78064560890198,73.13794622726247],[-55.78175067901611,73.13729889906526],[-55.78179359436035,73.13490855515423],[-55.78449726104736,73.13411170074261],[-55.7845401763916,73.12693836581248],[-55.78724384307861,73.12614114576725],[-55.789303764837065,73.12494524712693],[-55.7893466801813,73.12494524712693],[-55.78728675842285,73.12614114576725]]],[[[-55.765743255615234,73.13580186019195],[-55.767974853515625,73.13643990709102],[-55.773210525512695,73.13570537301086],[-55.773253440856934,73.13251788224834],[-55.773468017578125,73.1324556207457],[-55.778703689575195,73.13172091816261],[-55.77878952026367,73.1285326961938],[-55.78157901763916,73.12614114576725],[-55.785698890686035,73.12494524712693],[-55.78574180603027,73.12494524712693],[-55.7816219329834,73.12614114576725],[-55.77887535095215,73.1285326961938],[-55.77883243560791,73.13172091816261],[-55.773468017578125,73.13248052537351],[-55.77333927154541,73.13251788224834],[-55.77333927154541,73.13570537301086],[-55.767974853515625,73.13646480600698],[-55.765743255615234,73.13582676002265],[-55.765743255615234,73.13580186019195]]]]}},{"type":"Feature","properties":{"layer":"depare","drval1":50,"drval2":100,"sys":"m","rank":1},"geometry":{"type":"MultiPolygon","coordinates":[[[[-55.78831672668457,73.12614114576725],[-55.7856559753418,73.12693836581248],[-55.78557014465332,73.13411170074261],[-55.78290939331055,73.13490855515423],[-55.78282356262207,73.13729889906526],[-55.7816219329834,73.13794622726247],[-55.78116059303284,73.13794622726247],[-55.78226566314697,73.13729889906526],[-55.78230857849121,73.13490855515423],[-55.78501224517822,73.13411170074261],[-55.78505516052246,73.12693836581248],[-55.78775882720947,73.12614114576725],[-55.78977584838867,73.12494524712693],[-55.79033374786377,73.12494524712693],[-55.78831672668457,73.12614114576725]]],[[[-55.765743255615234,73.13519802836886],[-55.77076435089111,73.13570537301086],[-55.771193504333496,73.13251788224834],[-55.773468017578125,73.13179563509875],[-55.77634334564209,73.13172091816261],[-55.77711582183838,73.1285326961938],[-55.78024864196777,73.12614114576725],[-55.78458309173584,73.12494524712693],[-55.785226821899414,73.12494524712693],[-55.780978202819824,73.12614114576725],[-55.77801704406738,73.1285326961938],[-55.77767372131348,73.13172091816261],[-55.773468017578125,73.13215676242686],[-55.77235221862793,73.13251788224834],[-55.7720947265625,73.13570537301086],[-55.767974853515625,73.13614111731496],[-55.765743255615234,73.13555285992172],[-55.765743255615234,73.13519802836886]]]]}},{"type":"Feature","properties":{"layer":"depare","drval1":18.288,"drval2":36.576,"sys":"ft","rank":1},"geometry":{"type":"MultiPolygon","coordinates":[[[[-55.78758716583252,73.12614114576725],[-55.78488349914551,73.12693836581248],[-55.78488349914551,73.13411170074261],[-55.78213691711426,73.13490855515423],[-55.78213691711426,73.13729889906526],[-55.780978202819824,73.13794622726247],[-55.78078508377075,73.13794622726247],[-55.781922340393066,73.13729889906526],[-55.781922340393066,73.13490855515423],[-55.784668922424316,73.13411170074261],[-55.784668922424316,73.12693836581248],[-55.787415504455566,73.12614114576725],[-55.789475440979004,73.12494524712693],[-55.78964708759097,73.12494524712693],[-55.78758716583252,73.12614114576725]]],[[[-55.765743255615234,73.13564312293214],[-55.767974853515625,73.1362407144781],[-55.772480964660645,73.13570537301086],[-55.7726526260376,73.13251788224834],[-55.773468017578125,73.13225638243773],[-55.77801704406738,73.13172091816261],[-55.77827453613281,73.1285326961938],[-55.781192779541016,73.12614114576725],[-55.78535556793213,73.12494524712693],[-55.78561305999756,73.12494524712693],[-55.781450271606445,73.12614114576725],[-55.77861785888672,73.1285326961938],[-55.778489112854004,73.13172091816261],[-55.773468017578125,73.13238090664798],[-55.77303886413574,73.13251788224834],[-55.772953033447266,73.13570537301086],[-55.767974853515625,73.13636521012889],[-55.765743255615234,73.13574894793321],[-55.765743255615234,73.13564312293214]]]]}},{"type":"Feature","properties":{"layer":"depare","drval1":10,"drval2":20,"sys":"m","rank":1},"geometry":{"type":"MultiPolygon","coordinates":[[[[-55.787415504455566,73.12614114576725],[-55.784711837768555,73.12693836581248],[-55.784668922424316,73.13411170074261],[-55.781965255737305,73.13490855515423],[-55.781922340393066,73.13729889906526],[-55.78078508377075,73.13794622726247],[-55.780709981918335,73.13794622726247],[-55.78183650970459,73.13729889906526],[-55.78183650970459,73.13490855515423],[-55.78458309173584,73.13411170074261],[-55.78458309173584,73.12693836581248],[-55.78732967376709,73.12614114576725],[-55.78934669494629,73.12494524712693],[-55.78947542621402,73.12494524712693],[-55.787415504455566,73.12614114576725]]],[[[-55.765743255615234,73.13573649796656],[-55.767974853515625,73.13635276060396],[-55.77291011810303,73.13570537301086],[-55.772995948791504,73.13251788224834],[-55.773468017578125,73.13236845426712],[-55.778446197509766,73.13172091816261],[-55.77857494354248,73.1285326961938],[-55.78140735626221,73.12614114576725],[-55.78557014465332,73.12494524712693],[-55.78569886115607,73.12494524712693],[-55.78157901763916,73.12614114576725],[-55.77878952026367,73.1285326961938],[-55.778703689575195,73.13172091816261],[-55.773468017578125,73.13244316841838],[-55.773253440856934,73.13251788224834],[-55.773210525512695,73.13570537301086],[-55.767974853515625,73.13642745761963],[-55.765743255615234,73.13578941026321],[-55.765743255615234,73.13573649796656]]]]}},{"type":"Feature","properties":{"layer":"depare","drval1":20,"drval2":30,"sys":"m","rank":1},"geometry":{"type":"MultiPolygon","coordinates":[[[[-55.78754425048828,73.12614114576725],[-55.78479766845703,73.12693836581248],[-55.78479766845703,73.13411170074261],[-55.78205108642578,73.13490855515423],[-55.78205108642578,73.13729889906526],[-55.780946016311646,73.13794622726247],[-55.78078508377075,73.13794622726247],[-55.781922340393066,73.13729889906526],[-55.781965255737305,73.13490855515423],[-55.784668922424316,73.13411170074261],[-55.784711837768555,73.12693836581248],[-55.787415504455566,73.12614114576725],[-55.78947542621402,73.12494524712693],[-55.78956127166748,73.12494524712693],[-55.78754425048828,73.12614114576725]]],[[[-55.765743255615234,73.1356742479994],[-55.767974853515625,73.1362905128455],[-55.7726526260376,73.13570537301086],[-55.77278137207031,73.13251788224834],[-55.773468017578125,73.13230619222892],[-55.778188705444336,73.13172091816261],[-55.77840328216553,73.1285326961938],[-55.78127861022949,73.12614114576725],[-55.785441398620605,73.12494524712693],[-55.78557014465332,73.12494524712693],[-55.78140735626221,73.12614114576725],[-55.77857494354248,73.1285326961938],[-55.778446197509766,73.13172091816261],[-55.773468017578125,73.13236845426712],[-55.772995948791504,73.13251788224834],[-55.77291011810303,73.13570537301086],[-55.767974853515625,73.13635276060396],[-55.765743255615234,73.13573649796656],[-55.765743255615234,73.1356742479994]]]]}},{"type":"Feature","properties":{"layer":"depare","drval1":91.44,"drval2":182.88,"sys":"ft","rank":1},"geometry":{"type":"MultiPolygon","coordinates":[[[[-55.78664302825928,73.12693836581248],[-55.78651428222656,73.13411170074261],[-55.78389644622803,73.13490855515423],[-55.78376770019531,73.13729889906526],[-55.78250169754028,73.13794622726247],[-55.78164339065552,73.13794622726247],[-55.782737731933594,73.13729889906526],[-55.78282356262207,73.13490855515423],[-55.785484313964844,73.13411170074261],[-55.78552722930908,73.12693836581248],[-55.788187980651855,73.12614114576725],[-55.79024791717529,73.12494524712693],[-55.790977478027344,73.12494524712693],[-55.78664302825928,73.12693836581248]]],[[[-55.765743255615234,73.13110760450084],[-55.768446922302246,73.12932980653294],[-55.773468017578125,73.12726222600968],[-55.78303813934326,73.12494524712693],[-55.784668922424316,73.12494524712693],[-55.78037738800049,73.12614114576725],[-55.77728748321533,73.1285326961938],[-55.77655792236328,73.13172091816261],[-55.773468017578125,73.13185789896676],[-55.77140808105469,73.13251788224834],[-55.770978927612305,73.13570537301086],[-55.765743255615234,73.13524160456403],[-55.765743255615234,73.13110760450084]]]]}},{"type":"Feature","properties":{"layer":"depare","drval1":100,"drval2":200,"sys":"m","rank":1},"geometry":{"type":"MultiPolygon","coordinates":[[[[-55.78681468963623,73.12693836581248],[-55.786685943603516,73.13411170074261],[-55.78411102294922,73.13490855515423],[-55.783982276916504,73.13729889906526],[-55.78289866447449,73.13794622726247],[-55.7816219329834,73.13794622726247],[-55.78282356262207,73.13729889906526],[-55.78290939331055,73.13490855515423],[-55.78557014465332,73.13411170074261],[-55.7856559753418,73.12693836581248],[-55.78831672668457,73.12614114576725],[-55.79033374786377,73.12494524712693],[-55.791192054748535,73.12494524712693],[-55.78681468963623,73.12693836581248]]],[[[-55.765743255615234,73.12926753360448],[-55.76711654663086,73.1285326961938],[-55.776214599609375,73.12569269342033],[-55.781707763671875,73.12536880397317],[-55.78325271606445,73.12494524712693],[-55.78458309173584,73.12494524712693],[-55.78024864196777,73.12614114576725],[-55.77711582183838,73.1285326961938],[-55.77634334564209,73.13172091816261],[-55.773468017578125,73.13179563509875],[-55.771193504333496,73.13251788224834],[-55.77076435089111,73.13570537301086],[-55.765743255615234,73.13519802836886],[-55.765743255615234,73.12926753360448]]]]}},{"type":"Feature","properties":{"layer":"depare","drval1":2,"drval2":5,"sys":"m","rank":1},"geometry":{"type":"MultiPolygon","coordinates":[[[[-55.767974853515625,73.13646480600698],[-55.77333927154541,73.13570537301086],[-55.77333927154541,73.13251788224834],[-55.77883243560791,73.13172091816261],[-55.77887535095215,73.1285326961938],[-55.7816219329834,73.12614114576725],[-55.78578472137451,73.12494524712693],[-55.78166484832764,73.12614114576725],[-55.77891826629639,73.1285326961938],[-55.77891826629639,73.13172091816261],[-55.77342510223389,73.13251788224834],[-55.77342510223389,73.13570537301086],[-55.767974853515625,73.13648970488728],[-55.765743255615234,73.1358423223987],[-55.765743255615234,73.13582676002265],[-55.767974853515625,73.13646480600698]]],[[[-55.78926086425781,73.12494524712693],[-55.789303764837065,73.12494524712693],[-55.78724384307861,73.12614114576725],[-55.78926086425781,73.12494524712693]]]]}},{"type":"Feature","properties":{"layer":"depare","drval1":3.6576,"drval2":5.4864,"sys":"ft","rank":1},"geometry":{"type":"MultiPolygon","coordinates":[[[[-55.77887535095215,73.13172091816261],[-55.773468017578125,73.13249297767405],[-55.77338218688965,73.13251788224834],[-55.77338218688965,73.13570537301086],[-55.767974853515625,73.1364772554516],[-55.765743255615234,73.13582987249897],[-55.765743255615234,73.13582676002265],[-55.767974853515625,73.13646480600698],[-55.77333927154541,73.13570537301086],[-55.77333927154541,73.13251788224834],[-55.773468017578125,73.13248052537351],[-55.77883243560791,73.13172091816261],[-55.77887535095215,73.1285326961938],[-55.77887535095215,73.13172091816261]]],[[[-55.7816219329834,73.12614114576725],[-55.78574180603027,73.12494524712693],[-55.78578469184455,73.12494524712693],[-55.78166484832764,73.12614114576725],[-55.77887535095215,73.1285326961938],[-55.7816219329834,73.12614114576725]]],[[[-55.78179359436035,73.13490855515423],[-55.78175067901611,73.13729889906526],[-55.78175067901611,73.13490855515423],[-55.78449726104736,73.13411170074261],[-55.78179359436035,73.13490855515423]]],[[[-55.78449726104736,73.12693836581248],[-55.78724384307861,73.12614114576725],[-55.7845401763916,73.12693836581248],[-55.78449726104736,73.13411170074261],[-55.78449726104736,73.12693836581248]]],[[[-55.78064560890198,73.13794622726247],[-55.78063488006592,73.13794622726247],[-55.78175067901611,73.13729889906526],[-55.78064560890198,73.13794622726247]]]]}},{"type":"Feature","properties":{"layer":"depare","drval1":200,"drval2":300,"sys":"m","rank":1},"geometry":{"type":"MultiPolygon","coordinates":[[[[-55.803680419921875,73.13657685068719],[-55.798187255859375,73.13688808211735],[-55.7965350151062,73.13794622726247],[-55.78289866447449,73.13794622726247],[-55.783982276916504,73.13729889906526],[-55.78411102294922,73.13490855515423],[-55.786685943603516,73.13411170074261],[-55.78681468963623,73.12693836581248],[-55.791192054748535,73.12494524712693],[-55.80256462097168,73.12494524712693],[-55.7969856262207,73.12932980653294],[-55.79874515533447,73.13172091816261],[-55.810546875,73.13411170074261],[-55.810546875,73.13701948856378],[-55.803680419921875,73.13657685068719]]],[[[-55.765743255615234,73.12494524712693],[-55.78325271606445,73.12494524712693],[-55.781707763671875,73.12536880397317],[-55.776214599609375,73.12569269342033],[-55.76711654663086,73.1285326961938],[-55.765743255615234,73.12926753360448],[-55.765743255615234,73.12494524712693]]]]}},{"type":"Feature","properties":{"layer":"depare","drval1":182.88,"drval2":365.76,"sys":"ft","rank":1},"geometry":{"type":"MultiPolygon","coordinates":[[[[-55.800933837890625,73.13707481829836],[-55.79899191856384,73.13794622726247],[-55.78250169754028,73.13794622726247],[-55.78376770019531,73.13729889906526],[-55.78389644622803,73.13490855515423],[-55.78651428222656,73.13411170074261],[-55.78664302825928,73.12693836581248],[-55.790977478027344,73.12494524712693],[-55.810546875,73.12494524712693],[-55.810546875,73.13749481385328],[-55.800933837890625,73.13707481829836]]],[[[-55.773468017578125,73.12726222600968],[-55.768446922302246,73.12932980653294],[-55.765743255615234,73.13110760450084],[-55.765743255615234,73.12494524712693],[-55.78303813934326,73.12494524712693],[-55.773468017578125,73.12726222600968]]]]}},{"type":"Feature","properties":{"layer":"contours","depth_m":-182.88,"depth_abs_m":183,"sys":"ft","depth_ft":600,"depth_fm":100},"geometry":{"type":"LineString","coordinates":[[-55.7981014251709,73.13794622726247],[-55.798401832580566,73.13774705192554],[-55.798916816711426,73.13757277163185],[-55.79973220825195,73.13743583588844],[-55.800719261169434,73.1373237967498],[-55.80200672149658,73.13726155247156],[-55.803165435791016,73.13723665469782],[-55.80483913421631,73.13722420579755],[-55.80921649932861,73.13731134791199],[-55.810546875,73.13732269832293]]}},{"type":"Feature","properties":{"layer":"contours","depth_m":-200,"depth_abs_m":200,"sys":"m","depth_ft":656,"depth_fm":109},"geometry":{"type":"LineString","coordinates":[[-55.79681396484375,73.13794622726247],[-55.79702854156494,73.1377719489676],[-55.79762935638428,73.13744828463699],[-55.79827308654785,73.13723665469782],[-55.79926013946533,73.1370499202569],[-55.800676345825195,73.13690053125855],[-55.80209255218506,73.13681338708277],[-55.80372333526611,73.13678848866651],[-55.805182456970215,73.13678848866651],[-55.80921649932861,73.13691298039082],[-55.810546875,73.13694121862599]]}},{"type":"Feature","properties":{"layer":"contours","depth_m":-10,"depth_abs_m":10,"sys":"m","depth_ft":33,"depth_fm":5},"geometry":{"type":"MultiLineString","coordinates":[[[-55.789732933044434,73.12494524712693],[-55.78728675842285,73.13411170074261],[-55.78235149383545,73.13794622726247]],[[-55.765743255615234,73.13592324652942],[-55.770463943481445,73.13570537301086],[-55.77054977416992,73.13251788224834],[-55.78484058380127,73.12494524712693]]]}},{"type":"Feature","properties":{"layer":"contours","depth_m":-5.4864,"depth_abs_m":5,"sys":"ft","depth_ft":18,"depth_fm":3},"geometry":{"type":"MultiLineString","coordinates":[[[-55.789690017700195,73.12494524712693],[-55.78724384307861,73.13411170074261],[-55.78228712081909,73.13794622726247]],[[-55.765743255615234,73.13593569636221],[-55.77059268951416,73.13570537301086],[-55.7706356048584,73.13251788224834],[-55.78488349914551,73.12494524712693]]]}},{"type":"Feature","properties":{"layer":"contours","depth_m":-54.864,"depth_abs_m":55,"sys":"ft","depth_ft":180,"depth_fm":30},"geometry":{"type":"MultiLineString","coordinates":[[[-55.789690017700195,73.12494524712693],[-55.789690017700195,73.12566777906177],[-55.78960418701172,73.12678888983966],[-55.78934669494629,73.12814658272758],[-55.78900337219238,73.12941698825787],[-55.78861713409424,73.13064994009919],[-55.78810214996338,73.13183299344632],[-55.78750133514404,73.13295370651888],[-55.78702926635742,73.13373816265312],[-55.786471366882324,73.13451013251789],[-55.7856559753418,73.13546882152482],[-55.78479766845703,73.13636521012889],[-55.78406810760498,73.13700012406689],[-55.78329563140869,73.13759766892375],[-55.78278064727783,73.13794622726247]],[[-55.765743255615234,73.13569292301297],[-55.7666015625,73.13556842254319],[-55.7671594619751,73.13545637135738],[-55.76784610748291,73.13528206807595],[-55.768446922302246,73.1350828621839],[-55.76891899108887,73.13487120342029],[-55.76934814453125,73.1345350342004],[-55.769476890563965,73.1343482707114],[-55.76956272125244,73.1339622864707],[-55.769734382629395,73.13361364817159],[-55.77037811279297,73.13291635058125],[-55.77136516571045,73.13209449962999],[-55.77252388000488,73.13130996926988],[-55.774197578430176,73.13031368918294],[-55.77651500701904,73.12900598486777],[-55.784239768981934,73.12494524712693]]]}},{"type":"Feature","properties":{"layer":"contours","depth_m":-91.44,"depth_abs_m":91,"sys":"ft","depth_ft":300,"depth_fm":50},"geometry":{"type":"MultiLineString","coordinates":[[[-55.789947509765625,73.12494524712693],[-55.7900333404541,73.12566777906177],[-55.78999042510986,73.12678888983966],[-55.789732933044434,73.12814658272758],[-55.78938961029053,73.12941698825787],[-55.78900337219238,73.13064994009919],[-55.78848838806152,73.13183299344632],[-55.78788757324219,73.13295370651888],[-55.787415504455566,73.13373816265312],[-55.78685760498047,73.13451013251789],[-55.78604221343994,73.13546882152482],[-55.785183906555176,73.13636521012889],[-55.784454345703125,73.13700012406689],[-55.783681869506836,73.13759766892375],[-55.783177614212036,73.13794622726247]],[[-55.765743255615234,73.13554974739576],[-55.76587200164795,73.13553107222825],[-55.76664447784424,73.13538167016523],[-55.76707363128662,73.13526961777463],[-55.76767444610596,73.1350828621839],[-55.768232345581055,73.13478404906208],[-55.76853275299072,73.1345350342004],[-55.768961906433105,73.13361364817159],[-55.76964855194092,73.13291635058125],[-55.77067852020264,73.13209449962999],[-55.77188014984131,73.13130996926988],[-55.7735538482666,73.13031368918294],[-55.775957107543945,73.12900598486777],[-55.78376770019531,73.12494524712693]]]}},{"type":"Feature","properties":{"layer":"contours","depth_m":-2,"depth_abs_m":2,"sys":"m","depth_ft":7,"depth_fm":1},"geometry":{"type":"MultiLineString","coordinates":[[[-55.78964710235596,73.12494524712693],[-55.787200927734375,73.13411170074261],[-55.78226566314697,73.13794622726247]],[[-55.765743255615234,73.13594192127526],[-55.77067852020264,73.13570537301086],[-55.77067852020264,73.13251788224834],[-55.784926414489746,73.12494524712693]]]}},{"type":"Feature","properties":{"layer":"contours","depth_m":-5,"depth_abs_m":5,"sys":"m","depth_ft":16,"depth_fm":3},"geometry":{"type":"MultiLineString","coordinates":[[[-55.789690017700195,73.12494524712693],[-55.78724384307861,73.13411170074261],[-55.78228712081909,73.13794622726247]],[[-55.765743255615234,73.13593569636221],[-55.77059268951416,73.13570537301086],[-55.7706356048584,73.13251788224834],[-55.78488349914551,73.12494524712693]]]}},{"type":"Feature","properties":{"layer":"contours","depth_m":-50,"depth_abs_m":50,"sys":"m","depth_ft":164,"depth_fm":27},"geometry":{"type":"MultiLineString","coordinates":[[[-55.78964710235596,73.12494524712693],[-55.78964710235596,73.12566777906177],[-55.78956127166748,73.12678888983966],[-55.788960456848145,73.12941698825787],[-55.788187980651855,73.1315465773953],[-55.78763008117676,73.1326797611109],[-55.786943435668945,73.13373816265312],[-55.786213874816895,73.13474669706041],[-55.78561305999756,73.13546882152482],[-55.784711837768555,73.13636521012889],[-55.78402519226074,73.13700012406689],[-55.78325271606445,73.13759766892375],[-55.782737731933594,73.13794622726247]],[[-55.765743255615234,73.13570537301086],[-55.76638698577881,73.13561822283819],[-55.767245292663574,73.13546882152482],[-55.767974853515625,73.13529451836835],[-55.76857566833496,73.1350828621839],[-55.76904773712158,73.13487120342029],[-55.76943397521973,73.1345350342004],[-55.76956272125244,73.1343482707114],[-55.76964855194092,73.1339622864707],[-55.76986312866211,73.13361364817159],[-55.770463943481445,73.13291635058125],[-55.771450996398926,73.13209449962999],[-55.77260971069336,73.13130996926988],[-55.77428340911865,73.13031368918294],[-55.77660083770752,73.12900598486777],[-55.78432559967041,73.12494524712693]]]}},{"type":"Feature","properties":{"layer":"contours","depth_m":-1.8288,"depth_abs_m":2,"sys":"ft","depth_ft":6,"depth_fm":1},"geometry":{"type":"MultiLineString","coordinates":[[[-55.78964710235596,73.12494524712693],[-55.787200927734375,73.13411170074261],[-55.78224420547485,73.13794622726247]],[[-55.765743255615234,73.13594192127526],[-55.77067852020264,73.13570537301086],[-55.77067852020264,73.13251788224834],[-55.784926414489746,73.12494524712693]]]}},{"type":"Feature","properties":{"layer":"contours","depth_m":-182.88,"depth_abs_m":183,"sys":"ft","depth_ft":600,"depth_fm":100},"geometry":{"type":"MultiLineString","coordinates":[[[-55.79123497009277,73.12494524712693],[-55.79132080078125,73.12576743628175],[-55.791192054748535,73.12680134621984],[-55.790934562683105,73.12808430555857],[-55.79054832458496,73.12959135039542],[-55.790162086486816,73.13067484731559],[-55.789690017700195,73.13172091816261],[-55.789175033569336,73.13272956968821],[-55.78853130340576,73.13368835696761],[-55.78784465789795,73.13462218980806],[-55.78702926635742,73.13551862210541],[-55.786170959472656,73.13637765964488],[-55.785226821899414,73.13719930797025],[-55.784207582473755,73.13794622726247]],[[-55.765743255615234,73.13161818185074],[-55.78209400177002,73.12494524712693]]]}},{"type":"Feature","properties":{"layer":"contours","depth_m":-100,"depth_abs_m":100,"sys":"m","depth_ft":328,"depth_fm":55},"geometry":{"type":"MultiLineString","coordinates":[[[-55.78999042510986,73.12494524712693],[-55.79011917114258,73.12566777906177],[-55.79007625579834,73.12678888983966],[-55.78981876373291,73.12814658272758],[-55.789475440979004,73.12941698825787],[-55.78908920288086,73.13064994009919],[-55.78857421875,73.13183299344632],[-55.787973403930664,73.13295370651888],[-55.78750133514404,73.13373816265312],[-55.78677177429199,73.13474669706041],[-55.786170959472656,73.13546882152482],[-55.78526973724365,73.13636521012889],[-55.7845401763916,73.13700012406689],[-55.78376770019531,73.13759766892375],[-55.78328490257263,73.13794622726247]],[[-55.765743255615234,73.13552173463694],[-55.766472816467285,73.13538167016523],[-55.76711654663086,73.13520736613417],[-55.767459869384766,73.1350704117398],[-55.7680606842041,73.13478404906208],[-55.76836109161377,73.1345350342004],[-55.76879024505615,73.13361364817159],[-55.769476890563965,73.13291635058125],[-55.770506858825684,73.13209449962999],[-55.771708488464355,73.13130996926988],[-55.77342510223389,73.13031368918294],[-55.77578544616699,73.12900598486777],[-55.783681869506836,73.12494524712693]]]}},{"type":"Feature","properties":{"layer":"contours","depth_m":-30,"depth_abs_m":30,"sys":"m","depth_ft":98,"depth_fm":16},"geometry":{"type":"MultiLineString","coordinates":[[[-55.789947509765625,73.12494524712693],[-55.78750133514404,73.13411170074261],[-55.78256607055664,73.13794622726247]],[[-55.765743255615234,73.13588278451118],[-55.769991874694824,73.13570537301086],[-55.77016353607178,73.13251788224834],[-55.78458309173584,73.12494524712693]]]}},{"type":"Feature","properties":{"layer":"contours","depth_m":-9.144,"depth_abs_m":9,"sys":"ft","depth_ft":30,"depth_fm":5},"geometry":{"type":"MultiLineString","coordinates":[[[-55.789732933044434,73.12494524712693],[-55.78728675842285,73.13411170074261],[-55.78233003616333,73.13794622726247]],[[-55.765743255615234,73.13592635898844],[-55.770506858825684,73.13570537301086],[-55.77054977416992,73.13251788224834],[-55.78484058380127,73.12494524712693]]]}},{"type":"Feature","properties":{"layer":"contours","depth_m":-36.576,"depth_abs_m":37,"sys":"ft","depth_ft":120,"depth_fm":20},"geometry":{"type":"MultiLineString","coordinates":[[[-55.78951835632324,73.12494524712693],[-55.78956127166748,73.12566777906177],[-55.789432525634766,73.12678888983966],[-55.789175033569336,73.12814658272758],[-55.78874588012695,73.12972834799031],[-55.78788757324219,73.13183299344632],[-55.787458419799805,73.1326797611109],[-55.78681468963623,73.13373816265312],[-55.78625679016113,73.13451013251789],[-55.785484313964844,73.13546882152482],[-55.78479766845703,73.13614111731496],[-55.78385353088379,73.13700012406689],[-55.7830810546875,73.13759766892375],[-55.78256607055664,73.13794622726247]],[[-55.765743255615234,73.135742722951],[-55.766000747680664,73.13571782299984],[-55.766944885253906,73.13558087263034],[-55.767502784729004,73.13546882152482],[-55.76827526092529,73.13529451836835],[-55.76887607574463,73.1350953126191],[-55.76934814453125,73.13487120342029],[-55.769734382629395,73.1345350342004],[-55.76986312866211,73.1343482707114],[-55.769948959350586,73.1339622864707],[-55.77012062072754,73.13361364817159],[-55.770721435546875,73.13291635058125],[-55.771708488464355,73.13209449962999],[-55.77286720275879,73.13130996926988],[-55.774497985839844,73.13031368918294],[-55.77681541442871,73.12900598486777],[-55.78449726104736,73.12494524712693]]]}},{"type":"Feature","properties":{"layer":"contours","depth_m":-3.6576,"depth_abs_m":4,"sys":"ft","depth_ft":12,"depth_fm":2},"geometry":{"type":"MultiLineString","coordinates":[[[-55.789690017700195,73.12494524712693],[-55.78724384307861,73.13411170074261],[-55.78228712081909,73.13794622726247]],[[-55.765743255615234,73.135938808819],[-55.7706356048584,73.13570537301086],[-55.7706356048584,73.13251788224834],[-55.784926414489746,73.12494524712693]]]}},{"type":"Feature","properties":{"layer":"contours","depth_m":-20,"depth_abs_m":20,"sys":"m","depth_ft":66,"depth_fm":11},"geometry":{"type":"MultiLineString","coordinates":[[[-55.78986167907715,73.12494524712693],[-55.787415504455566,73.13411170074261],[-55.782458782196045,73.13794622726247]],[[-55.765743255615234,73.13590457176349],[-55.770206451416016,73.13570537301086],[-55.77033519744873,73.13251788224834],[-55.784711837768555,73.12494524712693]]]}},{"type":"Feature","properties":{"layer":"contours","depth_m":-200,"depth_abs_m":200,"sys":"m","depth_ft":656,"depth_fm":109},"geometry":{"type":"MultiLineString","coordinates":[[[-55.79136371612549,73.12494524712693],[-55.791449546813965,73.1257549791605],[-55.79140663146973,73.12661449957974],[-55.791192054748535,73.12784765028081],[-55.79089164733887,73.12906825873361],[-55.790462493896484,73.13040086597127],[-55.78999042510986,73.13145940635557],[-55.789475440979004,73.13248052537351],[-55.78887462615967,73.1334517780113],[-55.788187980651855,73.1343980745048],[-55.787415504455566,73.13530696865183],[-55.78660011291504,73.1361660166593],[-55.7856559753418,73.13700012406689],[-55.78462600708008,73.13779684597394],[-55.78440070152283,73.13794622726247]],[[-55.765743255615234,73.12924885168242],[-55.767974853515625,73.12840814440015],[-55.77016353607178,73.127635903353],[-55.77183723449707,73.12708784049961],[-55.77359676361084,73.12655221691998],[-55.775442123413086,73.12602903376538],[-55.77767372131348,73.12544354822748],[-55.779733657836914,73.12494524712693]]]}},{"type":"Feature","properties":{"layer":"contours","depth_m":-18.288,"depth_abs_m":18,"sys":"ft","depth_ft":60,"depth_fm":10},"geometry":{"type":"MultiLineString","coordinates":[[[-55.78981876373291,73.12494524712693],[-55.78737258911133,73.13411170074261],[-55.782437324523926,73.13794622726247]],[[-55.765743255615234,73.13590768422586],[-55.770249366760254,73.13570537301086],[-55.77037811279297,73.13251788224834],[-55.784711837768555,73.12494524712693]]]}},{"type":"Feature","properties":{"layer":"contours","depth_m":-300,"depth_abs_m":300,"sys":"m","depth_ft":984,"depth_fm":164},"geometry":{"type":"LineString","coordinates":[[-55.801920890808105,73.12494524712693],[-55.801663398742676,73.12582972175406],[-55.80076217651367,73.12753625684711],[-55.80063343048096,73.12835832343274],[-55.80084800720215,73.12911807766558],[-55.80110549926758,73.12961625912938],[-55.80183506011963,73.13031368918294],[-55.8024787902832,73.13074956875059],[-55.803680419921875,73.13137223487847],[-55.80522537231445,73.13194506800704],[-55.8070707321167,73.13246807306406],[-55.80848693847656,73.13280428228641],[-55.81003189086914,73.13310312946606],[-55.810546875,73.13319301570101]]}}]}
