{"type":"FeatureCollection","features":[{"type":"Feature","properties":{"municipalityCode":960,"name":"Avannaata Kommunia","kind":"municipality"},"geometry":{"type":"MultiPolygon","coordinates":[[[[-72.40002019799994,76.65852690000008],[-72.39691509999994,76.65901750000006],[-72.39384559999996,76.65952139900008],[-72.39081459899995,76.66003540000008],[-72.38781899899993,76.66056280000004],[-72.38486709899996,76.66110220000007],[-72.38195890099996,76.66165380000007],[-72.37908929799994,76.66221560000008],[-72.37626329999995,76.66278940000007],[-72.37348929799998,76.66337420000008],[-72.37075069799994,76.66397230000007],[-72.36805889899995,76.66457940000004],[-72.36541389799999,76.66519560000006],[-72.36281759899998,76.66582580000005],[-72.36026309999994,76.66646310000004],[-72.35888309999996,76.66682000000003],[-72.35638040399994,76.66746830000005],[-72.35388249999994,76.66811840000008],[-72.35137930299999,76.66876660000008],[-72.34888100199998,76.66941670000006],[-72.34637730299994,76.67006480000003],[-72.34137950099995,76.67136480000005],[-72.33887510099999,76.67201290000008],[-72.33679050199999,76.67255390000008],[-72.33561299999997,76.67286330000007],[-72.33316019899996,76.67352230000006],[-72.33075429999997,76.67419030000008],[-72.32840030299997,76.67486930000007],[-72.32609310199996,76.67555740000006],[-72.32384100099995,76.67625330000004],[-72.32164910099993,76.67695900000007],[-72.31950399999994,76.67767370000007],[-72.31741409999995,76.67839630000003],[-72.31537919899995,76.67912680000006],[-72.31340450099998,76.67986710000008],[-72.31147989899995,76.68061340100007],[-72.30961039899995,76.68136760100003],[-72.30780109999995,76.68213150100007],[-72.30605009799996,76.68290030000003],[-72.30436250199995,76.68367580000006],[-72.30272500399997,76.68445730000008],[-72.30114770399996,76.68524850000006],[-72.29963700299999,76.68604340000007],[-72.29817640099998,76.68684430000008],[-72.29678750299996,76.68765080000003],[-72.29544870199999,76.68846320000006],[-72.29418160099993,76.68928120000004],[-72.29297290099998,76.69010400000008],[-72.29182259799995,76.69093160000006],[-72.29074409899994,76.69176480000004],[-72.28971889899998,76.69260090000006],[-72.28897689899998,76.69324450000005],[-72.28803670099995,76.69408690000006],[-72.28709959999998,76.69492619900007],[-72.28657669999996,76.69539160000005],[-72.28635679899998,76.69559080000005],[-72.28546469999998,76.69643420000006],[-72.28463929899993,76.69728130000004],[-72.28386719699995,76.69813120000003],[-72.28317019999997,76.69898370000004],[-72.28253159799993,76.69984100000005],[-72.28196299699994,76.70069880000005],[-72.28145289999998,76.70156150000008],[-72.28100769999998,76.70242280000008],[-72.28063749899997,76.70328670000004],[-72.28032899699997,76.70415230000003],[-72.28008229899996,76.70501960000007],[-72.27990559999995,76.70588750000007],[-72.27978559799993,76.70675530100004],[-72.27974889999996,76.70762440100003],[-72.27976899899994,76.70849330000004],[-72.27984570299998,76.70936210000008],[-72.28000080099997,76.71023030000003],[-72.28022089999996,76.71109720000004],[-72.28049780299995,76.71196390000006],[-72.28084790199995,76.71282810000008],[-72.28126299899998,76.71369099900005],[-72.28174319899995,76.71455260000005],[-72.28228850099998,76.71541279900003],[-72.28289369999999,76.71626980000008],[-72.28357229999995,76.71712430000008],[-72.28431089999998,76.71797560000005],[-72.28511459999999,76.71882560000006],[-72.28598139799993,76.71966920000006],[-72.28691340199998,76.72051160000007],[-72.28791369999993,76.72134950000003],[-72.28897409999996,76.72218420000007],[-72.29009770199997,76.72301250000004],[-72.29128959899998,76.72383650000006],[-72.29254170099995,76.72465720000008],[-72.29384869999996,76.72547280000003],[-72.29522719999994,76.72628090000006],[-72.29666080199996,76.72708390000008],[-72.29815450099994,76.72788360000004],[-72.29971459999996,76.72867400000007],[-72.30132979999996,76.72945920000006],[-72.30300830299996,76.73023800000004],[-72.30474500199995,76.73100870000007],[-72.30653679999995,76.73177419900003],[-72.30838679899995,76.73253140000008],[-72.31030020099996,76.73328240000006],[-72.31226660099998,76.73402320000008],[-72.31428820199994,76.73475890000003],[-72.31637119999994,76.73548320000003],[-72.31850409999998,76.73620050000005],[-72.32069539899999,76.73690960000005],[-72.32293140099995,76.73760970000006],[-72.32523409999999,76.73830040000007],[-72.32628670099996,76.73861110000007],[-72.32862930099998,76.73929090000007],[-72.33332519899994,76.74065430000007],[-72.33566520099998,76.74133710000007],[-72.34036260099998,76.74270040000005],[-72.34261820299997,76.74335570000005],[-72.34387500099996,76.74371640100003],[-72.34627730099999,76.74438790000005],[-72.34872449999995,76.74505030100005],[-72.35122480199993,76.74570260000007],[-72.35377840399997,76.74634480000003],[-72.35637169899996,76.74697610000004],[-72.35902650099996,76.74759600000004],[-72.36171779999995,76.74820819900003],[-72.36446049999995,76.74880520000005],[-72.36724479899993,76.74939630000006],[-72.37008030199996,76.74997230000008],[-72.37295560099994,76.75053740000004],[-72.37587070099994,76.75109160000005],[-72.37625779899997,76.75116290000005],[-72.37920120099994,76.75171050000006],[-72.38214480099998,76.75225800000004],[-72.38509179999994,76.75280239900007],[-72.38803590199996,76.75334990000005],[-72.38913170099994,76.75355210000004],[-72.39167149999997,76.75401750000003],[-72.39467020199999,76.75454670000005],[-72.39770880299994,76.75506500000006],[-72.40079530299994,76.75557120000008],[-72.40390820199997,76.75606580000004],[-72.40706389999997,76.75654650000007],[-72.41025430299999,76.75701430000004],[-72.41348750399999,76.75746820000006],[-72.41675219899997,76.75791230100003],[-72.42004630099996,76.75834170000007],[-72.42336989999995,76.75875650100005],[-72.42673319699998,76.75916030000008],[-72.43012069899999,76.75954749900006],[-72.43354279599998,76.75992190000005],[-72.43536399999994,76.76011580000005],[-72.43880729699998,76.76047660000006],[-72.44226429799994,76.76083820000008],[-72.44570799699994,76.76119890000007],[-72.44916009999997,76.76155840000007],[-72.45241719699999,76.76190090000006],[-72.47415370099998,76.76422520000006],[-72.49675410099996,76.76663910100007],[-72.51935729999997,76.76904920000004],[-72.54197360299997,76.77145910000007],[-72.56458429999998,76.77386640000003],[-72.58721629899998,76.77627250100005],[-72.60985099899995,76.77867469900008],[-72.63249879799997,76.78107690000007],[-72.65514940099996,76.78347520000005],[-72.67781289999994,76.78587350000004],[-72.68032390099995,76.78613420000005],[-72.68379770199994,76.78648140000007],[-72.68731420099994,76.78681449900006],[-72.69084330199996,76.78713529900006],[-72.69439639799998,76.78743950000006],[-72.69798379699995,76.78773080000008],[-72.70157859599993,76.78800780000006],[-72.70520249599997,76.78827010000003],[-72.70884219699997,76.78851700000007],[-72.71250259799996,76.78875020100008],[-72.71617869899995,76.78896810000003],[-72.71845009799995,76.78909410000006],[-72.72474509799997,76.78943820000006],[-72.73104049899996,76.78978220000005],[-72.73733620099995,76.79012600000004],[-72.74363219999998,76.79046970000007],[-72.74992850099994,76.79081320000006],[-72.75623340099997,76.79115540000004],[-72.76252509899996,76.79149670000004],[-72.76882230299998,76.79183980000005],[-72.77511990099998,76.79218270000007],[-72.78141779999999,76.79252550000007],[-72.78262299999994,76.79259020000006],[-72.78632899999997,76.79277930000006],[-72.79005050299997,76.79295290000005],[-72.79378759899998,76.79311109900004],[-72.79753189899998,76.79325499900006],[-72.80129170199996,76.79338350000006],[-72.80363049999994,76.79345710000007],[-72.83116049799997,76.79427320000008],[-72.85868019899993,76.79508580000004],[-72.88621670299995,76.79589620000007],[-72.91374290099998,76.79670300000004],[-72.94128589599995,76.79750770000004],[-72.96883199899997,76.79830940000005],[-72.97258684599996,76.79841842700006],[-72.99101698799996,76.79895273200003],[-72.99636790199997,76.79910760000007],[-73.02392039899996,76.79990360100004],[-73.05147089799993,76.80069490000005],[-73.07902149899996,76.80148640000004],[-73.07944409899994,76.80149659900007],[-73.08321939899997,76.80159570000006],[-73.08700989899995,76.80167920000008],[-73.09079369899996,76.80174780000004],[-73.09459269899997,76.80180100000007],[-73.09839850099996,76.80183980000004],[-73.10219249799997,76.80186180000004],[-73.10599850199998,76.80187130000007],[-73.10980090199996,76.80186290000006],[-73.11360479899997,76.80183820000008],[-73.11739899999998,76.80180170000006],[-73.12120299999998,76.80174780000004],[-73.12499200199994,76.80168009900007],[-73.12708161399996,76.80163441800005],[-73.15197310599996,76.80079836200008],[-73.15493550099995,76.80068390000008],[-73.16773720099997,76.80019110000006],[-73.18054089999998,76.79969450000004],[-73.19333540099996,76.79919850100003],[-73.20614250099999,76.79870259900008],[-73.21893519699995,76.79820530000006],[-73.23173519699998,76.79770630000007],[-73.24453129999995,76.79720970000005],[-73.25732119899999,76.79671060000004],[-73.27011850099996,76.79620960000005],[-73.27135479999998,76.79616190000007],[-73.27508680099999,76.79600189900003],[-73.27881720099998,76.79582879900005],[-73.28252699999996,76.79564000000005],[-73.28621640099993,76.79543560000008],[-73.28990410099993,76.79521819900003],[-73.29355769999995,76.79498440000003],[-73.29720960199995,76.79473750000005],[-73.30082750199995,76.79447430000005],[-73.30443529799999,76.79419920100008],[-73.30800909699997,76.79390780000006],[-73.31156759699996,76.79360270000006],[-73.31511079999996,76.79328380000004],[-73.31861159999994,76.79294970000007],[-73.32209719799994,76.79260190000008],[-73.32555390099998,76.79223970000004],[-73.32898699999998,76.79186500000003],[-73.33238299899995,76.79147700000004],[-73.33575010099997,76.79107460000006],[-73.33908839999998,76.79065770000005],[-73.34238959799995,76.79022770000006],[-73.34565890199997,76.78978630000006],[-73.34889110199998,76.78933160000008],[-73.35209439999994,76.78886260000007],[-73.35525759899997,76.78838340000004],[-73.35750730099994,76.78803000000005],[-73.36373770299997,76.78703760000008],[-73.36685260099995,76.78654129900008],[-73.36885480099994,76.78622400000006],[-73.36969269999997,76.78608790000004],[-73.37278900299998,76.78558100000004],[-73.37583689999997,76.78506510000005],[-73.37884249899997,76.78453420000005],[-73.38181609899993,76.78399190000005],[-73.38473079699997,76.78343690000008],[-73.38761889899996,76.78287250000005],[-73.39045629999998,76.78229430000005],[-73.39325359799994,76.78170590000008],[-73.39599729899999,76.78110670000007],[-73.39869560199998,76.78049550000003],[-73.40135369899997,76.77987420000005],[-73.40395819999998,76.77924220000006],[-73.40651429999997,76.77860120000008],[-73.40902509899996,76.77794820000008],[-73.41147929799996,76.77728760000008],[-73.41388800099998,76.77661500000005],[-73.41624019999995,76.77593470000005],[-73.41853880099995,76.77524360000007],[-73.42078900099995,76.77454359900008],[-73.42299090199998,76.77383470000007],[-73.42465000099997,76.77328000000006],[-73.42677109999994,76.77255890000004],[-73.42785220199994,76.77219540000004],[-73.42832190099995,76.77203600000007],[-73.43040510199995,76.77130990000006],[-73.43243999899994,76.77057480000008],[-73.43441009799994,76.76983330000007],[-73.43632369699998,76.76908420000007],[-73.43817549699997,76.76832540000004],[-73.43997599799997,76.76756090000003],[-73.44172009899995,76.76678870000006],[-73.44339939899999,76.76601000000005],[-73.44502749799994,76.76522560000006],[-73.44658569799998,76.76443280000007],[-73.44808439999997,76.76363540000006],[-73.44952369599997,76.76283350000006],[-73.45090129699997,76.76202200000006],[-73.45221659999999,76.76120900000006],[-73.45346719999998,76.76038960000005],[-73.45466140199994,76.75956250100006],[-73.45578509999996,76.75873510000008],[-73.45685240099994,76.75790010000003],[-73.45785210099996,76.75706170100005],[-73.45878960199997,76.75622180000005],[-73.45966240199994,76.75537550100006],[-73.46045960299995,76.75452700000005],[-73.46121100099998,76.75367460000007],[-73.46188660399997,76.75282010000006],[-73.46198260099999,76.75268900000003],[-73.46261780199995,76.75183240000007],[-73.46388780299998,76.75011930000005],[-73.46452270099996,76.74926280000005],[-73.46579229799994,76.74754960000007],[-73.46603499999998,76.74721880000004],[-73.46654910099994,76.74649690000007],[-73.46709469999996,76.74563760000007],[-73.46757279699995,76.74477480000007],[-73.46765459899996,76.74461390000005],[-73.46809219999994,76.74374910000006],[-73.46852689699995,76.74288750000005],[-73.46895620099997,76.74202390000005],[-73.46939889799995,76.74116100000003],[-73.46982819899995,76.74029750000005],[-73.47026259899997,76.73943580000008],[-73.47051129799996,76.73894180000008],[-73.47084749899994,76.73824350000007],[-73.47119289699998,76.73737900000003],[-73.47147609899997,76.73651309900004],[-73.47169730099995,76.73564560000005],[-73.47184819999995,76.73477790000004],[-73.47192880199998,76.73390990000007],[-73.47194740099997,76.73304050000007],[-73.47190109899998,76.73217270000004],[-73.47179280099994,76.73130340000006],[-73.47161129999995,76.73043690000003],[-73.47136779899995,76.72956890000006],[-73.47105130099999,76.72870380000006],[-73.47067800299999,76.72783910000004],[-73.47023169999994,76.72697720000008],[-73.46972869999996,76.72611570000004],[-73.46915270099998,76.72525699900007],[-73.46851710099997,76.72440180000007],[-73.46781659899995,76.72354830000006],[-73.46705140299997,76.72269630000005],[-73.46621840099994,76.72184910000004],[-73.46532590199996,76.72100530000006],[-73.46436560099994,76.72016630000007],[-73.46334059899993,76.71932880000008],[-73.46225319999996,76.71849790000005],[-73.46110630099997,76.71767060000008],[-73.45989180099997,76.71684789900007],[-73.45861770199997,76.71602870000004],[-73.45819149899995,76.71576470000008],[-73.45640620299997,76.71466760000004],[-73.45462120099995,76.71357040000004],[-73.45283650299996,76.71247320000003],[-73.45104390099993,76.71137730000004],[-73.44926500099996,76.71028190000004],[-73.44748109699998,76.70918470000004],[-73.44569749999994,76.70808750000003],[-73.44213109799995,76.70589300100005],[-73.44034019799994,76.70479690000008],[-73.43941619899994,76.70423450000004],[-73.43801959699994,76.70342830000004],[-73.43656359899995,76.70262570000006],[-73.43504519799995,76.70182960000005],[-73.43346979899997,76.70104190000006],[-73.43182679799997,76.70025900000007],[-73.43013499799997,76.69948330000005],[-73.42838089699995,76.69871410000007],[-73.42657269699998,76.69795030000006],[-73.42469939899996,76.69719610100003],[-73.42277709999996,76.69644920000007],[-73.42079790199995,76.69571080100008],[-73.41875639899996,76.69497890000008],[-73.41666319999996,76.69425730100005],[-73.41452119999997,76.69354290000007],[-73.41232219699998,76.69283700000005],[-73.41006619999996,76.69213950000005],[-73.40775839999998,76.69145230000004],[-73.40540709899994,76.69077430000004],[-73.40299889899995,76.69010460100003],[-73.40174529899997,76.68976650000008],[-73.38715849899995,76.68585420000005],[-73.37257179999995,76.68194240100007],[-73.35800149799996,76.67802840000007],[-73.34343930099999,76.67411369900003],[-73.31433670099995,76.66628470000006],[-73.29979920399995,76.66236740000005],[-73.28526979899993,76.65844929900004],[-73.27074859899994,76.65453039900007],[-73.25623560199995,76.65061060000005],[-73.25468130199994,76.65019770000004],[-73.25218350099993,76.64954730000005],[-73.24963919999993,76.64890900000006],[-73.24703800199995,76.64827909900004],[-73.24439550099999,76.64766330000003],[-73.24170430199996,76.64705460000005],[-73.23897999999997,76.64645880000006],[-73.23619589999998,76.64587439900004],[-73.23337639999994,76.64529799900004],[-73.23050749899994,76.64473670000007],[-73.22760839999995,76.64418530000006],[-73.22465469999997,76.64364719900004],[-73.22167080099996,76.64311880000008],[-73.21864559799997,76.64260439900005],[-73.21558209899996,76.64210110000005],[-73.21247729999999,76.64161170000006],[-73.20934229899996,76.64113210000005],[-73.20887610099999,76.64106290000007],[-73.20571609999996,76.64059490100004],[-73.20255940299995,76.64012380000008],[-73.19623010099997,76.63918380100006],[-73.19307920099999,76.63871450000005],[-73.18675119799997,76.63777430000005],[-73.18359569999996,76.63730300000003],[-73.18138780099997,76.63697580000007],[-73.17858659999996,76.63656630000008],[-73.17538419999994,76.63611510000004],[-73.17214340099997,76.63567480000006],[-73.16886939699998,76.63524730000006],[-73.16556749899996,76.63483460000003],[-73.16223229899998,76.63443470000004],[-73.15886919999997,76.63404950000006],[-73.15547279899994,76.63367710000006],[-73.15205139699998,76.63331630000005],[-73.14860719899997,76.63297210000007],[-73.14512969999998,76.63264070000008],[-73.14163749899996,76.63232470000008],[-73.13812019599999,76.63202040000004],[-73.13457489799998,76.63173070000005],[-73.13101479499994,76.63145640000005],[-73.12742669599999,76.63119680000005],[-73.12383190299994,76.63095140000007],[-73.12020390299995,76.63071880000007],[-73.11657450299998,76.63050220100007],[-73.11291690299998,76.63030040000007],[-73.10925270099995,76.63011270000004],[-73.10557359999996,76.62994040000007],[-73.10187980199998,76.62978360000005],[-73.09817929999997,76.62964080000006],[-73.09445880299995,76.62951160000006],[-73.09073670299995,76.62939850000004],[-73.08944760099996,76.62936250000007],[-73.08571889999996,76.62926350000004],[-73.08198500299994,76.62916260000003],[-73.07825639899994,76.62906350000003],[-73.07453090199994,76.62896130000007],[-73.07080239999993,76.62886210000005],[-73.06333510099995,76.62865970000007],[-73.06116339899995,76.62860220000005],[-73.05861429899994,76.62853640000003],[-73.05488439999993,76.62845310000006],[-73.05113959799996,76.62838510000006],[-73.04739319699996,76.62833330000007],[-73.04363999899994,76.62829559900007],[-73.03988819699998,76.62827090000008],[-73.03855299899993,76.62826800000005],[-73.02307599799997,76.62822670000008],[-73.00760430099996,76.62818640000006],[-72.99212750299995,76.62814340000006],[-72.97665080099995,76.62809940000005],[-72.96117409799996,76.62805440000005],[-72.94569760099995,76.62800860000004],[-72.93022639899993,76.62796370000007],[-72.91475010099998,76.62791610000005],[-72.89927390199995,76.62786750000004],[-72.88379779999997,76.62781800000005],[-72.88080280099996,76.62781290000004],[-72.87704480099995,76.62782120000008],[-72.87329309899997,76.62784430000005],[-72.86954249899998,76.62788040000004],[-72.86579529999995,76.62793449900005],[-72.86204919899996,76.62800159900007],[-72.85831459999997,76.62808540000003],[-72.85458109899997,76.62818230000005],[-72.85085899899997,76.62829589900008],[-72.84714320199998,76.62842430100005],[-72.84344190099995,76.62856650100008],[-72.83975189699999,76.62872540000006],[-72.83607120099998,76.62889610100007],[-72.83240699899994,76.62908550000003],[-72.82875200099994,76.62928670000008],[-72.82511650099997,76.62950350000006],[-72.82447340199997,76.62954410000003],[-72.78862960199996,76.63178170000003],[-72.75276099799999,76.63401360000006],[-72.71688610199993,76.63624250000004],[-72.68099969799994,76.63846640000008],[-72.64511000099998,76.64068420000007],[-72.60919569899994,76.64289630000007],[-72.57327500099996,76.64510540000003],[-72.53733790099994,76.64730760000003],[-72.50140270099996,76.64950560000005],[-72.46544289999997,76.65169790000004],[-72.46480589799995,76.65173650000008],[-72.46118019999994,76.65196880000008],[-72.45757679999997,76.65221360000004],[-72.45399250199995,76.65247410000006],[-72.45042220199997,76.65274830000004],[-72.44687100199997,76.65303800000004],[-72.44334199899998,76.65334040000005],[-72.43984539999997,76.65365900000006],[-72.43637099899996,76.65399020100006],[-72.43291889799997,76.65433390100003],[-72.42948570099998,76.65469330000008],[-72.42608809999996,76.65506590000007],[-72.42272599699999,76.65545180000004],[-72.41938280299996,76.65585329900006],[-72.41607009999996,76.65626620000006],[-72.41279289999994,76.65669230000003],[-72.40955110199997,76.65713170000004],[-72.40633150199994,76.65758360000007],[-72.40316059999998,76.65804959900004],[-72.40002019799994,76.65852690000008]]],[[[-66.44457055499998,80.82121855800006],[-66.44539251199996,80.82109735500006],[-66.44803139799996,80.82070820000007],[-66.47513580099996,80.81670619900007],[-66.49720359499997,80.81344560000008],[-66.53528140099996,80.80780890000005],[-66.57331290299999,80.80216810000007],[-66.59983870199994,80.79822750100004],[-66.62634199999997,80.79428490000004],[-66.66426870299995,80.78863470000005],[-66.70214929999997,80.78298050000006],[-66.73997799999995,80.77732190000006],[-66.77776079799997,80.77165940000003],[-66.80411639999994,80.76770290000007],[-66.83044969899998,80.76374460000005],[-66.86812209599998,80.75807309900006],[-66.90574860299995,80.75239780000004],[-66.94333279899996,80.74671850100003],[-66.98087139799998,80.74103540000004],[-67.00705470399998,80.73706470000008],[-67.03321589699993,80.73309220000004],[-67.07064469999995,80.72740020000003],[-67.10802800199997,80.72170439900003],[-67.14536609699996,80.71600370000004],[-67.18265879999996,80.71029920000007],[-67.18548990399995,80.70986050000005],[-67.18930250299996,80.70925010000008],[-67.19305920099998,80.70862680000005],[-67.19674180199996,80.70799469900004],[-67.20036239899997,80.70735270000006],[-67.20390269799998,80.70669980100007],[-67.20738109999996,80.70603700000004],[-67.21078530099999,80.70536540100005],[-67.21410920099999,80.70468280000006],[-67.21737730099994,80.70399240000006],[-67.22055290099996,80.70329220000008],[-67.22365439799995,80.70258300000006],[-67.22668179799996,80.70186500000005],[-67.22962279999996,80.70113910000003],[-67.23248980099999,80.70040440000008],[-67.23527049899997,80.69966180000006],[-67.23798320199995,80.69891220000005],[-67.24060359799995,80.69815290000008],[-67.24314379999998,80.69738760000007],[-67.24560399899997,80.69661650000006],[-67.24797790099996,80.69583750000004],[-67.25027180299998,80.69505260000005],[-67.25246729899999,80.69426080000005],[-67.25458279799994,80.69346320000005],[-67.25661220299997,80.69265770000004],[-67.25855550299997,80.69184930000006],[-67.26041270399998,80.69103309900004],[-67.26218400399995,80.69021390000006],[-67.26385700099996,80.68938790000004],[-67.26544400099993,80.68855900000005],[-67.26577450299999,80.68838070000004],[-67.26844089699995,80.68692300000004],[-67.28296949599996,80.67897080000006],[-67.29747360299996,80.67101800000006],[-67.30013059999999,80.66956000000005],[-67.31461079799993,80.66160700000006],[-67.32906659999998,80.65365340000005],[-67.33171410299997,80.65219510100007],[-67.34613700199998,80.64424080000003],[-67.36053550399998,80.63628589900003],[-67.36316779899994,80.63483020000007],[-67.37753970299997,80.62687420100008],[-67.39188739999997,80.61891760000003],[-67.39451630099995,80.61745860000008],[-67.40883439699996,80.60950220000007],[-67.42312860099997,80.60154540100007],[-67.42574820299996,80.60008600000003],[-67.44001599999996,80.59212800000006],[-67.45425979799995,80.58416930000004],[-67.45687019699994,80.58270970000007],[-67.47108170099995,80.57475040000008],[-67.48526949899997,80.56679050000008],[-67.48787070399999,80.56533050000007],[-67.50203539899996,80.55737050000005],[-67.51617649799994,80.54940980100008],[-67.51875660099995,80.54795050000007],[-67.53287170099998,80.53998880000006],[-67.54696319999994,80.53202640000006],[-67.54954039399996,80.53056880000008],[-67.56359700099995,80.52260480000007],[-67.57763030199999,80.51464020000003],[-67.57832010199996,80.51424620000006],[-67.57969639899994,80.51340880000004],[-67.58099409999994,80.51256550000005],[-67.58219550199993,80.51172030000004],[-67.58331250099997,80.51087240000004],[-67.58389970099995,80.51038259900008],[-67.59295349899998,80.50279340000003],[-67.60199299799996,80.49520400000006],[-67.61101919799995,80.48761390000004],[-67.64696830099996,80.45725109900008],[-67.65591970099996,80.44965960000007],[-67.66485519699995,80.44206880000007],[-67.67377659899995,80.43447790000005],[-67.68268199999994,80.42688530000004],[-67.69157340199996,80.41929250000004],[-67.70045799499997,80.41170100000005],[-67.70932860199997,80.40410920000005],[-67.71818340199997,80.39651589900006],[-67.72702419599995,80.38892230000005],[-67.73584939999995,80.38132950000005],[-67.74466080099995,80.37373660000003],[-67.75345950199994,80.36614300000008],[-67.76224439899994,80.35854910000006],[-67.76247599799996,80.35833970000004],[-67.76339489899993,80.35748510000008],[-67.76358100199997,80.35729950100006],[-67.76568779799999,80.35519080100005],[-67.76779359799997,80.35308200100008],[-67.76989859899999,80.35097310100008],[-67.77199099999996,80.34886530000006],[-67.77410020199994,80.34675830000003],[-67.77620259999998,80.34464940000004],[-67.77830410099995,80.34254050000004],[-67.78039289999998,80.34043250000008],[-67.78249259899997,80.33832350000006],[-67.78459149999998,80.33621440000007],[-67.78521620499998,80.33555950000004],[-67.78595390299995,80.33470020000004],[-67.78659690099994,80.33383920000006],[-67.78715710199998,80.33297540000007],[-67.78762870399999,80.33211180000006],[-67.78801150099997,80.33124350000008],[-67.78830019899993,80.33037830000006],[-67.78850599899994,80.32951040100005],[-67.78860569799997,80.32864170000005],[-67.78862869899996,80.32777220000008],[-67.78855159599993,80.32690400000007],[-67.78839229799996,80.32603780100004],[-67.78837250099997,80.32593990000004],[-67.78669009899994,80.31920090000006],[-67.78501000199998,80.31246190100006],[-67.78333199799994,80.30572260000008],[-67.78165639899998,80.29898320000007],[-67.77998290399995,80.29224350000004],[-67.77831170099995,80.28550380000007],[-67.77664569799998,80.27876480000003],[-67.77498190099993,80.27202570000009],[-67.77331729799994,80.26528530000007],[-67.77165489999999,80.25854490000006],[-67.77000070199995,80.25180610000007],[-67.76834870099998,80.24506730000007],[-67.76668999699996,80.23832770000007],[-67.76503349899997,80.23158810000007],[-67.76338800199994,80.22484860000003],[-67.76174469899996,80.21810920000007],[-67.76009769799998,80.21136980000006],[-67.75845300299994,80.20463050000006],[-67.75681609699996,80.19789030000004],[-67.75518139899998,80.19115010000007],[-67.75495109899998,80.19035510000003],[-67.75460479799995,80.18948799900005],[-67.75417730199996,80.18862300100005],[-67.75366270199999,80.18775820100007],[-67.75306709799997,80.18689560000007],[-67.75237869999995,80.18603620100004],[-67.75160340099995,80.18517700100006],[-67.75077949799999,80.18436440000005],[-67.74920710099997,80.18288470000005],[-67.74764680099997,80.18140400000004],[-67.74607530099996,80.17992430000004],[-67.74451590199993,80.17844360000004],[-67.74294529799994,80.17696380000007],[-67.74138679999999,80.17548310000006],[-67.73981710099997,80.17400330000004],[-67.73825950099996,80.17252250000007],[-67.73669069699997,80.17104270000004],[-67.73513400099995,80.16956189900003],[-67.73507179699993,80.16950759900004],[-67.73412550299997,80.16865360100007],[-67.73308680099996,80.16780270000004],[-67.73196160199996,80.16695710100004],[-67.73074960199995,80.16611160000008],[-67.72945709999993,80.16527320000006],[-67.72807230199999,80.16443790000005],[-67.72659519899997,80.16360590000005],[-67.72504919999994,80.16277990000003],[-67.72341090499998,80.16195710000005],[-67.72169780299998,80.16113840000008],[-67.71989280299994,80.16032780000006],[-67.71801309899996,80.15952140000007],[-67.71604710199995,80.15872000000007],[-67.71400079999995,80.15792580000004],[-67.71186819999997,80.15713670000008],[-67.70965540299994,80.15635470000007],[-67.70737379999997,80.15557870000004],[-67.70501189799995,80.15480980000007],[-67.70257580099997,80.15405010000006],[-67.70005340299997,80.15329540000005],[-67.69745680099999,80.15254969900008],[-67.69743900099996,80.15254380000005],[-67.67631210399998,80.14658420000006],[-67.65521039999999,80.14062330000007],[-67.63413509999998,80.13466180000006],[-67.61308509899999,80.12869910000006],[-67.59205840199996,80.12273490000007],[-67.57105680299998,80.11676940000007],[-67.55007849999998,80.11080240000007],[-67.52912529899999,80.10483419900004],[-67.50820400199996,80.09886490000008],[-67.48730759999995,80.09289440000003],[-67.46643440199995,80.08692240100004],[-67.44558609899997,80.08094910000005],[-67.42476089699994,80.07497440000003],[-67.40396040099995,80.06899830000003],[-67.38318299999997,80.06302090000008],[-67.36243029699995,80.05704209900006],[-67.34001120099998,80.05057520000008],[-67.35069509799996,80.04292200000003],[-67.36136289999996,80.03526860000005],[-67.37258310199996,80.02720620000008],[-67.38378539799999,80.01914350000004],[-67.39496539899994,80.01108059900008],[-67.40612749799993,80.00301720000004],[-67.41727309999999,79.99495300000007],[-67.42840089899994,79.98688850000008],[-67.43951509799996,79.97882410000005],[-67.45061159899996,79.97075940000008],[-67.45450749799994,79.96792410000006],[-67.46558170199995,79.95985839900004],[-67.47663819699994,79.95179230100007],[-67.48767280199996,79.94372590000006],[-67.49868979899998,79.93565910000007],[-67.50968500399995,79.92759210000008],[-67.52066279899998,79.91952470000007],[-67.53162729699994,79.91145740000007],[-67.54257439999998,79.90338990000004],[-67.55350549699995,79.89532150000008],[-67.56441929799996,79.88725280000006],[-67.57531710399996,79.87918330000008],[-67.58619769999996,79.87111340000007],[-67.59002079699997,79.86827560100005],[-67.60087400099997,79.86020530000008],[-67.61171020199998,79.85213460000006],[-67.62253340099994,79.84406410000008],[-67.63333950099997,79.83599320100006],[-67.64412990099999,79.82792160000008],[-67.65490340199995,79.81984959900007],[-67.66565559899993,79.81177740000004],[-67.67639090299997,79.80370480000005],[-67.68711059799995,79.79563140000005],[-67.69781350199997,79.78755770000004],[-67.70849809799995,79.77948470000007],[-67.71916609999994,79.77141140000003],[-67.72290730099996,79.76857219900006],[-67.73355410399995,79.76049790000008],[-67.74418429999997,79.75242330000003],[-67.75480200099997,79.74434889900004],[-67.76540310199994,79.73627410000006],[-67.77598609899997,79.72819760000004],[-67.78655260199997,79.72012070000005],[-67.79710109999996,79.71204460000007],[-67.80763329699994,79.70396820000008],[-67.81815029799998,79.69589100000007],[-67.82865099999998,79.68781340000004],[-67.83913100199999,79.67973560000007],[-67.84959479899999,79.67165749900005],[-67.85327819699995,79.66881490000003],[-67.86372140099996,79.66073580000005],[-67.87414860099994,79.65265640000007],[-67.88455809599998,79.64457780000004],[-67.89495149899994,79.63649880100007],[-67.90533550099997,79.62841860000003],[-67.91570349899996,79.62033800000006],[-67.92605119899997,79.61225720100003],[-67.93638300199996,79.60417600000005],[-67.94670000299993,79.59609419900005],[-67.95700110099995,79.58801200000005],[-67.96728490199996,79.57993050000005],[-67.97755300099993,79.57184879900007],[-67.98116409999994,79.56900680000007],[-67.99141219999996,79.56092410000008],[-68.00164459799998,79.55284110000008],[-68.01186240099997,79.54475739900005],[-68.02206449899995,79.53667330000007],[-68.03224679699997,79.52858910000003],[-68.04241349799997,79.52050450000007],[-68.05257400199997,79.51241960000004],[-68.06271899799998,79.50433440000006],[-68.07283879899995,79.49624960000006],[-68.08294330299998,79.48816440000007],[-68.09303869899998,79.48007790000008],[-68.10311889899998,79.47199120000005],[-68.10665420199996,79.46914800000008],[-68.11671230399998,79.46106190000006],[-68.12675529999996,79.45297540000007],[-68.13678110299998,79.44488720000004],[-68.14679189899994,79.43679880000008],[-68.15678590399995,79.42871109900005],[-68.16676489999998,79.42062310000006],[-68.17673510299994,79.41253390000008],[-68.18669030199999,79.40444429900003],[-68.19662069699996,79.39635510000005],[-68.20653630099997,79.38826560000007],[-68.21644599799998,79.38017580000007],[-68.22634079799997,79.37208580100008],[-68.22981279699997,79.36924040000008],[-68.23968869999999,79.36114940000004],[-68.24954970099998,79.35305809900007],[-68.25939159899997,79.34496670000004],[-68.26921879799994,79.33687500000008],[-68.27903219799998,79.32878250000005],[-68.28883090399995,79.32068980000008],[-68.29861339999997,79.31259780000005],[-68.30838129899996,79.30450560000008],[-68.31813549899994,79.29641270000008],[-68.32787519899995,79.28831940000003],[-68.33760130099995,79.28022550000009],[-68.34731290399998,79.27213130000007],[-68.35072890399994,79.26928570000007],[-68.36041679999994,79.26119110000008],[-68.37009029699993,79.25309619900008],[-68.37975030099994,79.24500070000005],[-68.38939600399993,79.23690480000005],[-68.39903109799997,79.22880930000008],[-68.40865190099998,79.22071340000008],[-68.41825409999996,79.21261740000006],[-68.42784199599998,79.20452110000008],[-68.43741669999997,79.19642420100007],[-68.44697730199994,79.18832690000005],[-68.45652459899998,79.18022889900004],[-68.46605779899994,79.17213070100007],[-68.47304250099995,79.16619120000007],[-68.48001970199994,79.16025150000007],[-68.48951980199996,79.15215190000004],[-68.49900589899994,79.14405200000004],[-68.50847659799996,79.13595290000006],[-68.51793329999998,79.12785360000004],[-68.52737449599994,79.11975510000008],[-68.53680189899995,79.11165620000008],[-68.54621879899997,79.10355530000004],[-68.55562179999998,79.09545400100006],[-68.56157809699994,79.09489790000003],[-68.58543319899997,79.09266630000008],[-68.60927419899997,79.09043590000005],[-68.63311070399993,79.08820070000007],[-68.65694339799995,79.08596570000003],[-68.68076680099995,79.08372880000007],[-68.68371219999995,79.08344730100004],[-68.68777870199995,79.08304420000007],[-68.69180599899994,79.08262740000004],[-68.69578380199994,79.08219780000007],[-68.69972800099998,79.08175650000004],[-68.70363310199997,79.08130140000003],[-68.70749350099999,79.08083060000007],[-68.71131540199997,79.08035100000006],[-68.71508230299997,79.07985670000005],[-68.71880530099997,79.07935160000005],[-68.72248340399995,79.07883090000007],[-68.72611280199999,79.07830240000004],[-68.72968719699998,79.07775930100007],[-68.73321749899998,79.07720540000008],[-68.73625309799996,79.07671200100003],[-68.76120699999996,79.07259180000005],[-68.78614240199994,79.06846970000004],[-68.81105529799999,79.06434610000008],[-68.83594960099998,79.06022040000005],[-68.83934240199994,79.05965820000006],[-68.83941379899994,79.05964580000006],[-68.86255739899997,79.05580540000005],[-68.88568509699996,79.05196320100004],[-68.90467289899993,79.04880379900004],[-68.90489199899997,79.04876860000007],[-68.90510559699999,79.04873150000003],[-68.93534319899999,79.04369600000007],[-68.96014849799997,79.03956040000008],[-68.98493529699994,79.03542279900006],[-69.00000000199998,79.03290430000004],[-69.00970210199995,79.03128220000008],[-69.03445039999997,79.02713970100007],[-69.03534809999996,79.02698850100006],[-69.03587069799994,79.02690150100005],[-69.05988870099998,79.02287750000005],[-69.08388929899996,79.01885170000008],[-69.10858469899995,79.01470320000004],[-69.13326159899998,79.01055270100005],[-69.15791620099998,79.00640080000005],[-69.18255240099995,79.00224690000005],[-69.20717139799996,78.99809110000007],[-69.23177199999998,78.99393330000004],[-69.23394480099995,78.99356130000007],[-69.23728900099997,78.99297280000008],[-69.24057869799998,78.99237480000005],[-69.24380299999996,78.99176320000004],[-69.24488220099994,78.99155630000007],[-69.26477809499994,78.98768300000006],[-69.29516889999996,78.98176239900005],[-69.32552750299993,78.97583880000008],[-69.34537929899994,78.97195920100006],[-69.37568230299996,78.96603110000007],[-69.40595310099997,78.96010000000007],[-69.42574069999995,78.95621620000009],[-69.45596109999997,78.95028010000004],[-69.48614949799997,78.94434100000007],[-69.50588880199996,78.94045400000005],[-69.53601910299994,78.93450950000005],[-69.56611739699997,78.92856200000006],[-69.58580750299996,78.92466680000007],[-69.61585569899995,78.91871430100008],[-69.64587199799996,78.91275900000005],[-69.66548829999994,78.90886070000005],[-69.69545469799993,78.90290040000008],[-69.72538929899997,78.89693710000006],[-69.74496230099999,78.89303260000008],[-69.77483919999997,78.88706400000007],[-69.80468449899996,78.88109240000006],[-69.82420419899995,78.87718280100006],[-69.85400260199998,78.87120730000004],[-69.88376950099996,78.86522890000003],[-69.90323600099998,78.86131420000004],[-69.93294550199994,78.85533050000004],[-69.96262350099994,78.84934389900008],[-69.97018559899993,78.84781630000003],[-69.99982640199994,78.84182600000008],[-70.02943580099998,78.83583280000005],[-70.03264359999997,78.83533589900003],[-70.04918159899995,78.83276980000005],[-70.06571809899998,78.83020470000008],[-70.08225159999995,78.82763570000003],[-70.09876779799998,78.82506689900003],[-70.11527679899996,78.82249720000004],[-70.13178420299994,78.81992860100007],[-70.14828869999997,78.81735600100006],[-70.16477590399995,78.81478360000006],[-70.17136050399995,78.81375790000004],[-70.19542769899994,78.81070710100005],[-70.21948199899998,78.80765440000005],[-70.24883260299998,78.80392370000004],[-70.27816389899994,78.80019010000007],[-70.30747500199993,78.79645530100004],[-70.33676669999994,78.79271760000006],[-70.36603759899998,78.78897620000004],[-70.39528919899993,78.78523190000004],[-70.42452270299998,78.78148490000007],[-70.45373699899994,78.77773500100005],[-70.48293310199995,78.77398240000008],[-70.51211009699995,78.77022700100008],[-70.54126889799994,78.76646880000004],[-70.57040850099997,78.76270780100003],[-70.59952510099998,78.75894460000006],[-70.62862249999995,78.75517860000008],[-70.65770390099993,78.75140840000006],[-70.68676609799996,78.74763530100006],[-70.70650230099994,78.74507110000008],[-70.72622970099997,78.74250570000004],[-70.75849009799998,78.73974430000004],[-70.79073500199996,78.73697950000007],[-70.79794519799998,78.73636010000007],[-70.83679500099998,78.73302070000005],[-70.87562199999996,78.72967620000009],[-70.88282339999995,78.72905490100004],[-70.92162500399996,78.72570470000005],[-70.96040379899995,78.72234950100005],[-70.96758640099995,78.72172740000008],[-71.00633979999998,78.71836650000006],[-71.04507029599995,78.71500050000003],[-71.05225379799998,78.71437520000006],[-71.09095599899996,78.71100270000005],[-71.12963539999998,78.70762510000003],[-71.13680979699996,78.70699780000007],[-71.17546370199994,78.70361450000007],[-71.21409469699995,78.70022630000005],[-71.22125039999997,78.69959810000006],[-71.25985579999997,78.69620419900008],[-71.29843839999995,78.69280530000003],[-71.30558509699995,78.69217520000007],[-71.34413919999997,78.68876970000008],[-71.38267029799994,78.68535920000005],[-71.38981779799997,78.68472590000005],[-71.42831840099996,78.68131040000003],[-71.46679619999998,78.67788980100005],[-71.47393459899996,78.67725460100007],[-71.51238670199996,78.67382840000005],[-71.55081579899996,78.67039730100004],[-71.55338669999998,78.67016200000006],[-71.55737209799997,78.66978870000008],[-71.56133009899997,78.66939770000005],[-71.56524309999998,78.66899640100007],[-71.56574049999995,78.66894300100006],[-71.60099659999997,78.66521790000007],[-71.63622989899994,78.66148870000006],[-71.67143869899996,78.65775450000007],[-71.70662470499997,78.65401610000004],[-71.74178439999997,78.65027430000004],[-71.77692119899996,78.64652829900007],[-71.81203839799997,78.64277690000006],[-71.84713279999994,78.63902129900004],[-71.88220380199994,78.63526320000005],[-71.91725179899998,78.63150100000007],[-71.95227549999998,78.62773390000007],[-71.98727619799996,78.62396260000008],[-72.02225549899998,78.62018740000008],[-72.05721189899998,78.61640810000006],[-72.09214379899998,78.61262380000005],[-72.12705289999997,78.60883550000005],[-72.16194329799998,78.60504410000004],[-72.19681089899996,78.60124860000008],[-72.23165399999993,78.59744830000005],[-72.26647419999995,78.59364380000005],[-72.26718199999993,78.59356550000007],[-72.27100269999994,78.59313690000005],[-72.27477590199999,78.59269310000008],[-72.27851339999995,78.59223789900005],[-72.28221519899995,78.59177120000004],[-72.28586950199997,78.59128930000008],[-72.28948220099994,78.59079419900007],[-72.29304970199996,78.59028870000003],[-72.29656590099995,78.58977120000003],[-72.30004049899998,78.58924030000009],[-72.30346979899997,78.58869920000006],[-72.30685159599994,78.58814280000007],[-72.30932119699997,78.58772650000003],[-72.31289249999998,78.58769350000006],[-72.31727279699999,78.58764030000003],[-72.32164639899997,78.58757210000005],[-72.32601330099999,78.58748900000006],[-72.33037339899994,78.58739100100007],[-72.33472069999993,78.58727610000005],[-72.33906719999999,78.58714820000006],[-72.34339140099996,78.58700460000006],[-72.34770280299995,78.58684410000006],[-72.35200370099994,78.58667180000003],[-72.35628589899994,78.58648080000006],[-72.36055760199997,78.58627790000008],[-72.36479730099995,78.58606050000003],[-72.36902420299998,78.58582630000006],[-72.37323459999999,78.58557830000007],[-72.37741300099998,78.58531590000007],[-72.38157480199999,78.58503960000007],[-72.38570470299999,78.58474890000008],[-72.38981800099998,78.58444440000005],[-72.39389330199998,78.58412360000005],[-72.39794249799996,78.58379010100003],[-72.40195959899995,78.58344220000004],[-72.40595049899997,78.58308170100008],[-72.40990939799997,78.58270670000007],[-72.41382069999997,78.58231660100006],[-72.41772119999996,78.58191450000004],[-72.42156459999995,78.58149840100003],[-72.42537580099997,78.58106790000005],[-72.42915130199998,78.58062600000005],[-72.43288509999996,78.58017070000005],[-72.43657710099995,78.57970220000004],[-72.44023329999999,78.57922220000006],[-72.44383230099999,78.57872830000008],[-72.44740509899998,78.57822170000003],[-72.45091700399996,78.57770430000005],[-72.45438709999996,78.57717350000007],[-72.45480660099997,78.57710890000004],[-72.45557000099996,78.57705710000005],[-72.45969530199994,78.57676540000006],[-72.46380400199996,78.57645990000003],[-72.46788050199996,78.57613990000004],[-72.47193080099998,78.57580740000003],[-72.47594310199997,78.57545850000008],[-72.47992909999994,78.57509700000008],[-72.48388299899995,78.57472100100006],[-72.48780109799998,78.57433370000007],[-72.49168110099998,78.57393000000008],[-72.49553479799994,78.57351370000003],[-72.49933720099995,78.57308530000006],[-72.50310739999998,78.57264240100005],[-72.50684179899997,78.57218810000006],[-72.51052840199998,78.57171870100007],[-72.51417919799997,78.57123780000006],[-72.51778830099994,78.57074370000004],[-72.52134600199997,78.57023750000008],[-72.52486779899994,78.56971980000003],[-72.52833230199997,78.56918820000004],[-72.53175150199996,78.56864640000003],[-72.53512880299996,78.56809130000005],[-72.53756360199998,78.56767850000006],[-72.53841940099994,78.56758870000004],[-72.54089740299997,78.56733310000004],[-72.54473770299995,78.56691740000008],[-72.54854579999994,78.56648720000004],[-72.55231800299998,78.56604560000005],[-72.55605800199999,78.56558950000004],[-72.55974069799998,78.56511950000004],[-72.56339350099995,78.56463990000003],[-72.56699849999995,78.56414520000004],[-72.57055209999999,78.56363840000006],[-72.57406979999996,78.56312020000007],[-72.57753620299997,78.56258990000003],[-72.58095119899997,78.56204750000006],[-72.58433030199996,78.56149370000009],[-72.58764260099997,78.56092710100006],[-72.59090939999999,78.56035030000004],[-72.59414029999994,78.55976220100007],[-72.59730439999998,78.55916120000006],[-72.60041350199998,78.55855130000003],[-72.60347119999994,78.55792920000005],[-72.60647390199995,78.55729810000008],[-72.60942520099996,78.55665500100008],[-72.61231210199998,78.55600400000003],[-72.61514749999998,78.55534090000003],[-72.61791850099996,78.55467000000004],[-72.62062860099996,78.55398830000007],[-72.62328369999994,78.55329750000004],[-72.62586840099993,78.55259699900006],[-72.62839819699997,78.55188740100004],[-72.63086350099996,78.55117010100008],[-72.63326439799994,78.55044500000008],[-72.63521160099998,78.54983630000004],[-72.64040369799994,78.54818250000005],[-72.64559439899995,78.54652860000004],[-72.65078949799994,78.54487650000004],[-72.65597729899997,78.54322240000005],[-72.66116369999997,78.54156820000003],[-72.66634869799998,78.53991390000004],[-72.67153809999996,78.53826140000007],[-72.67672019799994,78.53660690000004],[-72.68190079899995,78.53495239900008],[-72.68708599899998,78.53329960000008],[-72.68736019599999,78.53321030000006],[-72.68790849699997,78.53303190000008],[-72.70872540199997,78.52628490000006],[-72.72951810099994,78.51953640100004],[-72.75029119999994,78.51278730000007],[-72.77104009899995,78.50603670000004],[-72.79176359999997,78.49928350000005],[-72.81246309699998,78.49252890000008],[-72.83313529999998,78.48577320000004],[-72.85378359899994,78.47901610000008],[-72.87440949899997,78.47225740000005],[-72.89501160099996,78.46549720000007],[-72.91559129699993,78.45873540000008],[-72.93614720299996,78.45197220000006],[-72.95667609799995,78.44520790100006],[-72.97718129799995,78.43844230000008],[-72.99766139999997,78.43167400000004],[-73.01811779899998,78.42490439900007],[-73.03855500099996,78.41813410000003],[-73.05896860099995,78.41136240000003],[-73.07936019899995,78.40458900000004],[-73.09972830199996,78.39781430000005],[-73.10051629999998,78.39755270000006],[-73.10268889999998,78.39680310000006],[-73.10480690099996,78.39604450000007],[-73.10685160399998,78.39527930000008],[-73.10882310299996,78.39450770000008],[-73.11073670199994,78.39373020000005],[-73.11258040399997,78.39294310000008],[-73.11435689699994,78.39215140000005],[-73.11446999599997,78.39210000000008],[-73.11620979799994,78.39130500100003],[-73.11793399899994,78.39050930000008],[-73.11967329999999,78.38971430000004],[-73.12141229799994,78.38891930000005],[-73.12314519599994,78.38812240000004],[-73.12487449799994,78.38732849900003],[-73.12576279799998,78.38692460000004],[-73.12733199999997,78.38618810000008],[-73.12896059899998,78.38538330000006],[-73.13053729899997,78.38457450000004],[-73.13202559699994,78.38375850000006],[-73.13345260099999,78.38293980000003],[-73.13479719799994,78.38211579900008],[-73.13608389799998,78.38128589900003],[-73.13728819999994,78.38045070000004],[-73.13842190299994,78.37961400000006],[-73.13948860299996,78.37877270000007],[-73.14047280299997,78.37792600000006],[-73.14138650099994,78.37707780000005],[-73.14223319999996,78.37622490000007],[-73.14299999999997,78.37537170000007],[-73.14369050199997,78.37451510000005],[-73.14431390299995,78.37365380000006],[-73.14457170099996,78.37325390000007],[-73.14664620299999,78.36999179900005],[-73.15186289899998,78.36176450000005],[-73.15707230099997,78.35353710000004],[-73.15913409799998,78.35027280000008],[-73.16433690199995,78.34204579900006],[-73.16953239799994,78.33381869900006],[-73.17158760099994,78.33055420100004],[-73.17677360099998,78.32232660000005],[-73.18195240399996,78.31409880000007],[-73.18400679499996,78.31083600000005],[-73.18917140099995,78.30260830000003],[-73.19432890199994,78.29438050000005],[-73.19637079999995,78.29111549900006],[-73.20152179799999,78.28288820000006],[-73.20666559999995,78.27466070000008],[-73.20870099899997,78.27139550000004],[-73.21383539899995,78.26316739900005],[-73.21896269999996,78.25493930000005],[-73.22099149899998,78.25167390000007],[-73.22610490199997,78.24344580000007],[-73.23121110199997,78.23521770000008],[-73.23323930199996,78.23195390100005],[-73.23833629999996,78.22372520100004],[-73.24342619799995,78.21549640000006],[-73.24544209699997,78.21223050000003],[-73.25052560399996,78.20400210000008],[-73.25560219699997,78.19577370000007],[-73.25761749699996,78.19250940000006],[-73.26267729799997,78.18428010000008],[-73.26773020099995,78.17605070000008],[-73.26794519899994,78.17569730000008],[-73.26841150299998,78.17483230000005],[-73.26879930299998,78.17396700000006],[-73.26911450099993,78.17310330000004],[-73.26935460199996,78.17223610000008],[-73.26952540199994,78.17136750000003],[-73.26961790299998,78.17049850000006],[-73.26963790199994,78.16963109900007],[-73.26957939899995,78.16876340000005],[-73.26945179899997,78.16789410000007],[-73.26925179599993,78.16702640000005],[-73.26897339999994,78.16615840000003],[-73.26878039799993,78.16565740000004],[-73.26610159799998,78.15913500100004],[-73.26271290099999,78.15086920000005],[-73.25932889699999,78.14260330000008],[-73.25594770099997,78.13433860000004],[-73.25257099799995,78.12607380000003],[-73.24919869999997,78.11780870000007],[-73.24583110099996,78.10954350000003],[-73.24247069999996,78.10127890000007],[-73.23911490399996,78.09301430000005],[-73.23647059699994,78.08648730000004],[-73.23312259999994,78.07822220000008],[-73.22977919899995,78.06995690000008],[-73.22643839999995,78.06169290000008],[-73.22310219799994,78.05342880100005],[-73.21977189799998,78.04516280000007],[-73.21644619899996,78.03689670000006],[-73.21312760199999,78.02863120000006],[-73.20981349899995,78.02036570000007],[-73.20720229699998,78.01384230000008],[-73.20389139799994,78.00557690000005],[-73.20058499999993,77.99731140000006],[-73.19728730199995,77.98904500000003],[-73.19399410199998,77.98077850000004],[-73.19070349599997,77.97251320000004],[-73.18741730099998,77.96424780000007],[-73.18413529699995,77.95598210000009],[-73.18085770199997,77.94771630000008],[-73.17827080199999,77.94118960000003],[-73.17500369899994,77.93292430000008],[-73.17174099999994,77.92465890100004],[-73.16847949899994,77.91639230000004],[-73.16522250099996,77.90812550000004],[-73.16196790099997,77.89986000000005],[-73.15871769799998,77.89159440100008],[-73.15547620099994,77.88332790000004],[-73.15223889999999,77.87506130000008],[-73.14968410099993,77.86853819900006],[-73.14645430099995,77.86027120100005],[-73.14322879899998,77.85200400000008],[-73.14000579799995,77.84373809900006],[-73.13678709999994,77.83547210000006],[-73.13357239999993,77.82720579900007],[-73.13036209899997,77.81893940000003],[-73.12715579899998,77.81067270100004],[-73.12395379899993,77.80240599900003],[-73.12143120199994,77.79587840000005],[-73.11823930099996,77.78761210000005],[-73.11505169799995,77.77934579900005],[-73.11186799999996,77.77107910000007],[-73.10868859999994,77.76281230000006],[-73.10550880199997,77.75454580100006],[-73.10233319899999,77.74627930000008],[-73.09916599899998,77.73801180000004],[-73.09600299799996,77.72974430000005],[-73.09351129999999,77.72322040000006],[-73.09035550199997,77.71495240000007],[-73.08720380299997,77.70668429900007],[-73.08405450099997,77.69841750000006],[-73.08090930099996,77.69015060000004],[-73.07777529799995,77.68188370000007],[-73.07464540299998,77.67361680000005],[-73.07151230099998,77.66534920000004],[-73.06838319899998,77.65708150000006],[-73.06591389699997,77.65055440000003],[-73.06279469999998,77.64228720000006],[-73.05967960099997,77.63402000000008],[-73.05656839999995,77.62575240100006],[-73.05346130099997,77.61748480000006],[-73.05035800099995,77.60921690000004],[-73.04725879899996,77.60094890000005],[-73.04416620099994,77.59268150000008],[-73.04107770099995,77.58441410000006],[-73.03555550199997,77.56962030000005],[-73.03247359899996,77.56135300000005],[-73.02939980299993,77.55308470000006],[-73.02633009799996,77.54481640000006],[-73.02325979799997,77.53654840000007],[-73.02019350099994,77.52828030000006],[-73.01713370199997,77.52001280000007],[-73.01407789799998,77.51174530000003],[-73.01167429799995,77.50521940000004],[-73.00862529999995,77.49695150000008],[-73.00558030099995,77.48868349900005],[-73.00253910099997,77.48041510000007],[-72.99950179899997,77.47214680000008],[-72.99646819799995,77.46387810000004],[-72.99343849899998,77.45560930000005],[-72.99041529899995,77.44734120000004],[-72.98739609999996,77.43907310000003],[-72.98716050099995,77.43848209900005],[-72.98676190099997,77.43761779900007],[-72.98629489999996,77.43675490000004],[-72.98576500199994,77.43589540000005],[-72.98516110399999,77.43503560000005],[-72.98448570399995,77.43418030000004],[-72.98374189999998,77.43332640100004],[-72.98293519899994,77.43247600100005],[-72.98205139899994,77.43162820000003],[-72.98111030099994,77.43078570100005],[-72.98009219899996,77.42994590100005],[-72.97901119899996,77.42910950100008],[-72.97786739899993,77.42827640000007],[-72.97665759999995,77.42744980000003],[-72.97537079999995,77.42662590000003],[-72.97403219899996,77.42580910000004],[-72.97262209799999,77.42499690000005],[-72.97114059899997,77.42418920000006],[-72.96960719899994,77.42338870000003],[-72.96800249699999,77.42259280000007],[-72.96754359999994,77.42237600000004],[-72.96714039599993,77.42201950000003],[-72.96612379999993,77.42117960000007],[-72.96504449599996,77.42034310000008],[-72.96390229799994,77.41951000000006],[-72.96267999699995,77.41868260000007],[-72.96140909699994,77.41785930000003],[-72.96006359799998,77.41704360000006],[-72.95864989899997,77.41622940000008],[-72.95717570099998,77.41542360000005],[-72.95563870199999,77.41462110100008],[-72.95404130099996,77.41382690000006],[-72.95237260099998,77.41303730000004],[-72.95065199899994,77.41225480100007],[-72.94885700099996,77.41148000100003],[-72.94700469799994,77.41071040000008],[-72.94509200099998,77.40994920000009],[-72.94312209999998,77.40919320000006],[-72.94108309999996,77.40844670000007],[-72.93899250099997,77.40770730000008],[-72.93684139799996,77.40697630000005],[-72.93463000099996,77.40625360000007],[-72.93237229999994,77.40553990000006],[-72.93004019999995,77.40483380000006],[-72.92918910099996,77.40458130000007],[-72.92011239899995,77.40190990000008],[-72.89749289799994,77.39524340000008],[-72.87489709999994,77.38857500000006],[-72.85233049899995,77.38190500100006],[-72.82978729899997,77.37523310000006],[-72.80726209799997,77.36855970000005],[-72.78476019699997,77.36188450000003],[-72.77573669699996,77.35920630000004],[-72.75327040099995,77.35252770000005],[-72.73082739899996,77.34584730000006],[-72.70840219899998,77.33916550000004],[-72.68600029599997,77.33248180000004],[-72.66362739599998,77.32579650000008],[-72.64127769799995,77.31910940000006],[-72.63231240199997,77.31642620000008],[-72.60999370399998,77.30973630000005],[-72.58769810099994,77.30304460000008],[-72.56542879899996,77.29635030000003],[-72.54318250299997,77.28965410000006],[-72.52095369999995,77.28295669900007],[-72.49874800099997,77.27625730000005],[-72.48984899899995,77.27356810000003],[-72.46767669899998,77.26686699900006],[-72.44552730199996,77.26016400000003],[-72.42340130199995,77.25345760000005],[-72.40129820299995,77.24674940000006],[-72.37921939999995,77.24004020000007],[-72.35716339899994,77.23332910000005],[-72.34832170199996,77.23063510000003],[-72.32629619999994,77.22392130000003],[-72.30429350099996,77.21720580100003],[-72.28231499999998,77.21048930000006],[-72.26791429799994,77.20608280000005],[-72.26035920099997,77.20377100000007],[-72.23842219799997,77.19704980000006],[-72.21650779999999,77.19032679900005],[-72.20772810099999,77.18762980000008],[-72.18584410099999,77.18090420000004],[-72.16398260099999,77.17417670000003],[-72.14214930199995,77.16744780000005],[-72.12033859899998,77.16071699900004],[-72.09854919899993,77.15398430000005],[-72.07678229799996,77.14724990000008],[-72.06805359699996,77.14454620000004],[-72.04631670199996,77.13780920000005],[-72.02460219699998,77.13107030000003],[-72.00290879899995,77.12432950100003],[-71.98123779699995,77.11758700000007],[-71.95959479899994,77.11084300100003],[-71.93797409999996,77.10409720000007],[-71.92930649999994,77.10139080000005],[-71.90771549899995,77.09464240000005],[-71.88614679799997,77.08789220000006],[-71.86459479999996,77.08114070000005],[-71.84306489699998,77.07438750000006],[-71.82156029599997,77.06763190000004],[-71.80007769799994,77.06087450100006],[-71.79146039799997,77.05816150000004],[-71.77000990199997,77.05140250000005],[-71.74858150199998,77.04464170000006],[-71.72717139999997,77.03787810000006],[-71.70578319999998,77.03111280000007],[-71.68441839899998,77.02434660000006],[-71.66307549999993,77.01757860000004],[-71.64286790099999,77.01116270000006],[-71.62267990099997,77.00474530000008],[-71.60140229999996,76.99797150000006],[-71.58014649899997,76.99119609900004],[-71.55891140199998,76.98441880000007],[-71.53769799999998,76.97763970000005],[-71.52092029999994,76.96972000000005],[-71.50507389999996,76.96223460000004],[-71.48924530199997,76.95474820000004],[-71.47344050299995,76.94726100000008],[-71.45765350299996,76.93977290000004],[-71.44188339699997,76.93228370000008],[-71.42613109799998,76.92479350000008],[-71.41382659699997,76.91893500000003],[-71.40734879799999,76.91584770000003],[-71.40153289999995,76.91307600000005],[-71.38582690099997,76.90558410100004],[-71.37013849899995,76.89809110100003],[-71.35446439999998,76.89059610000004],[-71.33880780099997,76.88310020000006],[-71.32317050099994,76.87560410000003],[-71.30755079899996,76.86810700000007],[-71.29535040099995,76.86224350000003],[-71.28316059899998,76.85637930000007],[-71.26758839899998,76.84887900000007],[-71.25203359899996,76.84137780000003],[-71.23649119999999,76.83387600000003],[-71.22096609999994,76.82637330000006],[-71.20546420299996,76.81886980000007],[-71.18997970099997,76.81136550000008],[-71.17787969999995,76.80549589900005],[-71.16579020099994,76.79962570000004],[-71.15034850099994,76.79211869900007],[-71.13492410399994,76.78461070000003],[-71.11951419699994,76.77710320000006],[-71.10412159799995,76.76959480100004],[-71.08874699899997,76.76208370000006],[-71.07338949599995,76.75457170000004],[-71.06139119999995,76.74869720000004],[-71.04940329899995,76.74282210000007],[-71.03409059999996,76.73530840000006],[-71.01879489999999,76.72779380000003],[-71.00351549999993,76.72027819900006],[-70.98825299999999,76.71276160000008],[-70.97300659999996,76.70524400000005],[-70.95777709999999,76.69772550000005],[-70.94588110199999,76.69184450000006],[-70.93399529999994,76.68596290000005],[-70.91880770099993,76.67844180000003],[-70.90363690199996,76.67091970000007],[-70.88848460199995,76.66339760000005],[-70.87334899999996,76.65587449900005],[-70.85823359999995,76.64834990000008],[-70.84313489999994,76.64082430000008],[-70.83134060099997,76.63493939900007],[-70.81955660199998,76.62905399900006],[-70.80449499799994,76.62152650000007],[-70.78945009899996,76.61399800000004],[-70.77442099699994,76.60646850000006],[-70.75940850099994,76.59893810100004],[-70.74441839899998,76.59140700000006],[-70.72944469899994,76.58387509900007],[-70.71774379899995,76.57798350000007],[-70.70605300099999,76.57209140000003],[-70.69111609799995,76.56455750000003],[-70.67619560099996,76.55702270000006],[-70.66129739899998,76.54948729900008],[-70.64641549799995,76.54195100000004],[-70.63154679999997,76.53441270000008],[-70.61669440199995,76.52687350000008],[-70.60509060099997,76.52097730000008],[-70.59349679999997,76.51508049900008],[-70.57868720199997,76.50753980000007],[-70.56389389899994,76.49999820000005],[-70.54912010199996,76.49245500000006],[-70.53436259999995,76.48491100000007],[-70.51961630199997,76.47736650000007],[-70.50488619999999,76.46982110000005],[-70.49337839899994,76.46392020000008],[-70.48188049799995,76.45801880100004],[-70.46719029799993,76.45047100000005],[-70.45251620099998,76.44292230100007],[-70.43786389899998,76.43537300000008],[-70.42322750199997,76.42782280000006],[-70.40860229799995,76.42027220000006],[-70.39399299899998,76.41272070000008],[-70.39282519899996,76.41212510000008],[-70.39122410099998,76.41134290100007],[-70.38956069999995,76.41056650100006],[-70.38784799899997,76.40979680000004],[-70.38607759999996,76.40903480100008],[-70.38424969999994,76.40828060100006],[-70.38236410099995,76.40753420000004],[-70.38042099899997,76.40679560000007],[-70.37842850099997,76.40606360000004],[-70.37637840099995,76.40533940000006],[-70.37609949799997,76.40524290000008],[-70.37587789999998,76.40506650000003],[-70.37481640199996,76.40423490000006],[-70.37369609999996,76.40340610000004],[-70.37251339799997,76.40258310000007],[-70.37126829899995,76.40176600000007],[-70.36995619899994,76.40095270000006],[-70.36859469799998,76.40014610000003],[-70.36717079899995,76.39934540000007],[-70.36569289699997,76.39854930000007],[-70.36414440099998,76.39776030000007],[-70.36254659799994,76.39697779900007],[-70.36088639899998,76.39620120000006],[-70.35917699899994,76.39543130000004],[-70.35740170199995,76.39467020100005],[-70.35557239999997,76.39391390000003],[-70.35369029999998,76.39316730000007],[-70.35175060199998,76.39242840000003],[-70.34976159999997,76.39169620100006],[-70.34771160099996,76.39097480000004],[-70.34561219899996,76.39026000100006],[-70.34346009899997,76.38955500000003],[-70.34125869899998,76.38885660000005],[-70.33900920199994,76.38816980000007],[-70.33670219899994,76.38749080000008],[-70.33434709999995,76.38682350000005],[-70.33194279899993,76.38616270000006],[-70.32949039899995,76.38551370000005],[-70.32698989999994,76.38487620000006],[-70.32444489899996,76.38424729900004],[-70.32185180099998,76.38363010000006],[-70.31921420099997,76.38302140000008],[-70.31653320099997,76.38242640000004],[-70.31380769699996,76.38183990000005],[-70.31103879899996,76.38126690000007],[-70.30823009899996,76.38070450000004],[-70.30538150099994,76.38015260100008],[-70.30248959799997,76.37961420000005],[-70.29955789799999,76.37908640000006],[-70.29659099899999,76.37857100100007],[-70.29358899899995,76.37806810100005],[-70.29053900099996,76.37757670100007],[-70.28746670099997,76.37709870000003],[-70.28435109799995,76.37663420000007],[-70.28120849999993,76.37618110000005],[-70.27802259899994,76.37574150000006],[-70.27481439699994,76.37531520000005],[-70.27157109799998,76.37490130100008],[-70.26829729899998,76.37450180000008],[-70.26499310099996,76.37411670000006],[-70.26166660199993,76.37374490000008],[-70.25894520199995,76.37345139900003],[-70.25768599999998,76.37326519900006],[-70.25454500199999,76.37281180000008],[-70.25169490099995,76.37241969900003],[-70.23489209999997,76.36859100000004],[-70.21809850099999,76.36476120000003],[-70.19282929999997,76.35899180000007],[-70.16758109999995,76.35321980000003],[-70.14235289999993,76.34744530000006],[-70.11714569899993,76.34166829900005],[-70.09569199799995,76.33674650000006],[-70.07425349699997,76.33182290000008],[-70.04910519999999,76.32603850000004],[-70.02397759999997,76.32025150000004],[-69.99886820099994,76.31446350000004],[-69.97377969799999,76.30867290000003],[-69.95243149899994,76.30373929900003],[-69.93109839899995,76.29880380000003],[-69.90606609799994,76.29300500000005],[-69.88105459899998,76.28720360000005],[-69.85606529999995,76.28140060000004],[-69.83109659899998,76.27559520000005],[-69.80984700299996,76.27064930000006],[-69.78861240199996,76.26570170000008],[-69.76370209999993,76.25988890000008],[-69.73881249799996,76.25407370000005],[-69.71393860099994,76.24825650000008],[-69.68908520099995,76.24243680000006],[-69.66793779999995,76.23747820000006],[-69.64680539799997,76.23251790100005],[-69.62201240099995,76.22669190000005],[-69.59724000099999,76.22086340000004],[-69.57248500099996,76.21503150100006],[-69.54775049999995,76.20919710000004],[-69.52670079899997,76.20422650000006],[-69.50566599799998,76.19925420000004],[-69.48098929799994,76.19341250000008],[-69.45633319999996,76.18756850000005],[-69.43169479699998,76.18172340000007],[-69.40707680099996,76.17587590000005],[-69.38612829899995,76.17089290000007],[-69.36519469999996,76.16590800000006],[-69.34063019999996,76.16005390000004],[-69.31608609899996,76.15419730000008],[-69.29156560199993,76.14833780000004],[-69.26706529899997,76.14247580000006],[-69.24621589899994,76.13748180000005],[-69.22538119799998,76.13248610000005],[-69.20093839899994,76.12661700000007],[-69.17651580399996,76.12074540000003],[-69.15210849999994,76.11487200000005],[-69.12772140199996,76.10899620000004],[-69.10696599899995,76.10398940000005],[-69.08622529699994,76.09898090000007],[-69.06189759899996,76.09309900100004],[-69.03758999799999,76.08721460100008],[-69.01329949799998,76.08132690100007],[-68.98902910199996,76.07543670000007],[-68.96837810099998,76.07041969900007],[-68.94774170199997,76.06540090000004],[-68.92352409899996,76.05950430000007],[-68.89932660199997,76.05360520000005],[-68.87515050099995,76.04770480000008],[-68.85099439899994,76.04180190000005],[-68.84966159699997,76.04147950000004],[-68.84708809699998,76.04087100000004],[-68.84447099799996,76.04027580100006],[-68.84180939899994,76.03968890100003],[-68.83910419999995,76.03911540100006],[-68.83637159899996,76.03855310100005],[-68.83358269899998,76.03800310100007],[-68.83076199999994,76.03746240000004],[-68.82790579999994,76.03693400100008],[-68.82500579999999,76.03641880000004],[-68.82207029799997,76.03591590100007],[-68.81910359699998,76.03542730000004],[-68.81609699799998,76.03494890100006],[-68.81306290199996,76.03448169900008],[-68.80998950199995,76.03402979900005],[-68.80688490099993,76.03359210000008],[-68.80374849999998,76.03316360000008],[-68.80058530199994,76.03275130000003],[-68.79739470099997,76.03235010000003],[-68.79417720099997,76.03196519900007],[-68.79092419899996,76.03159250000004],[-68.78764799899994,76.03123290000008],[-68.78434069999997,76.03088759900004],[-68.78102279899997,76.03055630000006],[-68.77767369899993,76.03023919900005],[-68.77430150199996,76.02993520000007],[-68.77091060099997,76.02964640000005],[-68.76750089899997,76.02937270000007],[-68.76406819999994,76.02911210100007],[-68.76283800199997,76.02902290000003],[-68.73835159999999,76.02725980000008],[-68.70545299699995,76.02488640000007],[-68.67256529999997,76.02250860000004],[-68.63968180099994,76.02012610100007],[-68.60680939699995,76.01773920000005],[-68.57395150199994,76.01534740000005],[-68.54110469999995,76.01295130000005],[-68.51667229999998,76.01116640000004],[-68.48384420099995,76.00876280000006],[-68.45102700199993,76.00635480100004],[-68.41822049899997,76.00394250000005],[-68.38542509999996,76.00152590000005],[-68.36476160199999,76.00000000000006],[-68.35264029999996,75.99910490000008],[-68.31986660099994,75.99667960000005],[-68.29549679799999,75.99487200000004],[-68.26274199899996,75.99243919900005],[-68.22999819999995,75.99000200100005],[-68.19726299799999,75.98755960000005],[-68.16453900199997,75.98511289900006],[-68.13183200199995,75.98266230000007],[-68.09913620099996,75.98020740000004],[-68.07482139799998,75.97837810000004],[-68.04214239899994,75.97591480000006],[-68.00947459899999,75.97344710000004],[-67.97681979699996,75.97097610000003],[-67.94417629999998,75.96850079900008],[-67.91154140199995,75.96602020000006],[-67.87891789799994,75.96353530000005],[-67.85465850099996,75.96168449900006],[-67.82205819999996,75.95919170100007],[-67.78946919799995,75.95669450000008],[-67.75688699599993,75.95419360000005],[-67.72431620199995,75.95168840000008],[-67.69176039899997,75.94917840000005],[-67.65921599799998,75.94666410000008],[-67.63500829999998,75.94478979900003],[-67.60248320199997,75.94226810000004],[-67.56996950099995,75.93974210000005],[-67.53746680099994,75.93721179900007],[-67.50497560099996,75.93467730000003],[-67.47249539999996,75.93213850000006],[-67.44002659799997,75.92959539900005],[-67.41587530199996,75.92769970100005],[-67.38343000099997,75.92514870000008],[-67.35099639999999,75.92259340000004],[-67.31856960299996,75.92003450000004],[-67.28615449799997,75.91747120000008],[-67.25375239899995,75.91490220000003],[-67.22136200199998,75.91232889900004],[-67.19726740099998,75.91041190000004],[-67.16489859899997,75.90783230000005],[-67.13254139699995,75.90524830000004],[-67.10019740199994,75.90265870100006],[-67.06786499999998,75.90006480000005],[-67.03553969999996,75.89746720000005],[-67.00322610299997,75.89486530000005],[-66.97920110099994,75.89292810000006],[-66.94691139899999,75.89031840000007],[-66.91463329999993,75.88770439900003],[-66.88236230099994,75.88508680000007],[-66.85010309999996,75.88246480000004],[-66.81785929799997,75.87983830000007],[-66.78562719999996,75.87720740000003],[-66.76274969799994,75.87533690000004],[-66.73053709699997,75.87269890000005],[-66.69833630199997,75.87005670000008],[-66.66614890099999,75.86740870000006],[-66.63397329999998,75.86475660000008],[-66.60180700099994,75.86210170000004],[-66.56965249999996,75.85944260000008],[-66.56930510099994,75.85941200000008],[-66.56593619899996,75.85913830000004],[-66.56254249999995,75.85887760100007],[-66.55913630199996,75.85863080000007],[-66.55571339999995,75.85840090000005],[-66.55226559999994,75.85818400000005],[-66.54881750199996,75.85798200000005],[-66.54534450099999,75.85779300000007],[-66.54185479899996,75.85762090000003],[-66.53836469899994,75.85746380000006],[-66.53687939899999,75.85740020000003],[-66.53388229899997,75.85719870000008],[-66.53043909799999,75.85698350000007],[-66.52697939699993,75.85678020000006],[-66.52351099999998,75.85659290000007],[-66.52003409799994,75.85642149900008],[-66.51653219699995,75.85626310000004],[-66.51302999999996,75.85611960000006],[-66.50951919699997,75.85599210000004],[-66.50599579599998,75.85587850000007],[-66.50246370099995,75.85578090000007],[-66.49892290299994,75.85569920000006],[-66.49538589999997,75.85562950000008],[-66.49183209999995,75.85557680000005],[-66.48829000299997,75.85554000000008],[-66.48473520199997,75.85551720000007],[-66.48117989899998,75.85550930000005],[-66.47762419999998,75.85551650000008],[-66.47407189999996,75.85554060000004],[-66.47052339999993,75.85557660100005],[-66.46697840099995,75.85562970000007],[-66.46343280099995,75.85569770100005],[-66.45989899999995,75.85578170000008],[-66.45637280099999,75.85587970000006],[-66.45284609999999,75.85599270100005],[-66.44932709899996,75.85611970000008],[-66.44581969799998,75.85626260000004],[-66.44233219999995,75.85642060000004],[-66.43884399899997,75.85659350100008],[-66.43537580099996,75.85678150100006],[-66.43192340099995,75.85698240000005],[-66.42848259699997,75.85719940000007],[-66.42505339799999,75.85743230000008],[-66.42164830299998,75.85767730000003],[-66.41825470299995,75.85793829900007],[-66.41610980299998,75.85810980000008],[-66.41447700099997,75.85817030000004],[-66.41097280199995,75.85831480000007],[-66.40747619999996,75.85847320000005],[-66.40399539999999,75.85864470000007],[-66.40052620299997,75.85883210000003],[-66.39706460099995,75.85903360000003],[-66.39362279999995,75.85925010000005],[-66.39020089899998,75.85948150000007],[-66.38679040099998,75.85972900000007],[-66.38339580099995,75.85998950000004],[-66.38002919899998,75.86026410000005],[-66.37666999899994,75.86055260000006],[-66.37333890099995,75.86085510000004],[-66.37003579899994,75.86117170000006],[-66.36705689999997,75.86147210000007],[-66.34312350099998,75.86229079900005],[-66.31918729899996,75.86310729900003],[-66.28555869999997,75.86424970000007],[-66.24766709999994,75.86553150000003],[-66.21402539899998,75.86666320100005],[-66.18037850199994,75.86779020000006],[-66.16621070299993,75.86826320000006],[-66.14672849899995,75.86891370000006],[-66.11307329899995,75.87003260000006],[-66.07515829999994,75.87128600000005],[-66.04149029999996,75.87239410000007],[-66.00781739999996,75.87349759900007],[-65.97413929899994,75.87459650000005],[-65.96988449999998,75.87473480000006],[-65.93620080099998,75.87582860000003],[-65.90251210199995,75.87691770000004],[-65.86881849899999,75.87800230000005],[-65.83511980099996,75.87908220000008],[-65.83085409999995,75.87921900000003],[-65.79714799899995,75.88029290000003],[-65.76343689899994,75.88136200000008],[-65.72972300099997,75.88242760000009],[-65.69600410199996,75.88348860000008],[-65.69173579999995,75.88362300000006],[-65.65801379999994,75.88467730000008],[-65.62428669599996,75.88572700000003],[-65.59055089899994,75.88677259900004],[-65.55681009799997,75.88781349900006],[-65.55253939899995,75.88794549900007],[-65.51879550199993,75.88897990000004],[-65.48504689999999,75.89000950000008],[-65.45129140099993,75.89103610000006],[-65.41753109799998,75.89205800000008],[-65.41326619799997,75.89218670000008],[-65.37950490199995,75.89320300000009],[-65.34573890099995,75.89421470000008],[-65.31196219699996,75.89522120000004],[-65.27818080099996,75.89622310100003],[-65.27390510099997,75.89635030100004],[-65.24011859899997,75.89734700000008],[-65.21265030199999,75.89815350000003],[-65.20632749999999,75.89833910000004],[-65.17253599899993,75.89932610000005],[-65.13874000099997,75.90030850000005],[-65.11299690099997,75.90105440000008],[-65.07919109999995,75.90202770000008],[-65.04538070099994,75.90299629900005],[-65.01395550099994,75.90036610000004],[-64.98254189899995,75.89773180000003],[-64.95439689899996,75.89536810000004],[-64.95036719999996,75.89502969900008],[-64.91820449999994,75.89232340000007],[-64.88605769999998,75.88961240000003],[-64.85392289999999,75.88689729900005],[-64.83940179999996,75.88566799900008],[-64.82179979999995,75.88417790000005],[-64.81656230199997,75.88373370100004],[-64.78968879699994,75.88145440000005],[-64.75758749699997,75.87872570000007],[-64.72549840099998,75.87599270100003],[-64.69342290099996,75.87325670000007],[-64.66135959999997,75.87051640000004],[-64.62930599899994,75.86777099900007],[-64.59726470099997,75.86502140000005],[-64.57617259999995,75.86320820000003],[-64.55508579799994,75.86139330000003],[-64.52307810199994,75.85863460000007],[-64.49108250099994,75.85587170000008],[-64.45909679599998,75.85310370000008],[-64.42712340099996,75.85033150000004],[-64.39516179999998,75.84755510100007],[-64.36321249899999,75.84477460000005],[-64.33127489999998,75.84198989900005],[-64.29934969999994,75.83920110100007],[-64.26743629799995,75.83640820000005],[-64.23553519999996,75.83361100000008],[-64.20364420099997,75.83080880100005],[-64.17176539899998,75.82800230000004],[-64.13990459999997,75.82519239900006],[-64.10805619999996,75.82237820000006],[-64.08708389899994,75.82052220000008],[-64.06611699699994,75.81866440000005],[-64.03429640099995,75.81584069900003],[-64.00248829999998,75.81301290000005],[-63.97069209999995,75.81018100000006],[-63.93890830299995,75.80734490000003],[-63.90713469999997,75.80450370000005],[-63.87537349899998,75.80165840000006],[-63.843624200999955,75.79880900000006],[-63.811887499999955,75.79595540000008],[-63.780168697999954,75.79309840000008],[-63.74846250199994,75.79023710000007],[-63.71676229999997,75.78737130000007],[-63.685074500999974,75.78450130000004],[-63.653402995999954,75.78162680000008],[-63.621744099999944,75.77874810000003],[-63.600905298999976,75.77685080000003],[-63.58007200199995,75.77495160000007],[-63.54844130099997,75.77206350000006],[-63.516823199999976,75.76917129900005],[-63.51384339799995,75.76889820000008],[-63.485217201999944,75.76627500100005],[-63.453623798999956,75.76337460100007],[-63.42204070199995,75.76046920000005],[-63.39047020099997,75.75755960000004],[-63.35891789899995,75.75464660000006],[-63.327378101999955,75.75172940000004],[-63.29584639999996,75.74880870000004],[-63.264327297999955,75.74588380000006],[-63.23282280099994,75.74295350000006],[-63.20133089799998,75.74001900000007],[-63.169853099999955,75.73708160100006],[-63.13838790199998,75.73413999900004],[-63.11767230099997,75.73220050000003],[-63.09696209899994,75.73025919900005],[-63.065525597999965,75.72730830000006],[-63.03410180099996,75.72435330000008],[-63.002692700999944,75.72139280000005],[-62.97129629799997,75.71842830000008],[-62.939908000999935,75.71546010000003],[-62.908532400999945,75.71248789900005],[-62.90674170099999,75.71231800000004],[-62.87717509899994,75.70951230000003],[-62.84583060299997,75.70653260000006],[-62.814492401999985,75.70354830000008],[-62.78316709899997,75.70055989900004],[-62.75185830099997,75.69756710000007],[-62.72056229899994,75.69457030000007],[-62.68927859899998,75.69156940000005],[-62.65800779699998,75.68856450000004],[-62.63742280099996,75.68658380000005],[-62.61684339999994,75.68460130000005],[-62.58560159799998,75.68158710000006],[-62.554372601999944,75.67856890000007],[-62.52316019899996,75.67554630000006],[-62.49196069799996,75.67251960000004],[-62.460769497999934,75.66948930100006],[-62.42959110199996,75.66645500000004],[-62.39842769899997,75.66341540000008],[-62.36727719899994,75.66037160000008],[-62.33614079999995,75.65732490000005],[-62.305017400999986,75.65427420000003],[-62.27390479899998,75.65121850100007],[-62.24280510199998,75.64815880000003],[-62.21171960099997,75.64509620000007],[-62.18064709899994,75.64202949900005],[-62.160188302999984,75.64000740000006],[-62.13973520099995,75.63798350000008],[-62.10869449899997,75.63490620000005],[-62.07766679799994,75.63182490000008],[-62.04664750099994,75.62874010000007],[-62.01564120099994,75.62565120000005],[-61.984653299999934,75.62255910000005],[-61.95367840199998,75.61946290000003],[-61.92271440099995,75.61636170000008],[-61.891763597999955,75.61325660000006],[-61.86082520299993,75.61014750000004],[-61.82990000099994,75.60703450000005],[-61.80020389799995,75.60404020000004],[-61.79898739999999,75.60391750000008],[-61.76808790399997,75.60079650000006],[-61.73720099999997,75.59767170000003],[-61.706327198999986,75.59454280000006],[-61.68600769799997,75.59248090000006],[-61.66569389999995,75.59041730000007],[-61.634852301999956,75.58727790000006],[-61.604023799999936,75.58413450000006],[-61.573205401999985,75.58098859900008],[-61.542400198999985,75.57783880000005],[-61.51161179999997,75.57468470000003],[-61.48083659799994,75.57152660000008],[-61.450072500999966,75.56836360000005],[-61.41932149999997,75.56519659900005],[-61.388584897999976,75.56202680000007],[-61.35786159999998,75.55885300100005],[-61.32715509999997,75.55567490000004],[-61.29646179799994,75.55249290000006],[-61.26577550099995,75.54930640000003],[-61.23510239999996,75.54611590000007],[-61.21491019899997,75.54401230000008],[-61.19472379999996,75.54190700000004],[-61.16408219999994,75.53870860000006],[-61.13345389999995,75.53550620000004],[-61.10284089899994,75.53229850000008],[-61.07224129999997,75.52908680000007],[-61.04165440099996,75.52587130000006],[-61.011080798999956,75.52265190000008],[-60.980521599999975,75.51942969900006],[-60.94997580099994,75.51620350000007],[-60.91944109899998,75.51297250000005],[-60.888919800999986,75.50973750000003],[-60.85841560199998,75.50649830000003],[-60.82792459999996,75.50325520000007],[-60.79744230199998,75.50000860000006],[-60.76697340099997,75.49675820100003],[-60.741035100999966,75.49398570000005],[-60.71510659699999,75.49121030000003],[-60.68467290199993,75.48794940000005],[-60.65425259999995,75.48468460000004],[-60.62384929899997,75.48141560000005],[-60.59345950199997,75.47814269900005],[-60.56308259999997,75.47486600000008],[-60.53271909899996,75.47158540000004],[-60.50236850199997,75.46830100000005],[-60.47203130099996,75.46501270000005],[-60.44170970099998,75.46171910000004],[-60.411401600999966,75.45842170000003],[-60.38110369799995,75.45512190000005],[-60.350819300999945,75.45181830000007],[-60.339405599999964,75.44792710000007],[-60.319828798999936,75.44124959900006],[-60.300269499999956,75.43457040000004],[-60.28072980099995,75.42788819900005],[-60.261207601999956,75.42120430000006],[-60.24169959899996,75.41452020000008],[-60.222209099999986,75.40783440000007],[-60.20273960099996,75.40114660000006],[-60.18328749999995,75.39445720000003],[-60.16385219899996,75.38776610000008],[-60.144434296999975,75.38107340000005],[-60.140623597999934,75.37976009900007],[-60.121225799999934,75.37306540000003],[-60.101845399999945,75.36636910000004],[-60.082481600999984,75.35967120000004],[-60.06313519899999,75.35297170000007],[-60.04381120099998,75.34627110100007],[-60.024504399999955,75.33956900000004],[-60.005208599999946,75.33286459900006],[-59.98592999899995,75.32615850000008],[-59.966668099999936,75.31945090000005],[-59.94742330199995,75.31274160000004],[-59.92820079899997,75.30603130000003],[-59.908995398999934,75.29931950000008],[-59.905225299999984,75.29800230000006],[-59.88603829799996,75.29128750000007],[-59.866868298999975,75.28457109900006],[-59.84771639899998,75.27785410000007],[-59.82858159899996,75.27113560000004],[-59.80946320199996,75.26441540000008],[-59.79036180099996,75.25769360000004],[-59.771276901999954,75.25097030000006],[-59.75220900099998,75.24424529900006],[-59.73315749899996,75.23751880000003],[-59.71412289899996,75.23079060000003],[-59.695104699999945,75.22406090000004],[-59.67610339699996,75.21732960000008],[-59.67238149999997,75.21600780000006],[-59.653401300999974,75.20927570000003],[-59.64872780099995,75.20761620000007],[-59.63443800199997,75.20254200000005],[-59.615489399999944,75.19580560000003],[-59.59655769999995,75.18906769900008],[-59.58626659899994,75.18540000000007],[-59.57764640099998,75.18232780000005],[-59.55875189999995,75.17558630000008],[-59.539870898999936,75.16884470000008],[-59.52100669899994,75.16210160000008],[-59.502161300999944,75.15535540100007],[-59.483332701999984,75.14860770000007],[-59.46452170099997,75.14185950000007],[-59.44572729899994,75.13510970000004],[-59.44203670099995,75.13378490000008],[-59.42326440099998,75.12703180000005],[-59.40450870099994,75.12027720000003],[-59.385766399999966,75.11352240000008],[-59.36704069999996,75.10676620100008],[-59.34833099799994,75.10000830000007],[-59.32963799999993,75.09324889900006],[-59.31096500099994,75.08648760000005],[-59.292308600999945,75.07972469900005],[-59.273664001999975,75.07296070000007],[-59.255035900999985,75.06619520000004],[-59.236427900999956,75.05942770000007],[-59.21783629999999,75.05265870000005],[-59.214192897999965,75.05132950000007],[-59.19561769999996,75.04456010100006],[-59.17705890199994,75.03778910000005],[-59.15851870199998,75.03101519900008],[-59.139994900999966,75.02423980000003],[-59.12148689999998,75.01746290000006],[-59.10299520099994,75.01068440000006],[-59.08452079899996,75.00390550000003],[-59.06606260099994,74.99712510000006],[-59.047618796999984,74.99034210000008],[-59.02919129999998,74.98355760000004],[-59.010780901999965,74.97677260000006],[-58.99238669999994,74.96998610000003],[-58.98878450199999,74.96865540000005],[-58.970407798999986,74.96186600000004],[-58.952047300999936,74.95507519900008],[-58.93370780099997,74.94828350000006],[-58.91538459999998,74.94149040000008],[-58.897072898999966,74.93469610000005],[-58.87877729799993,74.92790030100008],[-58.860501399999976,74.92110260000004],[-58.84224150199998,74.91430350000007],[-58.82399720099994,74.90750290000005],[-58.80576899999994,74.90070080000004],[-58.78755629999995,74.89389720000008],[-58.76935959999997,74.88709210000007],[-58.76578439899998,74.88575640000005],[-58.74760619999995,74.87894950100008],[-58.72944409699994,74.87214120000004],[-58.71129740099997,74.86533140000006],[-58.693166599999984,74.85852010000008],[-58.67505129999995,74.85170730100003],[-58.656951800999934,74.84489310000004],[-58.638869098999976,74.83807840000003],[-58.62080229999998,74.83126230000005],[-58.60275349699998,74.82444330000004],[-58.58472049699998,74.81762280000004],[-58.56670019999996,74.81080230000003],[-58.548695701999975,74.80398040000006],[-58.545168701999955,74.80264250000005],[-58.52718659899995,74.79581850000005],[-58.509220202999984,74.78899290000004],[-58.49126360099996,74.78216520000007],[-58.47332269899994,74.77533609900007],[-58.455402498999945,74.76850620100004],[-58.43749799799997,74.76167490000006],[-58.41960859999995,74.75484210000008],[-58.40173489999995,74.74800790000006],[-58.38387629999994,74.74117219900006],[-58.36603330099996,74.73433510000007],[-58.34820550099994,74.72749660000005],[-58.330393200999936,74.72065660100003],[-58.32116199999996,74.71711030000006],[-58.30337279699995,74.71026809900007],[-58.28559909899997,74.70342450000004],[-58.267844400999934,74.69657909900008],[-58.25010530099996,74.68973230000006],[-58.23237709999995,74.68288440000003],[-58.21466440199998,74.67603510000004],[-58.196968099999935,74.66918550000008],[-58.179287098999964,74.66233440000008],[-58.16162379799994,74.65548050100006],[-58.14397589799995,74.64862520000008],[-58.14240570099997,74.64077880100007],[-58.14083709899995,74.63293250000004],[-58.139184898999986,74.62464729900006],[-58.13753450099995,74.61636210000006],[-58.13588180199997,74.60807710000006],[-58.134230801999934,74.59979210000006],[-58.13293460199998,74.59328070000004],[-58.13163939999998,74.58676919900006],[-58.129998099999966,74.57848470000005],[-58.12835849999993,74.57020010000008],[-58.126719298999944,74.56191430000007],[-58.12508170099994,74.55362850000006],[-58.123443201999976,74.54534390000003],[-58.12180630199998,74.53705940000003],[-58.12052420099997,74.53054709900005],[-58.11924309999995,74.52403480000004],[-58.11761059999998,74.51575000000008],[-58.115979797999955,74.50746520000007],[-58.11435459799998,74.49917990000006],[-58.11273099999994,74.49089450000008],[-58.11110520099999,74.48260940000006],[-58.10948099899997,74.47432420000007],[-58.108206199999984,74.46781290000007],[-58.10693239999995,74.46130160000007],[-58.10531650099995,74.45301580000006],[-58.103702200999976,74.44473010100006],[-58.10208559999995,74.43644450000005],[-58.10047069999996,74.42815890100007],[-58.09885870099998,74.41987430000006],[-58.09724839799998,74.41158959900008],[-58.09598339899998,74.40507780000007],[-58.09471940099996,74.39856610000004],[-58.09311599899996,74.39027969900008],[-58.09151419999995,74.38199340000006],[-58.08991139899996,74.37370830000003],[-58.08831019999997,74.36542320100006],[-58.08671059799997,74.35713800000008],[-58.08511270099996,74.34885280100008],[-58.08385739999994,74.34234050000003],[-58.08260320199997,74.33582830000006],[-58.081013300999984,74.32754250000005],[-58.07942520199998,74.31925660000007],[-58.07783590099996,74.31097210100006],[-58.076248299999975,74.30268750000005],[-58.074660997999956,74.29440170000004],[-58.073075297999935,74.28611590000008],[-58.07182969999997,74.27960330000008],[-58.07058499999994,74.27309060000005],[-58.06900869999998,74.26480530000003],[-58.06743390099996,74.25652000000008],[-58.06585550099999,74.24823380000004],[-58.06427880199993,74.23994759900006],[-58.06270489899998,74.23166230000004],[-58.06113259799997,74.22337700000008],[-58.05989639899997,74.21686400000004],[-58.05866130099997,74.21035090000004],[-58.05709299899996,74.20206540000004],[-58.05552639999996,74.19377990100008],[-58.053961399999935,74.18549420000005],[-58.05239789999996,74.17720850000006],[-58.05083600099994,74.16892270000005],[-58.04927559699996,74.16063690000004],[-58.04805019999998,74.15412450000008],[-58.04682559899999,74.14761210100005],[-58.04526930099996,74.13932610000006],[-58.04371459799995,74.13104000000004],[-58.04216270099994,74.12275490000007],[-58.04061230099995,74.11446980000005],[-58.039062301999934,74.10618339900003],[-58.03751380299997,74.09789710000007],[-58.036297597999976,74.09138430000007],[-58.03508229799996,74.08487150000008],[-58.03353909899994,74.07658600000008],[-58.031997399999966,74.06830050000008],[-58.03045589799996,74.06001379900005],[-58.02891600099997,74.05172710000005],[-58.027378899999974,74.04344130000004],[-58.025843400999975,74.03515550000003],[-58.025796799999966,74.03493550000007],[-58.02559990199995,74.03406810000007],[-58.025335902999984,74.03320200000007],[-58.025030699999945,74.03233730000005],[-58.02465840199994,74.03147380000007],[-58.02423970099994,74.03061450000007],[-58.02376180299996,74.02975590000005],[-58.023511000999974,74.02933470000005],[-58.02263859999994,74.02791910000008],[-58.02175870199994,74.02650410000007],[-58.02088660199996,74.02508850000004],[-58.02001460199995,74.02367279900005],[-58.019132602999946,74.02225569900008],[-58.01826089999997,74.02084009900005],[-58.01738940299998,74.01942440000005],[-58.01651030099998,74.01800940000004],[-58.015639102999955,74.01659380000007],[-58.01476550299998,74.01517590000003],[-58.014479697999946,74.01473200100008],[-58.01389699899994,74.01387810100005],[-58.013260197999955,74.01302900000007],[-58.01257199999998,74.01217990000004],[-58.01182189899998,74.01133630000004],[-58.01102289999994,74.01049470000004],[-58.01100289799996,74.01047060000008],[-58.00844089999998,74.00787110000005],[-58.00055619899996,73.99986430100006],[-57.99267929999996,73.99185720000008],[-57.98480859799997,73.98384860100003],[-57.976945497999964,73.97583970000005],[-57.96908729799998,73.96783190000008],[-57.96123669999997,73.95982380000004],[-57.953398697999944,73.95181600000006],[-57.945568298999945,73.94380800000005],[-57.937744098999985,73.93579840000007],[-57.92992739899995,73.92778870000006],[-57.92211820099993,73.91977850000006],[-57.91431659899996,73.91176799900006],[-57.91178470099993,73.90916730000004],[-57.903992898999945,73.90115630000008],[-57.896208598999976,73.89314510000008],[-57.88843159999993,73.88513360000007],[-57.88066220099995,73.87712170000003],[-57.87290139899994,73.86911050100008],[-57.86514809899995,73.86109910000005],[-57.85740590199998,73.85308690000005],[-57.84967120099998,73.84507450000007],[-57.841938701999936,73.83706090000004],[-57.834213699999964,73.82904710000008],[-57.82649719999995,73.82103400000005],[-57.81878819999997,73.81302060000007],[-57.816285998999945,73.81041850000008],[-57.80858649999993,73.80240470000007],[-57.80089449999997,73.79439050000008],[-57.79320980199998,73.78637600000008],[-57.785532401999944,73.77836120000006],[-57.77786219999996,73.77034610000004],[-57.770199401999946,73.76233070000006],[-57.76254769899998,73.75431460000004],[-57.754903200999934,73.74629820000007],[-57.747262200999955,73.73828180000004],[-57.73962839999996,73.73026510000005],[-57.73200190199998,73.72224800000004],[-57.724382599999956,73.71423070000003],[-57.72285359999995,73.71262120000006],[-57.72190949999998,73.71162739900006],[-57.714300900999945,73.70361070000007],[-57.70669959899993,73.69559370000007],[-57.699108001999946,73.68757490000007],[-57.69152369899996,73.67955589900004],[-57.68394269999993,73.67153690000004],[-57.676368898999954,73.66351760000003],[-57.668803397999966,73.65549900000008],[-57.66124509699995,73.64748020000008],[-57.65588339799996,73.64178330000004],[-57.653696398999955,73.63945960000007],[-57.646154999999965,73.63143870100004],[-57.63861799899996,73.62341890000005],[-57.631088199999965,73.61539880100008],[-57.62864369999994,73.61279420000005],[-57.62112199899997,73.60477260000005],[-57.613607499999944,73.59675070000003],[-57.606104898999945,73.58872920000005],[-57.59860949899996,73.58070740000005],[-57.59111729899996,73.57268570000008],[-57.58363209899994,73.56466370000004],[-57.576153999999974,73.55664130000008],[-57.56868289899995,73.54861870000008],[-57.56122259899996,73.54059530000006],[-57.55376929999994,73.53257180000008],[-57.54631919999997,73.52454820000008],[-57.538876098999935,73.51652430000007],[-57.53645980099998,73.51391850000005],[-57.53452559999994,73.51182949900004],[-57.529029700999956,73.50589390000005],[-57.52160649899997,73.49786899900005],[-57.51418769999998,73.48984520000005],[-57.506775999999945,73.48182110000005],[-57.499373599999956,73.47379530100005],[-57.49197820099994,73.46576920000007],[-57.48458589899997,73.45774310000007],[-57.47720059999995,73.44971680000003],[-57.46996789999997,73.44184850000005],[-57.469823298999984,73.44169120000004],[-57.46245300099997,73.43366530000003],[-57.45509200199996,73.42563770000004],[-57.44773800199994,73.41760990000006],[-57.445349301999954,73.41500290000005],[-57.438005499999974,73.40697570000003],[-57.430668501999946,73.39894820000006],[-57.42333339999993,73.39091970000004],[-57.41600520099996,73.38289090000006],[-57.40868869999997,73.37486250000006],[-57.40137900099995,73.36683379900006],[-57.394074900999954,73.35880380000003],[-57.38677760099995,73.35077350000006],[-57.379484497999954,73.34274430100004],[-57.37219819699993,73.33471480000003],[-57.364922399999955,73.32668470000004],[-57.357653296999956,73.31865430000005],[-57.35529189999994,73.31604609900006],[-57.34803169799994,73.30801530000008],[-57.340778297999975,73.29998430000006],[-57.33352789899993,73.29195320100007],[-57.326284199999975,73.28392190000005],[-57.31905079799998,73.27588999900007],[-57.311824300999945,73.26785780000006],[-57.30460429799996,73.25982530000005],[-57.29739109899998,73.25179250100007],[-57.29018069999995,73.24375980000008],[-57.28297709999998,73.23572680100006],[-57.27578380099993,73.22769310000007],[-57.26859719999993,73.21965920000008],[-57.26626479999993,73.21705200000008],[-57.25908689999994,73.20901770000006],[-57.25191570199996,73.20098320100004],[-57.24475099999995,73.19294830000007],[-57.237592898999935,73.18491320000004],[-57.23044259899996,73.17687890000008],[-57.223298899999975,73.16884430000005],[-57.216156798999975,73.16080860000005],[-57.20902140199996,73.15277270000007],[-57.20189730199996,73.14473720000007],[-57.198560200999964,73.14096960000006],[-57.19477980099998,73.13670150000007],[-57.18766759999994,73.12866440000005],[-57.18056200099994,73.12062710000004],[-57.17825370099996,73.11801670000006],[-57.17115780199998,73.10998000000006],[-57.164068501999964,73.10194310000003],[-57.160112099999935,73.09745370000007],[-57.156984500999954,73.09390480000008],[-57.149906999999985,73.08586630100007],[-57.14283710099994,73.07782849900008],[-57.13577380099997,73.06979050000007],[-57.12871310099996,73.06175260000003],[-57.121659000999955,73.05371440000005],[-57.11461379999997,73.04567440000005],[-57.107575001999976,73.03763429900005],[-57.10054379999997,73.02959490000006],[-57.09351910099997,73.02155529900006],[-57.092881501999955,73.02084679900008],[-57.09207600199994,73.02001009900005],[-57.09122650099994,73.01917730100007],[-57.090325802999985,73.01834930000007],[-57.089801001999945,73.01789140000005],[-57.08367770299998,73.01260610000008],[-57.077558101999955,73.00732059900008],[-57.068462299999965,72.99946080000007],[-57.059374601999934,72.99160060000008],[-57.05326960299993,72.98631430000006],[-57.047168202999956,72.98102780000005],[-57.038099400999954,72.97316660000007],[-57.029038801999945,72.96530490000004],[-57.02295190299998,72.96001770000004],[-57.01686860199993,72.95473030000005],[-57.007830500999944,72.94686730000006],[-56.998800399999936,72.93900390000005],[-56.992731600999946,72.93371569900006],[-56.98666640199997,72.92842730000007],[-56.977651401999935,72.92056320000006],[-56.96864440099995,72.91269869900003],[-56.962594699999954,72.90741060000005],[-56.95654860199994,72.90212239900006],[-56.94756400099993,72.89425650000004],[-56.93858740199994,72.88639030000007],[-56.93255450199996,72.88110020000005],[-56.92652519999996,72.87580990000004],[-56.91756350099996,72.86794300000008],[-56.908609800999955,72.86007580000006],[-56.90259470199993,72.85478470000004],[-56.89658320099994,72.84949350000005],[-56.887652799999955,72.84162589900006],[-56.87873019999995,72.83375800000005],[-56.87273290099995,72.82846600000005],[-56.86673920199996,72.82317390100008],[-56.85783510199997,72.81530490000006],[-56.84893889999995,72.80743560000008],[-56.84295819899995,72.80214160000008],[-56.83698100199996,72.79684750000007],[-56.82809960099996,72.78897750000004],[-56.81922590099998,72.78110710000004],[-56.81377269899997,72.77626610000004],[-56.80832239899996,72.77142500000008],[-56.79946980099999,72.76355340000003],[-56.79062499999998,72.75568139900008],[-56.78365379999997,72.74857710000003],[-56.776688100999934,72.74147260000007],[-56.76888580099995,72.73350500000004],[-56.76109040099993,72.72553720000008],[-56.75329719999996,72.71756830000004],[-56.74551089999994,72.70959910000005],[-56.73773629999994,72.70163020000007],[-56.72996859999995,72.69366110100003],[-56.722601399999974,72.68609840000005],[-56.71524050199997,72.67853540000004],[-56.70749170199997,72.67056430000008],[-56.69974969899994,72.66259280000008],[-56.69201199999998,72.65462250000007],[-56.684281200999976,72.64665180000003],[-56.67656090199995,72.63868040000006],[-56.66884739999995,72.63070880000004],[-56.661530599999935,72.62314260000005],[-56.654219901999966,72.61557620000008],[-56.64652609999996,72.60760360000006],[-56.63883920099994,72.59963070000003],[-56.63115899899998,72.59165750000005],[-56.62348559999998,72.58368400000006],[-56.61581899999993,72.57571020000006],[-56.60815920199997,72.56773610000005],[-56.600893198999984,72.56016750000003],[-56.593633401999966,72.55259880000006],[-56.585993100999985,72.54462370000005],[-56.578359501999955,72.53664840000005],[-56.57072910099998,72.52867300000008],[-56.56310540099997,72.52069740000007],[-56.55549200199994,72.51272110000008],[-56.54788529999996,72.50474450000007],[-56.540670800999976,72.49717470000007],[-56.53346229999994,72.48960470000003],[-56.52587489899997,72.48162719900006],[-56.518294201999936,72.47364940000006],[-56.51072019999998,72.46567129900006],[-56.50315280099994,72.45769290000004],[-56.49559200199997,72.44971419900008],[-56.48803789999994,72.44173520100003],[-56.480872200999954,72.43416210000004],[-56.47371240099994,72.42658870000008],[-56.466178501999934,72.41860990000004],[-56.45865119999996,72.41063080000004],[-56.451129400999946,72.40265030000006],[-56.443614200999946,72.39466950000008],[-56.43610549999994,72.38668840000008],[-56.42860349999995,72.37870700000008],[-56.42148820199998,72.37113270000003],[-56.41437880199999,72.36355810000003],[-56.406895599999984,72.35557589900003],[-56.39941910199997,72.34759330000003],[-56.39194650199994,72.33961180000006],[-56.38448050299996,72.33163010000004],[-56.377023400999974,72.32364660000007],[-56.36957290099997,72.31566290000006],[-56.36250639999997,72.30808640000004],[-56.35544580099997,72.30050949900004],[-56.34801410099993,72.29252490000005],[-56.34058880099997,72.28454009900008],[-56.33317100199997,72.27655590000006],[-56.32575960199995,72.26857150000006],[-56.318353600999956,72.26058580000006],[-56.31095409999995,72.25259970000008],[-56.30393600199994,72.24502100000007],[-56.29692370199996,72.23744200000004],[-56.28954280099998,72.22945510000005],[-56.28216829999997,72.22146790000005],[-56.27480119899997,72.21348150000006],[-56.26744039899995,72.20549480000005],[-56.26008499999995,72.19750670000008],[-56.25273599899998,72.18951830000003],[-56.24738349799998,72.18369730000006],[-56.24203439899998,72.17787610000005],[-56.23470099999997,72.16988700000007],[-56.22737389799994,72.16189770000005],[-56.22005419899995,72.15390910000008],[-56.21274079799997,72.14592030000006],[-56.20543269899997,72.13793009900007],[-56.19813089799993,72.12993960100005],[-56.194594998999946,72.12141370000006],[-56.191182297999944,72.11318120000004],[-56.18777259999996,72.10494870000008],[-56.18436689899994,72.09671710000003],[-56.18096430099996,72.08848550000005],[-56.178453898999976,72.08240730000006],[-56.175945199999944,72.07632910000007],[-56.172545499999956,72.06809650000008],[-56.16914880199994,72.05986380000007],[-56.16575960199998,72.05163190000007],[-56.16237350199998,72.04339990000005],[-56.15987530099994,72.03732140000005],[-56.15737869999998,72.03124290000005],[-56.153995401999964,72.02300990000003],[-56.15061519799997,72.01477690000007],[-56.147242398999936,72.00654459900005],[-56.14387259999995,71.99831220000004],[-56.14138749899996,71.99223450000005],[-56.13890400099996,71.98615680100005],[-56.13553700099993,71.97792340000007],[-56.13217309999993,71.96968999900008],[-56.12881659899995,71.96145730000006],[-56.12546300099996,71.95322450000003],[-56.12298880099996,71.94714550000003],[-56.12051629999996,71.94106650000003],[-56.11716900099998,71.93283240000005],[-56.11382469999995,71.92459840000004],[-56.11048440199994,71.91636530000005],[-56.107146900999965,71.90813210000005],[-56.10468569999995,71.90205390000006],[-56.102225998999984,71.89597570000006],[-56.098891298999945,71.88774160000008],[-56.095559599999945,71.87950750000005],[-56.09223529999997,71.87127400000003],[-56.088913899999966,71.86304050000007],[-56.08646339799998,71.85696100000007],[-56.08401449899998,71.85088140000005],[-56.08069589999997,71.84264700000006],[-56.07738010099996,71.83441250000004],[-56.074071699999934,71.82617870000007],[-56.07076620199996,71.81794480000008],[-56.068328399999984,71.81186610000003],[-56.06589230199995,71.80578729900003],[-56.06259290199995,71.79755230000006],[-56.05929640199997,71.78931710000006],[-56.05600379699996,71.78108300000008],[-56.05271409899996,71.77284880000008],[-56.05028699999997,71.76676870000006],[-56.04786139799995,71.76068860000004],[-56.04457439999993,71.75245350000006],[-56.04129009999997,71.74421830000006],[-56.038013200999956,71.73598390000006],[-56.03473919999993,71.72774929900004],[-56.031448800999954,71.71947790000007],[-56.02817939999994,71.71124220000007],[-56.02491290099994,71.70300640100004],[-56.021650299999976,71.69477160000008],[-56.01839039899994,71.68653680000006],[-56.01838540099993,71.68645069900003],[-56.018304900999965,71.68558109900005],[-56.01818120099995,71.68471310000007],[-56.01800560099997,71.68384520000006],[-56.01777990199997,71.68297950000004],[-56.01750919999995,71.68211320000006],[-56.01719050199995,71.68125130000004],[-56.016819801999986,71.68038950000005],[-56.016408001999935,71.67953140000003],[-56.01594419999998,71.67867340000004],[-56.01543250199995,71.67781980000007],[-56.01487079999998,71.67696840000008],[-56.01426809999998,71.67612070000007],[-56.01361739999999,71.67527740000008],[-56.01291679999997,71.67443630000008],[-56.01217510199996,71.67359900000008],[-56.01138550199994,71.67276610000005],[-56.01054800099996,71.67193749900008],[-56.009664499999985,71.67111540000008],[-56.00873120099993,71.67029560000003],[-56.007925099999966,71.66961379900005],[-56.007398800999965,71.66913099900006],[-56.00646559899997,71.66831119900007],[-56.00549539999997,71.66749940000005],[-56.00447730099995,71.66669200000007],[-56.00341130299995,71.66588890000008],[-56.00230620099995,71.66509180000008],[-56.00115729999993,71.66430330000003],[-55.99996040099995,71.66351920000005],[-55.99872660099999,71.66274320100007],[-55.99744480199996,71.66197150000005],[-55.99612120099994,71.66121070000008],[-55.99475650199997,71.66045360000004],[-55.99334990099993,71.65970730000004],[-55.99190440099994,71.65896700000008],[-55.99041490199994,71.65823530000006],[-55.990334201999985,71.65819590000007],[-55.98304900099998,71.65377440000003],[-55.97091310099995,71.64640840000004],[-55.95878659899995,71.63904150000008],[-55.94820680099997,71.63260820000005],[-55.936097899999936,71.62523990000005],[-55.92399839999996,71.61787090000007],[-55.913444099999936,71.61143770000007],[-55.90136549899995,71.60406690000008],[-55.88929619899994,71.59669540100003],[-55.87876539999996,71.59026030000007],[-55.866710299999966,71.58288760000005],[-55.85466440199997,71.57551420000004],[-55.84415500199998,71.56907510000008],[-55.832130001999985,71.56169990000006],[-55.82011430099993,71.55432400000007],[-55.809630099999936,71.54788510000003],[-55.79762839799997,71.54050810000007],[-55.78563589899994,71.53313030000004],[-55.77517299999994,71.52668730000005],[-55.763201297999956,71.51930780000004],[-55.75123869799995,71.51192750100006],[-55.74080099899999,71.50548480000003],[-55.72885240199997,71.49810349900008],[-55.71691290199993,71.49072130000008],[-55.70649629999997,71.48427460000005],[-55.694574099999954,71.47689110000005],[-55.68266109999996,71.46950680000003],[-55.67132829999997,71.46247409900008],[-55.66000379999997,71.45544080000008],[-55.65688440099996,71.44901529900005],[-55.653767098999936,71.44258970000004],[-55.64979049999994,71.43438840000005],[-55.64581739899995,71.42618689900007],[-55.64184659999995,71.41798430000006],[-55.63787930199993,71.40978170000005],[-55.63391630099994,71.40158000000008],[-55.62995669999998,71.39337819900004],[-55.625999400999945,71.38517530000007],[-55.62204559999998,71.37697230000003],[-55.61809609799997,71.36877029900006],[-55.61414989899998,71.36056820000005],[-55.612040297999954,71.35617500000006],[-55.608099299999935,71.34797280100008],[-55.604161698999974,71.33977050000004],[-55.60022639899995,71.33156709900004],[-55.59629439899999,71.32336360000005],[-55.592366797999944,71.31516100000005],[-55.58844249899994,71.30695840000004],[-55.58452059899997,71.29875469900003],[-55.58060189899999,71.29055080000006],[-55.576687600999946,71.28234800000007],[-55.57277659999994,71.27414510100004],[-55.568867900999976,71.26594100000005],[-55.564962599999944,71.25773690000005],[-55.56287530199995,71.25334310100004],[-55.558975001999954,71.24513890000003],[-55.55507800099997,71.23693450100006],[-55.551185301999965,71.22873119900004],[-55.54729580099996,71.22052780000007],[-55.54340869899994,71.21232320000007],[-55.53952489999995,71.20411860000007],[-55.535644299999944,71.19591380000003],[-55.531766999999945,71.18770900000004],[-55.527893898999935,71.17950530000007],[-55.52402409999996,71.17130140000006],[-55.52015659899996,71.16309640000003],[-55.51629240099999,71.15489130000003],[-55.51422709899998,71.15049710000005],[-55.51036780099997,71.14229190000003],[-55.50651180099993,71.13408660000005],[-55.50265909999996,71.12588120000004],[-55.498809499999936,71.11767580000003],[-55.49496320099996,71.10947030000005],[-55.491120199999955,71.10126470100005],[-55.48728130099994,71.09306019900004],[-55.48344560099997,71.08485550000006],[-55.47961219999996,71.07664980000004],[-55.47578200199996,71.06844390000003],[-55.47195499999998,71.06023800000008],[-55.46813119899997,71.05203200000005],[-55.46608760099997,71.04763730000008],[-55.46226879799997,71.03943120000008],[-55.458453100999975,71.03122500000006],[-55.45464059999995,71.02301880000005],[-55.45083129999995,71.01481250000006],[-55.447025199999985,71.00660610100005],[-55.44674039999995,71.00599160000007],[-55.443222300999935,70.99839960000008],[-55.43942589899996,70.99019280100003],[-55.43563259899997,70.98198590000004],[-55.431839201999935,70.97377930000005],[-55.42804899999999,70.96557260000003],[-55.424261899999976,70.95736579900006],[-55.42047789999998,70.94915890000004],[-55.41845559999996,70.94476370000007],[-55.414676500999974,70.93655680100005],[-55.410900599999934,70.92834980000003],[-55.407127799999955,70.92014270000004],[-55.403358097999956,70.91193550000008],[-55.39959159799997,70.90372830000007],[-55.39582819799995,70.89552100000003],[-55.39206699799996,70.88731260000003],[-55.38830889999997,70.87910410000006],[-55.384554899999955,70.87089660000004],[-55.38080390099998,70.86268900000005],[-55.37705609799997,70.85448140000005],[-55.37331139999998,70.84627369900005],[-55.37130830099994,70.84187600000007],[-55.36756830099995,70.83366820000003],[-55.36383149999995,70.82546040100004],[-55.36009769999998,70.81725250000005],[-55.35636710099993,70.80904449900004],[-55.354885700999944,70.80578280000003],[-55.35263860099997,70.80083540000004],[-55.34891320099996,70.79262620000003],[-55.34519180199993,70.78441810100003],[-55.34147349899996,70.77620990000008],[-55.33775730199994,70.76800050000003],[-55.33404419899995,70.75979110000003],[-55.33033509799998,70.75158270000003],[-55.32662899799993,70.74337420000006],[-55.32464829799994,70.73897820000008],[-55.32094600099998,70.73076860100008],[-55.317246798999975,70.72255890000008],[-55.31355149999996,70.71435020000007],[-55.30985919999995,70.70614150000006],[-55.30616909799994,70.69793160000006],[-55.30248209999996,70.68972170000006],[-55.29879799999998,70.68151170000004],[-55.29511699899996,70.67330160000006],[-55.29143990099993,70.66509260000004],[-55.28776590099994,70.65688350000005],[-55.28409390099995,70.64867330000004],[-55.28042500199996,70.64046300000007],[-55.27846279999994,70.63606440100006],[-55.274799401999985,70.62785510000003],[-55.27113900099994,70.61964580000006],[-55.267480700999954,70.61143530000004],[-55.26382539799994,70.60322480000008],[-55.260173099999975,70.59501420000004],[-55.25652379799993,70.58680350000003],[-55.252880698999945,70.57859250000007],[-55.24924059799997,70.57038140000003],[-55.245600198999966,70.56217060100005],[-55.24196279999995,70.55395970000006],[-55.23832840099993,70.54574880000007],[-55.23469690099995,70.53753780000005],[-55.233590198999934,70.53503510000007],[-55.229962599999965,70.52682410000006],[-55.22633789899999,70.51861300000007],[-55.222716298999956,70.51040180000007],[-55.219097500999965,70.50219060000006],[-55.21548180099995,70.49397930000003],[-55.211868901999935,70.48576800000006],[-55.20825910099995,70.47755660000007],[-55.204652101999955,70.46934520000008],[-55.20104719999995,70.46113260000004],[-55.19744519899996,70.45292000000006],[-55.19384709899998,70.44470840100007],[-55.19025179899995,70.43649680000004],[-55.189287598999954,70.43180060100008],[-55.18832379999998,70.42710450000004],[-55.18662869999997,70.41882400000003],[-55.18493509899997,70.41054340000005],[-55.18323960099997,70.40226320000005],[-55.18154549899998,70.39398290000008],[-55.179856100999984,70.38570240000007],[-55.17816790099994,70.37742189900007],[-55.17701340199994,70.37177040000006],[-55.175859500999934,70.36611890000006],[-55.17417469999998,70.35783839900006],[-55.17249119899998,70.34955790000004],[-55.17080509899995,70.34127670000004],[-55.16912019999995,70.33299540000007],[-55.16743769999994,70.32471520000007],[-55.16575649899994,70.31643500000007],[-55.16461119999997,70.31078220000006],[-55.163466598999946,70.30512940000006],[-55.161788599999966,70.29684920000005],[-55.160973930999944,70.29282688900008],[-55.16011200099996,70.28856910000007],[-55.157700310999985,70.27664933000005],[-55.15766392499995,70.27646935400003],[-55.01189828699995,70.28679989200003],[-55.011600347999945,70.28682087600004],[-54.92480803099994,70.29291077700003],[-54.884384996999984,70.29573159800003],[-54.86868567199997,70.29853634700004],[-54.80078499399997,70.31064270300004],[-54.63786170499998,70.33953008300006],[-54.47796519299993,70.36414847900005],[-54.360380127999974,70.37371822500006],[-54.30287720699994,70.37382892600004],[-54.21757482199996,70.37487776400008],[-53.50754975499996,70.29904675900008],[-53.273073807999936,70.26595467600004],[-53.18294818299995,70.25235624600003],[-53.04871201699996,70.22542211600006],[-52.92696643599999,70.18880340600003],[-52.83772682599994,70.15411159700005],[-52.64064856099998,70.05477922500006],[-51.99385803299998,69.93609649100006],[-51.808895004999954,69.89434520100008],[-51.73756937099995,69.86179716800007],[-51.63890150699996,69.79598141400004],[-51.60013016499994,69.63604004000007],[-51.589766321999946,69.57471846400006],[-51.635228997999945,69.45057742700004],[-51.76773481099997,69.20888173500003],[-51.814034764999974,69.12321532100003],[-51.83778870799995,69.07901751600008],[-51.87944799999997,69.00109650900004],[-51.85975531799994,68.93780307400004],[-51.15225859199995,68.93620741700005],[-51.13866722999995,68.93635160000008],[-51.12174729099996,68.93898309300005],[-51.11328238599998,68.93906094700003],[-51.113108832999956,68.93906466000004],[-51.11150535199994,68.93909895200005],[-51.10920999999996,68.93874296500007],[-51.10557087299998,68.93861299500003],[-51.10143184899994,68.93801797300006],[-51.097556924999935,68.93710296600005],[-51.09546188099995,68.93660694200008],[-51.09187588299994,68.93648500900008],[-51.08875587299997,68.93636296300008],[-51.08809339199996,68.93628959700004],[-51.08737830599995,68.93605342900008],[-51.085764954999945,68.93626395100006],[-51.085104986999966,68.93651498700007],[-51.084773938999945,68.93664500200003],[-51.084383807999984,68.93654593900004],[-51.082037971999966,68.93595099600003],[-51.07960480199995,68.93607995200006],[-51.07710983599998,68.93661393600007],[-51.07626681399995,68.93624796300003],[-51.07443999299994,68.93618695600003],[-51.07319997299993,68.93627891300008],[-51.07188687299998,68.93668299900008],[-51.06452879699998,68.93599692800007],[-51.06268996999995,68.93527192500005],[-51.06095497999996,68.93534796900008],[-51.058703941999966,68.93476099300005],[-51.05878400599994,68.93462296200005],[-51.05248195899998,68.93315796400003],[-51.04993392299997,68.93319700100005],[-51.04821690299997,68.93306696200005],[-51.04443687999998,68.93344097900007],[-51.04397883699994,68.93390601300007],[-51.04214799499994,68.93452397100003],[-51.04151087099996,68.93517995700006],[-51.040820921999966,68.93535599200004],[-51.04025589499997,68.93636299400004],[-51.03873397799998,68.93683597900008],[-51.03828093399994,68.93732624600005],[-51.034661476999986,68.93728263000008],[-51.027724389999946,68.93631364100008],[-51.01910880299994,68.93546437900005],[-51.01420109999998,68.93281848100008],[-51.012361573999954,68.93182652800004],[-51.00916858099998,68.93010446200003],[-51.00364825999998,68.92943905000004],[-50.99753093299995,68.93009808500005],[-50.99081240099997,68.93231381100003],[-50.98687569499998,68.93504392800008],[-50.983506990999956,68.93685448200006],[-50.982834984999954,68.93721561800004],[-50.57058641899994,68.96894944200005],[-50.56516560099993,68.96952800800005],[-50.535430478999956,68.97269805900004],[-50.521769363999965,68.96136471500006],[-50.49895093199996,68.95382878100008],[-50.47015135399994,68.95388821200004],[-50.45065140699995,68.95421774300007],[-50.42333475899994,68.94987873800005],[-50.40471668999999,68.94352798900007],[-50.390685142999985,68.93580860000003],[-50.37319608399997,68.92828980900003],[-50.353714974999946,68.92350595700003],[-50.33489035399998,68.91779817400004],[-50.322987944999966,68.91183465200004],[-50.31876661999996,68.90903567700008],[-50.313148525999964,68.90530926400004],[-50.301306969999985,68.89490191100003],[-50.28923850799998,68.88176187700003],[-50.27811916099995,68.87384226800003],[-50.26136279199994,68.86291859000005],[-50.23992802299995,68.85082811200004],[-50.21062355699996,68.83588079900005],[-50.12864891199996,68.79904151700003],[-49.993914178999944,68.79945471700006],[-49.86812145099998,68.79926996000006],[-49.661203762999946,68.79876232700008],[-49.00003558399993,68.79877757500003],[-48.00001684699998,68.79877782900007],[-47.00000713899993,68.79877803600004],[-46.00000279699998,68.79877810800008],[-44.99999989499997,68.79877807600008],[-43.99999736199993,68.79877806400003],[-44.00000011599997,69.00000004400005],[-43.99988562999994,69.14754693100008],[-43.99975308899997,69.43825549700006],[-43.999997280999935,70.18261178800003],[-43.99999720899996,71.00000003100007],[-43.999997304999965,72.43220600200004],[-43.99477104399995,76.30709897500003],[-43.99645110299997,77.07873352200005],[-44.00000022599994,78.00000004000003],[-57.15541418099997,80.03770077800004],[-57.726804587999936,80.14783485600003],[-58.076575753999975,80.21812459400007],[-58.38182882199993,80.27224148800008],[-58.75956182599998,80.33640436000007],[-58.97472012999998,80.37264347900003],[-59.22432212599995,80.41978109400003],[-59.60125058699998,80.47940289200005],[-59.90630395499994,80.53028344400008],[-60.06125059799996,80.56281899100009],[-60.286130096999955,80.60553908100007],[-60.42454238999994,80.64493549300005],[-60.58828276699995,80.70172230500003],[-60.75407103799995,80.75843154500006],[-61.021691525999984,80.87312541800003],[-61.380483950999974,80.99107847400006],[-61.88632276499993,81.13815788100004],[-62.027164751999976,81.16270231500005],[-62.73790095999993,81.28372510600008],[-62.76566260399994,81.28835814300004],[-62.83083456999998,81.29920714100007],[-62.87525222199997,81.30657934600004],[-62.87666432599997,81.30681342900004],[-62.990954071999965,81.32570008100004],[-63.12416050999997,81.34756631500005],[-63.22215788099999,81.36356442900006],[-63.465571315999966,81.40293902700006],[-63.48340717599996,81.39722663400005],[-63.48340935199997,81.39722593700003],[-63.502606997999976,81.39106680000003],[-63.52599960499998,81.38355110000003],[-63.54935180099994,81.37603400000006],[-63.57134260099997,81.36893950000007],[-63.59461430199997,81.36141959900004],[-63.617845897999985,81.35389820100005],[-63.641040499999974,81.34637500000008],[-63.66419509999997,81.33885049900005],[-63.678054094999936,81.33433740000004],[-63.68730610199998,81.33132460100006],[-63.71037740199995,81.32379730000008],[-63.72636669999997,81.31857250000007],[-63.74936829899997,81.31104280000005],[-63.77233039799995,81.30351160000004],[-63.79525600399995,81.29597880000006],[-63.818142397999964,81.28844450000008],[-63.84098880199997,81.28090990000004],[-63.86379600099997,81.27337400000005],[-63.88476169599994,81.26772600000004],[-63.90570059999993,81.26207690000007],[-63.929943597999966,81.25552400000004],[-63.95415060299996,81.24896960000007],[-63.978327398999966,81.24241430000006],[-64.00246820099994,81.23585749900008],[-64.02657610199998,81.22929900000008],[-64.05064810099998,81.22273890000008],[-64.07468070199997,81.21617750000007],[-64.09867759999997,81.20961450000004],[-64.12263519999993,81.20305019900007],[-64.14655730399994,81.19648440000003],[-64.17044390499996,81.18991590000007],[-64.19429509699995,81.18334580000004],[-64.21811670299996,81.17677490000005],[-64.24190320299994,81.17020259900005],[-64.26565359999995,81.16363000100006],[-64.28936899699994,81.15705580000008],[-64.30392920099996,81.15301280000006],[-64.31847629999999,81.14896920000007],[-64.34838519699997,81.14389620000009],[-64.37826009999998,81.13882080000008],[-64.39093570399996,81.13666480000006],[-64.42703729999994,81.13051740000003],[-64.46308929799994,81.12436640000004],[-64.47572560199995,81.12220760000008],[-64.51170859699994,81.11605240100005],[-64.54764209899997,81.10989370000004],[-64.56022619899994,81.10773289900004],[-64.59609759999995,81.10156950000004],[-64.63191970299994,81.09540270000008],[-64.64446470199994,81.09323900000004],[-64.68021539799997,81.08706690000008],[-64.71591689999997,81.08089150000006],[-64.72842309899994,81.07872500000008],[-64.76406280399993,81.07254480000006],[-64.79965370199994,81.06636130000004],[-64.81213400299998,81.06419100000005],[-64.84765680199996,81.05800330100004],[-64.88313090099996,81.05181220000003],[-64.89554670199993,81.04964090000004],[-64.93095950299994,81.04344520000006],[-64.96632359999995,81.03724610000006],[-64.97871379599997,81.03507109900005],[-65.01400750399995,81.02886690000008],[-65.04925269699999,81.02265930000004],[-65.08406979899996,81.01651600000008],[-65.11883959999994,81.01036960000005],[-65.15953500099994,81.00474850000006],[-65.19923980099998,80.99925370000005],[-65.23889649899996,80.99375450000008],[-65.27849950399997,80.98825070000004],[-65.31805459899994,80.98274260100004],[-65.34564449899995,80.97889470000007],[-65.37321099999997,80.97504470000007],[-65.41265749599995,80.96952660000005],[-65.45205619899997,80.96400430000006],[-65.49140449699996,80.95847840000005],[-65.53070499799998,80.95294829900007],[-65.55811879999999,80.94908360000005],[-65.58550939499997,80.94521690000005],[-65.62469259999995,80.93967640000005],[-65.66382840299997,80.93413160000006],[-65.70292030099995,80.92858280000007],[-65.74196479899996,80.92302980000005],[-65.76920009999998,80.91915010000008],[-65.79641239699998,80.91526830000004],[-65.83534319899996,80.90970599900004],[-65.87422679899998,80.90413960000006],[-65.91306380099996,80.89856809900004],[-65.95185369999996,80.89299250100004],[-65.97890859899996,80.88909680100005],[-66.00594050099994,80.88519910100007],[-66.04461739599998,80.87961420100004],[-66.08324729799995,80.87402530000008],[-66.12183390299998,80.86843229900006],[-66.16037359899997,80.86283530000009],[-66.18182080099996,80.85971570000004],[-66.20374799999996,80.85649710000007],[-66.23519879899999,80.84909130000005],[-66.26666670099996,80.84166670000008],[-66.28322150299994,80.84054640000005],[-66.33496480099996,80.83703830000007],[-66.33878739799997,80.83677790100006],[-66.36751979899998,80.83256050000006],[-66.37255119999998,80.83182020000004],[-66.39673660099999,80.82826500000004],[-66.41222807899999,80.82598522500007],[-66.41456609899996,80.82564100000008],[-66.41447989899996,80.82539710000003],[-66.41591659599999,80.82475690000007],[-66.41617939699995,80.82416790100007],[-66.41681800199996,80.82364540000003],[-66.41790359699996,80.82328570000004],[-66.41974849499996,80.82302740000006],[-66.42248249899995,80.82275930000003],[-66.42419099899996,80.82255230000004],[-66.42833639799994,80.82216640000007],[-66.43058065599996,80.82202249400007],[-66.43304899899994,80.82186419900006],[-66.43606829999999,80.82163010000005],[-66.43877529699995,80.82145750000007],[-66.44315010199995,80.82142800000008],[-66.44391847799994,80.82131470700006],[-66.44457055499998,80.82121855800006]],[[-68.58333333199994,76.30000000000007],[-69.11591985899997,76.50006614300008],[-68.80927666999997,76.54499035500004],[-68.76598476599997,76.55565948400005],[-68.74242025199999,76.57722889000007],[-68.74242198799993,76.60005856700008],[-68.56543927399997,76.60037436200008],[-68.56326781599995,76.60037746100005],[-67.66347131099997,76.60004363700006],[-67.66346631699997,76.51795435800005],[-68.21068905999994,76.51796156000006],[-68.21067355199995,76.30005396100006],[-68.58333333199994,76.30000000000007]]]]}},{"type":"Feature","properties":{"municipalityCode":959,"name":"Kommune Qeqertalik","kind":"municipality"},"geometry":{"type":"Polygon","coordinates":[[[-54.17863190099996,67.40144430000004],[-54.180241799999976,67.39316500000007],[-54.181511299999954,67.38662690000007],[-54.18171096599997,67.38559819600005],[-54.04756733199997,67.40734930400004],[-54.04713900699994,67.40741851600006],[-54.045748265999976,67.40764322900003],[-53.97609601199997,67.41887692900008],[-53.87322384899994,67.43539461000006],[-53.85264497099996,67.43868831300006],[-53.84732290599993,67.43953955200004],[-53.831025290999946,67.44232480600004],[-53.675033703999986,67.46886850700008],[-53.60005685699997,67.48449172100004],[-53.58023304599993,67.49002971500005],[-53.43291939699998,67.53102889800005],[-53.372146602999976,67.55318624100005],[-53.34376169099994,67.56418634100004],[-53.298190888999954,67.58219615700006],[-53.269037080999965,67.59301907800005],[-53.23206081699993,67.60476241000003],[-53.203053238999985,67.61396112300008],[-53.18792858799998,67.62368663800004],[-53.17253574999995,67.63536168300004],[-53.17089466199997,67.64439259300008],[-53.16217679899995,67.66043100700006],[-53.138247441999965,67.67980254000008],[-53.11783125499994,67.69169663200006],[-53.095103180999956,67.69962634400008],[-53.04833573199994,67.71832112700008],[-53.01125099199999,67.73365362500004],[-52.99394942599997,67.74039589100005],[-52.97666587599997,67.74258947600003],[-52.95433687399998,67.74339951600007],[-52.94038487599994,67.74415988800007],[-52.92176804199994,67.74522552300004],[-52.88435311599994,67.75004619500004],[-52.86989110199994,67.75468449500005],[-52.83788481999994,67.75942413200005],[-52.76528737899997,67.76658757400003],[-52.70385624299996,67.76934850100008],[-52.696452558999965,67.76964735700005],[-52.623541391999936,67.77567045800004],[-52.57200547799994,67.78306217800008],[-52.478756430999965,67.78752548000006],[-52.37222995299993,67.77923855600005],[-52.24807844099996,67.75515642400006],[-52.06602040499996,67.73490585700006],[-52.013983619999976,67.72841658000004],[-51.97117809399998,67.71826386500004],[-51.90859827799994,67.70152545000008],[-51.82627955199996,67.68022408300004],[-51.74053512599994,67.66463859800007],[-51.674713072999964,67.66824206400008],[-51.62665703299996,67.67634519000006],[-51.57134654499998,67.68432064800004],[-51.53911401399995,67.68979178600006],[-51.507761364999965,67.69360008200005],[-51.47880608699995,67.69744186300005],[-51.44857900399995,67.69896665100003],[-51.42494947199998,67.70048783400006],[-51.37266358299996,67.70090121300007],[-51.33858437199996,67.69740659100006],[-51.31311551199997,67.69437777600007],[-51.280187868999974,67.68738535500006],[-51.243033803999936,67.67685911600006],[-51.04170438699998,67.62481858700005],[-50.89305153199996,67.59547124200003],[-50.88766634499996,67.59654945700004],[-50.88659603199994,67.59444000700006],[-50.86987149299995,67.59052230400005],[-50.85501063099997,67.58530147900007],[-50.84167510499998,67.58069829500005],[-50.828754781999976,67.57500747100005],[-50.81773560999994,67.56793558900006],[-50.807829254999945,67.56256881400003],[-50.79421299899997,67.55784896400007],[-50.77415895699994,67.55259105700003],[-50.75699078699995,67.54851430600007],[-50.740247540999974,67.54352040400005],[-50.72466285599995,67.53714947400005],[-50.71332244499996,67.53258265400007],[-50.69804750099996,67.52609339900005],[-50.683111516999986,67.52068551600007],[-50.66822611199996,67.51681648000005],[-50.65379034099993,67.51283000200004],[-50.638599460999956,67.50833197100008],[-50.622029417999954,67.50224038700003],[-50.60996864499998,67.49721259400008],[-50.60295712499993,67.49550650100008],[-50.596857531999945,67.49391457200005],[-50.586477764999984,67.49082426900003],[-50.56489321199996,67.49012840800003],[-50.54292255499996,67.49104020500005],[-50.52245228199996,67.49500569300005],[-50.51255618299996,67.49888447300003],[-50.49464100599994,67.50447000800006],[-50.479853453999965,67.50801993800007],[-50.464990384999965,67.51021746100008],[-50.451728713999955,67.51207253000007],[-50.44021359699997,67.51267131400004],[-50.42552577899994,67.51281791800005],[-50.410769906999974,67.51161192100005],[-50.399672505999945,67.50999864700003],[-50.38472209499997,67.50804353400008],[-50.36512531599993,67.50450174700006],[-50.342688231999944,67.50010856700004],[-50.31952317799994,67.49639874400003],[-50.299802813999975,67.49336268300004],[-50.28250883199996,67.49100411000006],[-50.274720678999984,67.48952061300008],[-50.263610340999946,67.48725430300004],[-50.25421880399995,67.48610887400008],[-50.24239605599996,67.48603770300008],[-50.23101529899998,67.48627354900003],[-50.221972293999954,67.48769972100007],[-50.21521358499996,67.49020748400005],[-50.208296760999986,67.49238702800005],[-50.19717320399997,67.49316690300003],[-50.18324846599995,67.49425502400004],[-50.16411005599997,67.49615778200007],[-50.15412649999996,67.49933948700004],[-50.152002427999946,67.50079937100003],[-50.14561918399994,67.50253031200003],[-50.13456640399994,67.50409098800003],[-50.12128919899993,67.50345436600003],[-50.096374940999965,67.50189051500007],[-50.06483285599995,67.50814123100008],[-50.050428705999934,67.51165660600003],[-50.04132982699997,67.51314695800005],[-50.03013879599996,67.51332520800008],[-50.012827776999984,67.51185059900007],[-50.002083449999986,67.50968654200005],[-49.96222199899995,67.50685276400003],[-49.93177979799998,67.50983905600003],[-49.88796767399998,67.51959818200004],[-49.856297050999956,67.52761777700005],[-49.82864474399997,67.53671246700003],[-49.786359569999945,67.54227337400005],[-49.767096770999956,67.54402038800004],[-49.74588252299998,67.54409052900007],[-49.72641455399997,67.54539482500007],[-49.70614353999997,67.54494527400004],[-49.68910958999993,67.54382603400006],[-49.412121843999955,67.54996517300003],[-49.00003486299994,67.54998090300006],[-48.00001645599997,67.54998130800004],[-47.00000704699994,67.54998152200005],[-46.00000249999994,67.54998157900008],[-44.999999953999975,67.54998160400004],[-43.99999741899995,67.54998156900007],[-43.99987948199998,67.75078940300006],[-43.999825888999965,67.92235142900006],[-43.999997415999985,68.53233438000007],[-43.99999736199993,68.79877806400003],[-44.99999989499997,68.79877807600008],[-46.00000279699998,68.79877810800008],[-47.00000713899993,68.79877803600004],[-48.00001684699998,68.79877782900007],[-49.00003558399993,68.79877757500003],[-49.661203762999946,68.79876232700008],[-49.86812145099998,68.79926996000006],[-49.993914178999944,68.79945471700006],[-50.12864891199996,68.79904151700003],[-50.21062355699996,68.83588079900005],[-50.23992802299995,68.85082811200004],[-50.26136279199994,68.86291859000005],[-50.27811916099995,68.87384226800003],[-50.28923850799998,68.88176187700003],[-50.301306969999985,68.89490191100003],[-50.313148525999964,68.90530926400004],[-50.31876661999996,68.90903567700008],[-50.322987944999966,68.91183465200004],[-50.33489035399998,68.91779817400004],[-50.353714974999946,68.92350595700003],[-50.37319608399997,68.92828980900003],[-50.390685142999985,68.93580860000003],[-50.40471668999999,68.94352798900007],[-50.42333475899994,68.94987873800005],[-50.45065140699995,68.95421774300007],[-50.47015135399994,68.95388821200004],[-50.49895093199996,68.95382878100008],[-50.521769363999965,68.96136471500006],[-50.535430478999956,68.97269805900004],[-50.56516560099993,68.96952800800005],[-50.57058641899994,68.96894944200005],[-50.982834984999954,68.93721561800004],[-50.983506990999956,68.93685448200006],[-50.98687569499998,68.93504392800008],[-50.99081240099997,68.93231381100003],[-50.99753093299995,68.93009808500005],[-51.00364825999998,68.92943905000004],[-51.00916858099998,68.93010446200003],[-51.012361573999954,68.93182652800004],[-51.01420109999998,68.93281848100008],[-51.01910880299994,68.93546437900005],[-51.027724389999946,68.93631364100008],[-51.034661476999986,68.93728263000008],[-51.03828093399994,68.93732624600005],[-51.03873397799998,68.93683597900008],[-51.04025589499997,68.93636299400004],[-51.040820921999966,68.93535599200004],[-51.04151087099996,68.93517995700006],[-51.04214799499994,68.93452397100003],[-51.04397883699994,68.93390601300007],[-51.04443687999998,68.93344097900007],[-51.04821690299997,68.93306696200005],[-51.04993392299997,68.93319700100005],[-51.05248195899998,68.93315796400003],[-51.05878400599994,68.93462296200005],[-51.058703941999966,68.93476099300005],[-51.06095497999996,68.93534796900008],[-51.06268996999995,68.93527192500005],[-51.06452879699998,68.93599692800007],[-51.07188687299998,68.93668299900008],[-51.07319997299993,68.93627891300008],[-51.07443999299994,68.93618695600003],[-51.07626681399995,68.93624796300003],[-51.07710983599998,68.93661393600007],[-51.07960480199995,68.93607995200006],[-51.082037971999966,68.93595099600003],[-51.084383807999984,68.93654593900004],[-51.084773938999945,68.93664500200003],[-51.085104986999966,68.93651498700007],[-51.085764954999945,68.93626395100006],[-51.08737830599995,68.93605342900008],[-51.08809339199996,68.93628959700004],[-51.08875587299997,68.93636296300008],[-51.09187588299994,68.93648500900008],[-51.09546188099995,68.93660694200008],[-51.097556924999935,68.93710296600005],[-51.10143184899994,68.93801797300006],[-51.10557087299998,68.93861299500003],[-51.10920999999996,68.93874296500007],[-51.11150535199994,68.93909895200005],[-51.113108832999956,68.93906466000004],[-51.11328238599998,68.93906094700003],[-51.12174729099996,68.93898309300005],[-51.13866722999995,68.93635160000008],[-51.15225859199995,68.93620741700005],[-51.85975531799994,68.93780307400004],[-51.87944799999997,69.00109650900004],[-51.83778870799995,69.07901751600008],[-51.814034764999974,69.12321532100003],[-51.76773481099997,69.20888173500003],[-51.635228997999945,69.45057742700004],[-51.589766321999946,69.57471846400006],[-51.60013016499994,69.63604004000007],[-51.63890150699996,69.79598141400004],[-51.73756937099995,69.86179716800007],[-51.808895004999954,69.89434520100008],[-51.99385803299998,69.93609649100006],[-52.64064856099998,70.05477922500006],[-52.83772682599994,70.15411159700005],[-52.92696643599999,70.18880340600003],[-53.04871201699996,70.22542211600006],[-53.18294818299995,70.25235624600003],[-53.273073807999936,70.26595467600004],[-53.50754975499996,70.29904675900008],[-54.21757482199996,70.37487776400008],[-54.30287720699994,70.37382892600004],[-54.360380127999974,70.37371822500006],[-54.47796519299993,70.36414847900005],[-54.63786170499998,70.33953008300006],[-54.76838635599995,70.31640528300005],[-54.80078499399997,70.31064270300004],[-54.86868567199997,70.29853634700004],[-54.884384996999984,70.29573159800003],[-54.92480803099994,70.29291077700003],[-55.011600347999945,70.28682087600004],[-55.01189828699995,70.28679989200003],[-55.156257118999974,70.27656967000007],[-55.15766392499995,70.27646935400003],[-55.15766911299994,70.27646898300003],[-55.15676929999995,70.27200820000007],[-55.155095899999935,70.26372699900003],[-55.153587150999954,70.25625472900003],[-55.15342389999995,70.25544580100006],[-55.15228629799998,70.24979410000003],[-55.15114939999995,70.24414239900005],[-55.14948059899996,70.23586120000004],[-55.14781309899996,70.22758010000007],[-55.14614789999996,70.21930000000003],[-55.14448399899993,70.21101990000005],[-55.14282380099996,70.20273849900008],[-55.14116489999998,70.19445700000006],[-55.14003330099996,70.18880430000007],[-55.13890220199994,70.18315160000003],[-55.137243299999966,70.17487050000005],[-55.135585800999934,70.16658940000008],[-55.13393279799993,70.15830800000003],[-55.132281097999964,70.15002660000005],[-55.13062749899996,70.14174550000007],[-55.12897529799994,70.13346450000006],[-55.127850397999964,70.12781180000007],[-55.12672609899994,70.12215910000003],[-55.125076999999976,70.11387810000008],[-55.12342929999994,70.10559700100004],[-55.12178610099994,70.09731580000005],[-55.12014420199995,70.08903450000008],[-55.11850050099997,70.08075350000007],[-55.11685800099997,70.07247249900007],[-55.11573979999997,70.06681990000004],[-55.11462209999996,70.06116720000006],[-55.11298279899995,70.05288630000007],[-55.11134479999998,70.04460540000008],[-55.10971049799997,70.03632310000006],[-55.10807739899997,70.02804080100003],[-55.10644339999993,70.01975990000005],[-55.10481070099996,70.01147900000007],[-55.10369899899996,70.00582650000007],[-55.10258799999997,70.00017390000005],[-55.10095750199997,69.99189200100005],[-55.09932830199995,69.98361010000008],[-55.09770440099999,69.97532900000004],[-55.096081899999945,69.96704790000007],[-55.094456599999944,69.95876600000008],[-55.09283259799997,69.95048410000004],[-55.09172659899997,69.94483060000005],[-55.09062129899996,69.93917700000003],[-55.089004398999975,69.93089600000008],[-55.087388799999985,69.92261490000004],[-55.085770500999956,69.91433320100003],[-55.08415340099998,69.90605140000008],[-55.08254079999995,69.89776930000005],[-55.08092950099996,69.88948730000004],[-55.07975670199994,69.88346010000004],[-55.07814759799999,69.87517820000005],[-55.07653979999998,69.86689620000004],[-55.07493009899997,69.85861450000004],[-55.073321799999974,69.85033280000005],[-55.07171779899994,69.84205090000006],[-55.07011510099994,69.83376890000005],[-55.073099498999966,69.82671540000007],[-55.07569639899998,69.82057209900006],[-55.078291699999966,69.81442880000003],[-55.08088780099996,69.80828410000004],[-55.083482397999944,69.80213930000008],[-55.086072299999955,69.79599490100003],[-55.08866059899998,69.78985040000003],[-55.09125059999997,69.78370560000008],[-55.093839000999935,69.77756080000006],[-55.09642280099996,69.77141620000003],[-55.09900510099993,69.76527160000006],[-55.101588997999954,69.75912680000005],[-55.10417129899997,69.75298190100006],[-55.10675219899997,69.74683690000006],[-55.10933149999994,69.74069199900003],[-55.111906200999954,69.73454730000003],[-55.11447939999994,69.72840260000004],[-55.11705409999996,69.72225769900007],[-55.119627400999946,69.71611260000003],[-55.11976250199996,69.71577390000004],[-55.120088399999986,69.71491200000008],[-55.120365499999934,69.71404770000004],[-55.12059539799998,69.71318320100005],[-55.120788997999966,69.71231520000003],[-55.12093719799998,69.71144920000006],[-55.12103659899998,69.71058090000008],[-55.121101399999986,69.70971110000005],[-55.121112799999935,69.70884180000007],[-55.121083399999975,69.70797180000005],[-55.12101489899993,69.70710310000004],[-55.12090099899996,69.70623640000008],[-55.12073829899998,69.70536740000006],[-55.12053819999994,69.70450190000008],[-55.12029099899996,69.70363620000006],[-55.12000469999998,69.70277200000004],[-55.11967479799995,69.70191180000006],[-55.119297898999946,69.70105160000003],[-55.11887729999995,69.70019540000004],[-55.11841769799997,69.69934069900006],[-55.11790819999993,69.69849070000004],[-55.11736579999996,69.69764140100006],[-55.11677369999995,69.69679700000006],[-55.11614409799995,69.69595610000005],[-55.11546299899993,69.69511770100007],[-55.11492379899994,69.69448470000003],[-55.11292359999993,69.69219370000008],[-55.11092379799993,69.68990270000006],[-55.10891829899998,69.68761230000007],[-55.106921098999976,69.68532340000007],[-55.10491639999998,69.68303289900007],[-55.102918398999975,69.68074190000004],[-55.10092259999993,69.67845290000008],[-55.098919199999955,69.67616240000007],[-55.09692249799997,69.67387130000003],[-55.094926198999985,69.67158010000003],[-55.09473899899996,69.67136750000003],[-55.09398029799996,69.67053900000008],[-55.09317979799994,69.66971670000004],[-55.092341998999984,69.66889800000007],[-55.09146059899996,69.66808350000008],[-55.090537498999936,69.66727520000006],[-55.08957869799997,69.66647270000004],[-55.08857819699995,69.66567650000007],[-55.087535797999976,69.66488650000008],[-55.08645169799996,69.66410290000005],[-55.08533189899998,69.66332500000004],[-55.08417829999996,69.66255490000003],[-55.08297669899997,69.66179180100005],[-55.081741197999975,69.66103650100007],[-55.080471898999974,69.66028910100005],[-55.079363497999964,69.65966140000006],[-55.072532699999954,69.65585050000004],[-55.06570430199997,69.65203940000004],[-55.058875298999965,69.64822819900007],[-55.052048801999945,69.64441690100006],[-55.04522389999994,69.64060410000008],[-55.038401499999964,69.63679120000006],[-55.031582399999934,69.63297899900004],[-55.024765800999944,69.62916660000008],[-55.01795159999995,69.62535390000005],[-55.01113989899994,69.62154100000004],[-55.00433299799994,69.61772640000004],[-54.99752849899994,69.61391149900004],[-54.990724298999965,69.61009780000006],[-54.98392249799997,69.60628380000003],[-54.97712230099995,69.60246849900005],[-54.97032460099996,69.59865289900006],[-54.96353030199998,69.59483820000008],[-54.956738299999984,69.59102320000005],[-54.94994800099994,69.58720680000005],[-54.943160199999966,69.58339020000005],[-54.942793000999984,69.58318300000008],[-54.94144690099995,69.58245209900008],[-54.94007159999995,69.58172620000005],[-54.93865790099994,69.58101100000005],[-54.93720599999995,69.58030640000004],[-54.935724798999956,69.57960680000008],[-54.934995399999934,69.57927570000004],[-54.933000799999945,69.57836890000004],[-54.93100009999995,69.57746260000005],[-54.92899799999998,69.57655410100006],[-54.92700389899994,69.57564710000008],[-54.92500379899997,69.57474080000003],[-54.92300210099995,69.57383220000008],[-54.92100859899995,69.57292520000004],[-54.91900900099995,69.57201880000008],[-54.91700789999993,69.57111020000008],[-54.91501479899995,69.57020310000007],[-54.91419049899997,69.56983440000005],[-54.91263850099995,69.56915310000005],[-54.91104999999993,69.56848460000003],[-54.90943379799995,69.56782330000004],[-54.90883979999995,69.56758870000004],[-54.89565219799994,69.56237130100004],[-54.882470901999966,69.55715280000004],[-54.86676099999994,69.55092960000007],[-54.85106019999995,69.54470500000008],[-54.83789809999996,69.53948350000007],[-54.82474229899998,69.53426110000004],[-54.80906650199995,69.52803270000004],[-54.79339970099994,69.52180290000007],[-54.78027089999995,69.51657899900005],[-54.76714839999994,69.51135400000004],[-54.75150569999994,69.50511940000007],[-54.73587209899995,69.49888340100006],[-54.72276690199993,69.49365330000006],[-54.70966819999995,69.48842210000004],[-54.69405939999996,69.48218240000006],[-54.67845959999994,69.47594120000008],[-54.665386797999986,69.47070760000008],[-54.65232039899996,69.46547300000003],[-54.63674229999998,69.45922840000003],[-54.62117329999995,69.45298240000005],[-54.608128799999974,69.44774450000006],[-54.595090599999935,69.44250550000004],[-54.57954629899996,69.43625590100004],[-54.56401100199997,69.43000480000006],[-54.55099170099999,69.42476289900003],[-54.537978700999986,69.41952000100008],[-54.52246799999995,69.41326520000007],[-54.506966398999964,69.40700900000007],[-54.49397439899997,69.40176180000003],[-54.48098880099997,69.39651350000008],[-54.46551169899993,69.39025369900008],[-54.45004360099995,69.38399240000007],[-54.437080599999945,69.37874200000005],[-54.42412389899994,69.37349060100007],[-54.40868030099995,69.36722570000006],[-54.393245700999955,69.36095940000007],[-54.378030999999964,69.35477680000008],[-54.36282509899996,69.34859280000006],[-54.35985219999998,69.34213999900004],[-54.356881199999975,69.33568700000006],[-54.35311169899995,69.32749289900005],[-54.34934510099998,69.31929870000005],[-54.34558529999998,69.31110530000007],[-54.34182839999994,69.30291180100005],[-54.33807049899997,69.29471740000008],[-54.334315499999946,69.28652300000005],[-54.33056419999997,69.27832970000003],[-54.32681569899995,69.27013630000005],[-54.323069300999975,69.26194190000007],[-54.319325800999934,69.25374730000004],[-54.31693199899996,69.24850459900006],[-54.314539400999934,69.24326190000005],[-54.31080550099995,69.23506700000007],[-54.307074399999976,69.22687200000007],[-54.30334320099996,69.21867730000008],[-54.29961480199995,69.21048250100006],[-54.29588919799994,69.20228780000008],[-54.29216649899996,69.19409290000004],[-54.28844669999995,69.18589810000003],[-54.28472969999996,69.17770320000005],[-54.28101780099996,69.16950690100003],[-54.273600198999986,69.15311550000007],[-54.269894499999964,69.14492040000005],[-54.26752409899996,69.13967630000008],[-54.26515480099994,69.13443210100007],[-54.26145559999998,69.12623700000006],[-54.25775919999995,69.11804179900008],[-54.25406779899998,69.10984530000007],[-54.250379298999974,69.10164859900004],[-54.24669129999995,69.09345340100003],[-54.243006099999945,69.08525799900008],[-54.239322999999956,69.07706160100008],[-54.23564259999995,69.06886510000004],[-54.23196500199998,69.06066860000004],[-54.22829020199998,69.05247200000008],[-54.224618300999964,69.04427550000008],[-54.220949100999974,69.03607880000004],[-54.218602499999974,69.03083440000006],[-54.216257000999974,69.02558990000006],[-54.212594201999934,69.01739330000004],[-54.208934099999965,69.00919650000003],[-54.205276897999966,69.00099980000005],[-54.193175021999934,68.97381859400008],[-54.19068059999995,68.96821070000004],[-54.18703629899994,68.96001270000005],[-54.18339559999998,68.95181579900003],[-54.17975769999998,68.94361880000008],[-54.17612169999995,68.93542070000007],[-54.172488398999974,68.92722250000003],[-54.17016450099993,68.92197670000007],[-54.16784179899997,68.91673090000006],[-54.16421559899993,68.90853380000004],[-54.160592098999985,68.90033660000006],[-54.15697359999996,68.89213810000007],[-54.15335780099997,68.88393950000005],[-54.14974179999996,68.87574120000005],[-54.14612840099994,68.86754280000008],[-54.14251780099994,68.85934440000005],[-54.13890990099998,68.85114600000003],[-54.13530389999994,68.84294649900005],[-54.13170070099994,68.83474690000008],[-54.128100899999936,68.82654839900005],[-54.12450390099997,68.81834990100003],[-54.12220389999993,68.81310490100003],[-54.11990500199994,68.80785990000004],[-54.11631340099996,68.79966030000003],[-54.112724397999955,68.79146050000003],[-54.10913809899995,68.78326080000005],[-54.10555449999998,68.77506100000005],[-54.10197739999995,68.76686210000008],[-54.09840299999996,68.75866300000007],[-54.09482749799997,68.75046320000007],[-54.09125459999996,68.74226330000005],[-54.087684399999944,68.73406350000005],[-54.08411689999997,68.72586350100005],[-54.08055209899993,68.71766360000004],[-54.07799209999996,68.71177060000008],[-54.07698990099993,68.70946360000005],[-54.07471199999998,68.70421730000004],[-54.07243519999997,68.69897100000003],[-54.06887909999995,68.69077100000004],[-54.065325600999984,68.68257090000003],[-54.06177409999998,68.67436980000008],[-54.05822519999998,68.66616860100004],[-54.05467980099996,68.65796850000004],[-54.05113689899997,68.64976830000006],[-54.04759599999994,68.64156710000003],[-54.04405769999994,68.63336579900005],[-54.04052280099995,68.62516560000006],[-54.03699050199998,68.61696529900007],[-54.033460100999946,68.60876400000006],[-54.02993230199996,68.60056260000005],[-54.02767610199999,68.59531500100007],[-54.02542100199997,68.59006750000003],[-54.02189919899996,68.58186610000007],[-54.01837999999998,68.57366460000003],[-54.014866498999936,68.56546290000006],[-54.01135549999998,68.55726110100005],[-54.007844198999976,68.54905960000008],[-54.00433549899998,68.54085810000004],[-54.00082939899994,68.53265660000005],[-53.99732579999994,68.52445500000005],[-53.99382419999995,68.51625230100007],[-53.99032509999995,68.50804960000005],[-53.986829399999976,68.49984800100003],[-53.98333629899997,68.49164630000007],[-53.98110219999995,68.48639860000003],[-53.97886919899997,68.48115080000008],[-53.975381298999935,68.47294810000005],[-53.97189579999997,68.46474530000006],[-53.968413099999964,68.45654250000007],[-53.96493279899994,68.44833959900006],[-53.96145519999993,68.44013680000006],[-53.957979999999964,68.43193390000005],[-53.95450760099993,68.42373110000005],[-53.95105050199999,68.41555860000005],[-53.95094039999998,68.41529840000004],[-53.94757020099996,68.40732530000008],[-53.944105399999955,68.39912230000004],[-53.94064310099998,68.39091940000003],[-53.93718340099997,68.38271640000005],[-53.93602120099996,68.37996059900007],[-53.93256489899994,68.37175760100007],[-53.92911109999994,68.36355460000004],[-53.925659199999984,68.35535049900005],[-53.92220969899995,68.34714640000004],[-53.91876359799994,68.33894340000006],[-53.91531999999995,68.33074030000006],[-53.911875297999984,68.32253640000005],[-53.908432998999956,68.31433250100008],[-53.90499629999994,68.30612830000007],[-53.90156209899993,68.29792410000005],[-53.89813039999996,68.28971990000008],[-53.89470119899994,68.28151560000003],[-53.89662740099993,68.27705330000003],[-53.89855279999995,68.27259090000007],[-53.902090698999984,68.26439260000006],[-53.90562599899994,68.25619420000004],[-53.90915579799997,68.24799610000008],[-53.912683098999935,68.23979790000004],[-53.91280009899998,68.23953020000005],[-53.916324600999985,68.23133210000003],[-53.91984659999997,68.22313380000003],[-53.92336530199998,68.21493460000005],[-53.92688139899997,68.20673530000005],[-53.93039559899995,68.19853709900008],[-53.93390729999999,68.19033880000006],[-53.93402239899996,68.19006890000003],[-53.93753430099997,68.18187040000004],[-53.941043700999955,68.17367180000008],[-53.944547599999964,68.16547360000004],[-53.94804889999995,68.15727530000004],[-53.951549898999986,68.14907560000006],[-53.95504829899994,68.14087590000008],[-53.95516430099997,68.14060820000003],[-53.958660099999975,68.13240850000005],[-53.962153299999954,68.12420870000005],[-53.96564110099996,68.11600930000003],[-53.96912629999997,68.10780980000004],[-53.97261189899996,68.09961010000006],[-53.97609499999999,68.09141030000006],[-53.97621050099997,68.09114260000007],[-53.97968799999995,68.08294310000008],[-53.98316300099998,68.07474350000007],[-53.98663759999994,68.06654270000007],[-53.99010979899998,68.05834170000003],[-53.993580099999974,68.05014190000003],[-53.99704790099997,68.04194200000006],[-53.99716149999995,68.04167210000003],[-54.000626600999965,68.03347230000003],[-54.004089300999965,68.02527240000006],[-54.00755239899996,68.01707229900006],[-54.011012997999956,68.00887210000008],[-54.01446740099993,68.00067110000003],[-54.01791930099995,67.99247010000005],[-54.018033800999945,67.99220240100004],[-54.021483098999965,67.98400140000007],[-54.02492999999998,67.97580030000006],[-54.028377198999976,67.96759900000006],[-54.031821898999965,67.95939770000007],[-54.03526119999998,67.95119670000008],[-54.038698099999976,67.94299560000007],[-54.03881209999997,67.94272790000008],[-54.042246399999954,67.93452680000007],[-54.04567820099999,67.92632570000006],[-54.04910969799994,67.91812330000005],[-54.052538700999946,67.90992080000007],[-54.05596299999996,67.90171970000006],[-54.059384998999974,67.89351860000005],[-54.059497000999954,67.89324870000007],[-54.06291920099994,67.88504730000005],[-54.06633899999997,67.87684589900005],[-54.06975629899995,67.86864450000007],[-54.07317109999997,67.86044310000005],[-54.07658269999996,67.85224060000007],[-54.07999190099997,67.84403800000007],[-54.080104898999934,67.84377030000007],[-54.08350869999998,67.83556810000005],[-54.08690999899994,67.82736580000005],[-54.09031169899998,67.81916329900008],[-54.093711000999974,67.81096070000007],[-54.09710779999995,67.80275820000003],[-54.10050219899995,67.79455569900006],[-54.10051069999997,67.79454099900005],[-54.100847500999976,67.79368230000006],[-54.10113830199998,67.79281880100007],[-54.10139320199994,67.79195650000008],[-54.10160919899994,67.79109110000007],[-54.10178630099995,67.79022240100005],[-54.10185640199995,67.78980140000004],[-54.10193519999996,67.78928470000005],[-54.10320840099996,67.78295560000004],[-54.104480997999985,67.77662640000005],[-54.10614349799994,67.76834820000005],[-54.10780489899997,67.76007000000004],[-54.109464300999946,67.75179080100008],[-54.11112260099998,67.74351160000003],[-54.11278029999994,67.73523359900008],[-54.114436900999976,67.72695560000005],[-54.11609150099997,67.71867660000004],[-54.117744897999955,67.71039760000008],[-54.11904849899997,67.70386030000003],[-54.12035129999998,67.69732290000007],[-54.12200170099993,67.68904420000007],[-54.12365079899996,67.68076529900003],[-54.125301699999966,67.67248640100007],[-54.12695130199995,67.66420740000007],[-54.12859609999998,67.65592770000006],[-54.13023979999997,67.64764810000008],[-54.13188299999996,67.63936960000007],[-54.133525099999986,67.63109110000005],[-54.13482039999997,67.62455530000005],[-54.13611499999996,67.61801939900005],[-54.13775610099998,67.60973980000006],[-54.139396000999966,67.60146010000005],[-54.141031898999984,67.59318090000005],[-54.14266659799995,67.58490160000008],[-54.14430009899996,67.57662250000004],[-54.14593249999996,67.56834330000004],[-54.147566498999936,67.56006400000007],[-54.149199399999986,67.55178470000004],[-54.15048790099996,67.54524790000005],[-54.151775698999984,67.53871110000006],[-54.15340269999996,67.53043220000006],[-54.15502859999998,67.52215340000004],[-54.156655299999954,67.51387330000006],[-54.158280898999976,67.50559320000008],[-54.15990610099993,67.49731430000003],[-54.16153010099998,67.48903540000003],[-54.163152200999946,67.48075560000007],[-54.166052899999954,67.46593940000008],[-54.167331897999986,67.45940300000007],[-54.16894979999995,67.45112330000006],[-54.17056669999994,67.44284370000008],[-54.172182300999964,67.43456420000007],[-54.17379680199997,67.42628460000003],[-54.17540939999998,67.41800410100007],[-54.177020898999956,67.40972360000006],[-54.17789228799995,67.40524586200007],[-54.17863190099996,67.40144430000004]]]}},{"type":"Feature","properties":{"municipalityCode":957,"name":"Qeqqata Kommunia","kind":"municipality"},"geometry":{"type":"Polygon","coordinates":[[[-54.195610501999965,67.31384980000007],[-54.196871399999964,67.30731220000007],[-54.19813160199993,67.30077460000007],[-54.199729598999966,67.29249470000008],[-54.200694290999934,67.28749360900008],[-54.20132659999996,67.28421480000003],[-54.20292169999993,67.27593400000006],[-54.204515700999934,67.26765310000008],[-54.20610639999995,67.25937380100004],[-54.207696100999954,67.25109440000006],[-54.209286599999984,67.24281379900003],[-54.21087609999995,67.23453320100003],[-54.21212839999998,67.22799599900003],[-54.21338009899995,67.22145880100004],[-54.21496660099996,67.21317850000008],[-54.21655199999998,67.20489810000004],[-54.21813629999997,67.19661780000007],[-54.219719500999986,67.18833760000007],[-54.22130079799996,67.18005640100006],[-54.22288109999994,67.17177510000005],[-54.22446089999994,67.16349510000003],[-54.22603959899993,67.15521510100007],[-54.22728559899997,67.14867710000004],[-54.22853080099998,67.14213900000004],[-54.23010660099993,67.13385920000007],[-54.231681400999946,67.12557939900006],[-54.23325419799994,67.11729870000005],[-54.23482599899995,67.10901800000005],[-54.23639949899996,67.10073710100005],[-54.237971898999945,67.09245620000007],[-54.23954030099998,67.08417580000008],[-54.241107699999986,67.07589530000007],[-54.242344500999934,67.06935659900006],[-54.24358060099996,67.06281800000005],[-54.245145098999956,67.05453770000008],[-54.24670859899993,67.04625750000008],[-54.24827359999995,67.03797710000003],[-54.24983759899993,67.02969670000004],[-54.25139699999994,67.02141560000007],[-54.252955300999986,67.01313460000006],[-54.25451530199996,67.00485340000006],[-54.256074197999965,66.99657220000006],[-54.25612539799994,66.99629170000003],[-54.256254798999976,66.99542260000004],[-54.25634939899999,66.99455480000006],[-54.25640099999998,66.99368440000006],[-54.25641779799997,66.99281510000003],[-54.25639309899998,66.99194550000004],[-54.25633359899996,66.99107700000008],[-54.256226898999955,66.99020870000004],[-54.256091097999956,66.98934110000005],[-54.25602889999993,66.98901420000004],[-54.25567689899998,66.98728240000008],[-54.255667098999936,66.98721399900006],[-54.25554639799998,66.98667329900007],[-54.25533019899996,66.98580919900007],[-54.25507789899996,66.98494410000006],[-54.254781299999934,66.98408340000003],[-54.25461859899997,66.98365810000007],[-54.25196259899997,66.97679020000004],[-54.24878949999999,66.96858110000005],[-54.245618399999955,66.96037200000006],[-54.24245169999995,66.95216150000005],[-54.23928719999998,66.94395110100004],[-54.23612209899994,66.93574100000006],[-54.23295909999996,66.92753080000006],[-54.23031439899995,66.92066090000003],[-54.227155498999934,66.91245080000004],[-54.22399880099994,66.90424070000006],[-54.22084710199994,66.89603040000003],[-54.217697500999975,66.88782010000006],[-54.21454670099996,66.87960900000007],[-54.211398000999964,66.87139790000003],[-54.20876709999993,66.86453020000005],[-54.20562249999995,66.85631920000003],[-54.20248000099997,66.84810810000005],[-54.19934250099993,66.83989689900005],[-54.19620699799998,66.83168560100006],[-54.19307109999994,66.82347460000005],[-54.189937199999974,66.81526360100008],[-54.18731739999998,66.80839390000006],[-54.18418689899994,66.80018190000004],[-54.18105849999995,66.79196990000008],[-54.17793569899993,66.78375880000004],[-54.17481509999993,66.77554760000004],[-54.17169320099998,66.76733570000005],[-54.16857339999996,66.75912380000005],[-54.16596589899996,66.75225420100003],[-54.16285009999996,66.74404229900006],[-54.159736399999986,66.73583050000008],[-54.156627698999955,66.72761840000004],[-54.153520998999966,66.71940630000006],[-54.15041379999997,66.71119460000006],[-54.147308700999986,66.70298280000003],[-54.144713399999944,66.69611330000004],[-54.14161229999996,66.68790160000003],[-54.13851319999998,66.67968990000003],[-54.13541560099998,66.67147719900004],[-54.13232000099998,66.66326440000006],[-54.12922669999995,66.65505170000006],[-54.12613539999995,66.64683900100005],[-54.12355089999994,66.63996750000007],[-54.12046359899995,66.63175490000003],[-54.11737829899994,66.62354220100008],[-54.11429729799994,66.61532830000004],[-54.11121829799998,66.60711430000003],[-54.10813939999997,66.59890190000004],[-54.10506259999994,66.59068930000007],[-54.10249149899994,66.58382010000008],[-54.09941799999996,66.57560659900008],[-54.09634640099995,66.56739300000004],[-54.093276998999954,66.55917950000003],[-54.090209698999956,66.55096600100006],[-54.087144499999965,66.54275260000003],[-54.08408129999998,66.53453910000007],[-54.081519499999956,66.52766570000006],[-54.07846030099995,66.51945240000003],[-54.07540309999996,66.51123900000005],[-54.07235069899997,66.50302550000004],[-54.069300400999964,66.49481180000004],[-54.06624880099997,66.48659749900008],[-54.063199199999985,66.47838320100004],[-54.06065069999994,66.47151210000004],[-54.057605000999956,66.46329779900003],[-54.05456130199997,66.45508360000008],[-54.05151970099996,66.44686939900004],[-54.04848019899998,66.43865520000003],[-54.04544279999993,66.43044110000005],[-54.04240729999998,66.42222690000006],[-54.04217419999998,66.42162480000007],[-54.04181349899994,66.42076770100005],[-54.04141359799996,66.41991240000004],[-54.04097579799998,66.41906090000003],[-54.040500099999974,66.41821340000007],[-54.04026389899997,66.41781480000003],[-54.03757859799998,66.41335640000005],[-54.03271339999998,66.40528450000005],[-54.02785129899996,66.39721250000008],[-54.02516519899996,66.39275460000005],[-54.020308298999964,66.38468250000005],[-54.015454498999986,66.37661020000007],[-54.01277699999997,66.37214949900005],[-54.00792829899996,66.36407730000008],[-54.00308269799996,66.35600480000005],[-54.00040579999995,66.35154670000003],[-53.99556469999993,66.34347320000006],[-53.990726698999936,66.33539960000007],[-53.98805289899997,66.33093920000005],[-53.98321999899997,66.32286550000003],[-53.97839019999998,66.31479170100005],[-53.97572239899995,66.31033340000005],[-53.97089769899998,66.30225950000005],[-53.96607609999995,66.29418550000008],[-53.96341139899994,66.28972500000003],[-53.958594898999934,66.28165090000005],[-53.953781499999934,66.27357680100005],[-53.951121298999965,66.26911610000008],[-53.94631229999993,66.26104079900006],[-53.941506398999934,66.25296540000005],[-53.938852097999984,66.24850680000003],[-53.93405119899995,66.24043140100008],[-53.92925339899995,66.23235580000005],[-53.92660229899997,66.22789500000005],[-53.92180949999994,66.21981940000006],[-53.91701989799998,66.21174360000003],[-53.916691399999934,66.21120020000006],[-53.916147499999965,66.21035790000008],[-53.91556739799995,66.20952170000004],[-53.91495519799997,66.20868870000004],[-53.91459639999994,66.20822459900006],[-53.90879329999996,66.20086410000005],[-53.902993497999944,66.19350350000008],[-53.89719679899997,66.18614170000006],[-53.891403398999955,66.17877970000006],[-53.88561429899994,66.17141860000004],[-53.879828600999986,66.16405740000005],[-53.874045799999976,66.15669500000007],[-53.86826640099997,66.14933240000005],[-53.86248990099995,66.14196859900005],[-53.85671679999996,66.13460460000005],[-53.850947900999984,66.12724160000005],[-53.84518240099993,66.11987839900007],[-53.83942050099995,66.11251510000005],[-53.83366199999995,66.10515160000006],[-53.82790640099995,66.09778690000007],[-53.82215409999998,66.09042200000005],[-53.81640540099994,66.08305710000008],[-53.81065999899994,66.07569190000004],[-53.80491890099995,66.06832770000005],[-53.79918110099993,66.06096330100007],[-53.79896179999997,66.06069050000008],[-53.797677900999986,66.05906850000008],[-53.79638749999998,66.05744480100003],[-53.79509859899997,66.05582330000004],[-53.792521299999976,66.05258030000005],[-53.791231599999946,66.05095670000003],[-53.78994869999997,66.04933460000007],[-53.78866070099997,66.04771310000007],[-53.78737149899996,66.04608939900004],[-53.78630950099995,66.04475160000004],[-53.78068500099994,66.03735450000005],[-53.77465429899996,66.02942019900007],[-53.76862739899997,66.02148570000003],[-53.762604600999964,66.01355109900004],[-53.75658539899996,66.00561620000008],[-53.75057039899997,65.99768130000007],[-53.74455899999998,65.98974620000007],[-53.73873499899997,65.98205510000008],[-53.73273079799998,65.97411860000005],[-53.726730299999986,65.96618190000004],[-53.72073179999995,65.95824649900004],[-53.71473709899993,65.95031090100008],[-53.708748397999955,65.94237380000004],[-53.702763398999934,65.93443650000006],[-53.69696679899994,65.92674660000006],[-53.690989497999965,65.91880910100008],[-53.68501599999996,65.91087130000005],[-53.679043098999955,65.90293269900008],[-53.67307389999996,65.89499390000003],[-53.66711200199995,65.88705580000004],[-53.661153801999944,65.87911740000004],[-53.655380599999944,65.87142210000007],[-53.64942739999998,65.86348380100003],[-53.64347790099998,65.85554530000007],[-53.637534399999936,65.84760540000008],[-53.63159460099996,65.83966530000004],[-53.62565609999996,65.83172530000007],[-53.61972120099995,65.82378510100006],[-53.613973800999986,65.81608880000005],[-53.608046599999966,65.80814850000007],[-53.60212299899996,65.80020780000007],[-53.59620340099997,65.79226720100007],[-53.59028749999993,65.78432630000003],[-53.58437480099997,65.77638419900006],[-53.57846579999995,65.76844190000003],[-53.57274270099998,65.76074250000005],[-53.566841300999954,65.75280000000004],[-53.56094349999995,65.74485730000004],[-53.55504960099995,65.73691460100008],[-53.54915939899996,65.72897160000008],[-53.543273099999965,65.72102850000005],[-53.53739040099998,65.71308530000005],[-53.53169409999998,65.70538700000003],[-53.525816298999985,65.69744390000005],[-53.51994209999998,65.68950040000004],[-53.51407379999995,65.68155560000008],[-53.50820919999995,65.67361060000007],[-53.50234569999998,65.66566570100008],[-53.49648589999998,65.65772070000003],[-53.49081369899994,65.65001930000005],[-53.48496129899996,65.64207410100005],[-53.47911259799997,65.63412860000005],[-53.47327039999993,65.62618280000004],[-53.46743169999996,65.61823679900004],[-53.46159370199996,65.61028990000005],[-53.45575920199997,65.60234279900004],[-53.45010560099996,65.59463890000006],[-53.44428120099997,65.58669130000004],[-53.43846039999994,65.57874350000003],[-53.432640799999945,65.57079600000003],[-53.42682479999996,65.56284820000008],[-53.42101260199996,65.55490040000007],[-53.415203900999984,65.54695230000004],[-53.40957660199996,65.53924960100005],[-53.40377540099996,65.53130140000007],[-53.397977699999956,65.52335300000004],[-53.39218329999994,65.51540340000008],[-53.386392299999955,65.50745360000008],[-53.380605199999934,65.49950370100004],[-53.37482159999996,65.49155370000005],[-53.37463760099996,65.49130540000004],[-53.374008500999935,65.49047640000003],[-53.37333769899993,65.48965170000008],[-53.37263679899996,65.48883229900008],[-53.372522699999934,65.48870350000004],[-53.36589739999994,65.48124590100008],[-53.35927579899993,65.47378800000007],[-53.35236149999997,65.46599650000007],[-53.34545119899997,65.45820470000007],[-53.338544799999966,65.45041170100006],[-53.33164249999999,65.44261840000007],[-53.32474459799994,65.43482490000008],[-53.31785089899995,65.42703110000008],[-53.31096159799995,65.41923720000005],[-53.304076399999985,65.41144290100004],[-53.297195700999964,65.40364850000003],[-53.29031900099994,65.39585380000005],[-53.28344679999998,65.38805890000003],[-53.27657870099995,65.38026369900007],[-53.270005900999934,65.37280000000004],[-53.263436800999955,65.36533600000007],[-53.25658060099994,65.35753920100007],[-53.24972849999995,65.34974200000005],[-53.242880799999966,65.34194470000006],[-53.23603720099993,65.33414700000003],[-53.22919539999998,65.32634950000005],[-53.22235759999995,65.31855170000006],[-53.21552429999997,65.31075379900005],[-53.20869499999998,65.30295550000005],[-53.20187269899998,65.29515679900004],[-53.19505439799997,65.28735780000005],[-53.18823729999997,65.27955790000004],[-53.181424198999935,65.27175760100005],[-53.17490779999997,65.26429090000005],[-53.168394999999975,65.25682389900004],[-53.16159430099998,65.24902310000004],[-53.15479770099995,65.24122199900006],[-53.148002900999984,65.23342090000006],[-53.14121210099995,65.22561960000007],[-53.13442759999998,65.21781680000004],[-53.12764709999993,65.21001370000005],[-53.12087159899994,65.20221159900007],[-53.11410010099996,65.19440910000003],[-53.10733229999994,65.18660539900003],[-53.10056849999995,65.17880140000005],[-53.09380649999997,65.17099759900003],[-53.08704839899997,65.16319340100006],[-53.08058379899995,65.15572180000004],[-53.07412279899995,65.14825000000008],[-53.06737709899994,65.14044530100006],[-53.060635297999966,65.13264020000008],[-53.053897200999984,65.12483400000008],[-53.04716309999998,65.11702739900005],[-53.04043330199994,65.10922080000006],[-53.03370739999997,65.10141380000005],[-53.02698590099993,65.09360670000007],[-53.02026829899995,65.08579930000008],[-53.01355499899995,65.07799179900007],[-53.006845699999985,65.07018390100006],[-53.00014059999995,65.06237600000003],[-52.993439498999976,65.05456770100005],[-52.98702679899998,65.04709240000005],[-52.98061760099995,65.03961690000006],[-52.973928598999976,65.03180810000003],[-52.96724359899997,65.02399900000006],[-52.96056219899998,65.01618870000004],[-52.95388469799997,65.00837809900008],[-52.947208897999985,65.00056760000007],[-52.94672409999998,65.00000000000006],[-52.94053709899998,64.99275690000007],[-52.93387139999999,64.98494460100005],[-52.927209699999935,64.97713210000006],[-52.92055019999998,64.96932080000005],[-52.91389469999996,64.96150920000008],[-52.90724270099997,64.95369639900008],[-52.90059470099993,64.94588330000005],[-52.89423519999997,64.93840299900006],[-52.887879099999964,64.93092250100005],[-52.88124309899996,64.92310890000005],[-52.87461099899997,64.91529500000007],[-52.86797989899998,64.90748010000004],[-52.86135269999994,64.89966490000006],[-52.854732798999976,64.89185050000003],[-52.84811689999998,64.88403570000008],[-52.841504499999985,64.87621980000006],[-52.83489599999996,64.86840360000008],[-52.828291699999966,64.86058720000005],[-52.821691198999986,64.85277060000004],[-52.81509239999997,64.84495410000005],[-52.80849750099998,64.83713730000005],[-52.80218850099993,64.82965349900007],[-52.79588310199995,64.82216940000006],[-52.78930000099996,64.81435210000006],[-52.78272070099996,64.80653450000005],[-52.776144999999985,64.79871580000008],[-52.76957319899998,64.79089670000008],[-52.76300549999996,64.78307750000005],[-52.75644159999996,64.77525800000006],[-52.749881899999934,64.76743850000008],[-52.74332599999997,64.75961860000007],[-52.73677419899997,64.75179860100008],[-52.73022629999997,64.74397830000004],[-52.723681898999985,64.73615690100007],[-52.717141298999934,64.72833510000004],[-52.710882399999946,64.72084780100005],[-52.70462689899995,64.71336030000003],[-52.698098098999935,64.70553810000007],[-52.69157299999995,64.69771550000007],[-52.685049499999934,64.68989320000003],[-52.67852980099997,64.68207050000007],[-52.67201619999997,64.67424640000007],[-52.66550630099994,64.66642200100006],[-52.65899870099997,64.65859890000007],[-52.652494700999966,64.65077549900008],[-52.64599430099997,64.64295080000005],[-52.639497698999946,64.63512590000005],[-52.63300519899997,64.62730090100007],[-52.62651640099995,64.61947559900005],[-52.62030939899995,64.61198470000005],[-52.61410579899996,64.60449340000008],[-52.60762809899995,64.59666660000005],[-52.60115399999995,64.58883950000006],[-52.59468469899997,64.58101340000007],[-52.58821909999995,64.57318690100004],[-52.581754398999976,64.56535960000008],[-52.575293500999976,64.55753200000004],[-52.56883910099998,64.54970400000008],[-52.56238849999994,64.54187570000005],[-52.55594199999996,64.53404740000008],[-52.549499099999935,64.52621869900008],[-52.54305729999999,64.51838920000006],[-52.53661909999994,64.51055930000007],[-52.533081900999946,64.50625410000004],[-52.52954589999996,64.50194880000004],[-52.52311599999996,64.49411860000004],[-52.51668990099995,64.48628820000005],[-52.51026779899996,64.47845770000004],[-52.503849299999956,64.47062690100006],[-52.49909355899996,64.46482134300004],[-52.49743499899995,64.46279600000008],[-52.49102419999997,64.45496480000003],[-52.48461759999998,64.44713360000003],[-52.47905074999994,64.44032508500004],[-52.40085400999993,64.49450600600005],[-52.40072078399999,64.49459810600007],[-52.38961976099995,64.50226976000005],[-52.38329141699995,64.50664091400006],[-52.34151237499998,64.53545847700008],[-52.31878977399998,64.54198613300008],[-52.29995210399994,64.54739280000007],[-52.25169591799994,64.56122256300006],[-52.22298309499996,64.55919479700003],[-52.20500256899993,64.55836390000007],[-52.181944735999934,64.55942733700005],[-52.16157744999998,64.56144270700008],[-52.143682299999966,64.56146835000004],[-52.12754119999994,64.56438424700008],[-52.11735794799995,64.56428906700006],[-52.110154713999975,64.56406893400003],[-52.104722133999985,64.56470552300004],[-52.09636045899998,64.56749772700005],[-52.083200664999936,64.57024467100007],[-52.06879959799994,64.57695592900006],[-52.05479528699993,64.58359252700006],[-52.04657039699998,64.58752866000003],[-52.043338207999966,64.59130588200003],[-52.036879871999986,64.59202845100003],[-52.03208630599994,64.59261488200008],[-52.00443830299997,64.59666311500007],[-51.99145524299996,64.59964541900007],[-51.952540564999936,64.59933421200003],[-51.93433292399993,64.60320577600004],[-51.91308637399993,64.60552113800003],[-51.88131592999997,64.60721842700008],[-51.854218411999966,64.60847263600004],[-51.84285345899997,64.60973588900004],[-51.82638645399993,64.61234578400007],[-51.816859988999965,64.61464367700006],[-51.807218331999934,64.61614065300006],[-51.796107259999985,64.61768728800007],[-51.77787989999996,64.62091180800007],[-51.75497661999998,64.62416768700007],[-51.74222749599994,64.62678741300005],[-51.732912358999954,64.62945505400006],[-51.72913658799996,64.63197452500003],[-51.720573108999986,64.63837387900003],[-51.71563295799996,64.64207092400005],[-51.70672200699994,64.64545073400006],[-51.70612340399998,64.64767513200007],[-51.70687021499998,64.64956433500004],[-51.70883701799994,64.65083150800007],[-51.709735645999956,64.65209291500008],[-51.709427405999975,64.65351937900004],[-51.706976974999975,64.65510561300005],[-51.69882912099996,64.65963159300003],[-51.69470549899995,64.66355064700008],[-51.69243153599996,64.66816509900008],[-51.69140670999997,64.67118714000003],[-51.69226346399995,64.67387649800008],[-51.69499179799993,64.67657612700003],[-51.694939845999954,64.67834675700004],[-51.69313472099998,64.68062170900004],[-51.68933718799997,64.68242904200008],[-51.68230245899997,64.68513245300005],[-51.67203105699997,64.68867444000006],[-51.667020296999965,64.69070296400008],[-51.65567155399998,64.69869353900003],[-51.64414819499996,64.70776800800007],[-51.63210262599995,64.72043736000006],[-51.60119821099994,64.75635961400008],[-51.58063438299996,64.76171952200008],[-51.57531781199998,64.76425762100007],[-51.571474180999985,64.76686182900005],[-51.56878640899998,64.77095870100004],[-51.56493524299998,64.77373423300003],[-51.557633306999946,64.77534539900006],[-51.54378050099996,64.77617215300006],[-51.53287961999996,64.77701653200006],[-51.52761379999998,64.77789668100007],[-51.52486501899995,64.77970703800008],[-51.523993092999945,64.78158676500004],[-51.52445526399998,64.78370372700005],[-51.527325582999936,64.78606470600005],[-51.53353064199996,64.78907550800005],[-51.537713113999985,64.79235874400007],[-51.54066624099994,64.79626252800006],[-51.53956520699995,64.80088331600007],[-51.53511955199997,64.80508265900005],[-51.52828235599998,64.80846668700008],[-51.51934008499995,64.81052286800008],[-51.508847800999945,64.81079720900004],[-51.49753653499994,64.81140809700008],[-51.49042604299996,64.81473165600005],[-51.48194475199995,64.81873123400004],[-51.46484250699996,64.82307180400005],[-51.458343387999946,64.82782638000003],[-51.449616796999976,64.83096564500005],[-51.45376144699998,64.83516541200004],[-51.46383257399998,64.83923427500008],[-51.468128295999975,64.84309168400006],[-51.46878189399996,64.84720995400005],[-51.467077564999954,64.85319762500006],[-51.46031852999994,64.86469306200007],[-51.459119043999976,64.86794153100004],[-51.460729399999934,64.87526603200007],[-51.21431974999996,64.90349501400004],[-51.106193118999954,64.90219630700005],[-51.08715355099997,64.89958530000007],[-51.070409552999934,64.89878927700005],[-51.06001107199995,64.89993402900006],[-51.05047125899995,64.90071761500008],[-51.04375104999997,64.90435193600007],[-51.030667241999936,64.91182772000008],[-51.01393843599993,64.91646543400003],[-50.994439314999966,64.92240685800004],[-50.988640041999986,64.92501861200003],[-50.98236425799996,64.92861422800007],[-50.978829495999946,64.93389516800005],[-50.98032781399996,64.93854042200007],[-50.98064307599998,64.94260220100006],[-50.978271329999984,64.94401370600008],[-50.97470215699997,64.94494342100006],[-50.94930565599998,64.94954502900003],[-50.87941108299998,64.96116291200008],[-50.864353705999974,64.96420282000008],[-50.85477655699998,64.96827279900003],[-50.84716901499996,64.97327843000005],[-50.83789802299998,64.98112426100005],[-50.83055369799996,64.98836191100008],[-50.82836915799999,64.99531295800006],[-50.82918642599998,64.99966707000004],[-50.828059709999934,65.01167071300006],[-50.82834977999994,65.02535518500008],[-50.82901438899995,65.03624478700004],[-50.83239209799996,65.04775584600003],[-50.83615925799995,65.05755530700003],[-50.840462307999985,65.06666907900006],[-50.84653968099997,65.07663399600006],[-50.85520449799998,65.08733405500004],[-50.86319477899997,65.09769279700004],[-50.86981496899995,65.10645802200008],[-50.87079848899998,65.10907849700004],[-50.87164761399998,65.11175645200007],[-50.87168714699993,65.11472137000004],[-50.87131374699993,65.11723125700007],[-50.86932077199998,65.12031521500006],[-50.86663758499998,65.12254554600008],[-50.856454989999975,65.12797326100008],[-50.81687912099994,65.14050181800008],[-50.75816419399996,65.16002560800007],[-50.723734899999954,65.17566429700008],[-50.68453476199994,65.19102338900007],[-50.63891344099994,65.21211770800005],[-50.61092474099996,65.22520174800007],[-50.57732552699997,65.23953873100004],[-50.54246110099996,65.25272844900007],[-50.49705813199995,65.26773659800006],[-50.45338071799995,65.28090712500006],[-50.413621847999934,65.29326916000008],[-50.366305283999964,65.30664191800008],[-50.31881244199997,65.31874542400004],[-50.27087468199994,65.32963604200006],[-50.22756973299994,65.33840955500006],[-50.17861666099998,65.34778700200008],[-50.13021096499995,65.35458339100006],[-50.09989583999993,65.35861635500004],[-50.06548015299995,65.36160531000007],[-50.026138824999975,65.36382978300003],[-49.99529115099995,65.36555829400004],[-49.41090422399998,65.36499349500008],[-49.000033506999955,65.36499367000005],[-48.00001589599998,65.36499406500008],[-47.66963255899998,65.36572933500008],[-47.00000686599998,65.36499432600004],[-46.000002464999966,65.36499439000005],[-44.99999975199995,65.36499434500007],[-43.99999748499994,65.36499440900008],[-43.99981926799995,65.51641372400007],[-43.99944171699997,66.10712266300004],[-43.99999742199998,67.09862183000007],[-43.99999741899995,67.54998156900007],[-44.999999953999975,67.54998160400004],[-46.00000249999994,67.54998157900008],[-47.00000704699994,67.54998152200005],[-48.00001645599997,67.54998130800004],[-49.00003486299994,67.54998090300006],[-49.412121843999955,67.54996517300003],[-49.68910958999993,67.54382603400006],[-49.70614353999997,67.54494527400004],[-49.72641455399997,67.54539482500007],[-49.74588252299998,67.54409052900007],[-49.767096770999956,67.54402038800004],[-49.786359569999945,67.54227337400005],[-49.82864474399997,67.53671246700003],[-49.856297050999956,67.52761777700005],[-49.88796767399998,67.51959818200004],[-49.93177979799998,67.50983905600003],[-49.96222199899995,67.50685276400003],[-50.002083449999986,67.50968654200005],[-50.012827776999984,67.51185059900007],[-50.03013879599996,67.51332520800008],[-50.04132982699997,67.51314695800005],[-50.050428705999934,67.51165660600003],[-50.06483285599995,67.50814123100008],[-50.096374940999965,67.50189051500007],[-50.12128919899993,67.50345436600003],[-50.13456640399994,67.50409098800003],[-50.14561918399994,67.50253031200003],[-50.152002427999946,67.50079937100003],[-50.15412649999996,67.49933948700004],[-50.16411005599997,67.49615778200007],[-50.18324846599995,67.49425502400004],[-50.19717320399997,67.49316690300003],[-50.208296760999986,67.49238702800005],[-50.21521358499996,67.49020748400005],[-50.221972293999954,67.48769972100007],[-50.23101529899998,67.48627354900003],[-50.24239605599996,67.48603770300008],[-50.25421880399995,67.48610887400008],[-50.263610340999946,67.48725430300004],[-50.274720678999984,67.48952061300008],[-50.28250883199996,67.49100411000006],[-50.299802813999975,67.49336268300004],[-50.31952317799994,67.49639874400003],[-50.342688231999944,67.50010856700004],[-50.36512531599993,67.50450174700006],[-50.38472209499997,67.50804353400008],[-50.399672505999945,67.50999864700003],[-50.410769906999974,67.51161192100005],[-50.42552577899994,67.51281791800005],[-50.44021359699997,67.51267131400004],[-50.451728713999955,67.51207253000007],[-50.464990384999965,67.51021746100008],[-50.479853453999965,67.50801993800007],[-50.49464100599994,67.50447000800006],[-50.51255618299996,67.49888447300003],[-50.52245228199996,67.49500569300005],[-50.54292255499996,67.49104020500005],[-50.56489321199996,67.49012840800003],[-50.586477764999984,67.49082426900003],[-50.596857531999945,67.49391457200005],[-50.60295712499993,67.49550650100008],[-50.60996864499998,67.49721259400008],[-50.622029417999954,67.50224038700003],[-50.638599460999956,67.50833197100008],[-50.65379034099993,67.51283000200004],[-50.66822611199996,67.51681648000005],[-50.683111516999986,67.52068551600007],[-50.69804750099996,67.52609339900005],[-50.71332244499996,67.53258265400007],[-50.72466285599995,67.53714947400005],[-50.740247540999974,67.54352040400005],[-50.75699078699995,67.54851430600007],[-50.77415895699994,67.55259105700003],[-50.79421299899997,67.55784896400007],[-50.807829254999945,67.56256881400003],[-50.81773560999994,67.56793558900006],[-50.828754781999976,67.57500747100005],[-50.84167510499998,67.58069829500005],[-50.85501063099997,67.58530147900007],[-50.86987149299995,67.59052230400005],[-50.88659603199994,67.59444000700006],[-50.88766634499996,67.59654945700004],[-50.89305153199996,67.59547124200003],[-51.04170438699998,67.62481858700005],[-51.243033803999936,67.67685911600006],[-51.280187868999974,67.68738535500006],[-51.31311551199997,67.69437777600007],[-51.33858437199996,67.69740659100006],[-51.37266358299996,67.70090121300007],[-51.42494947199998,67.70048783400006],[-51.44857900399995,67.69896665100003],[-51.47880608699995,67.69744186300005],[-51.507761364999965,67.69360008200005],[-51.53911401399995,67.68979178600006],[-51.57134654499998,67.68432064800004],[-51.62665703299996,67.67634519000006],[-51.674713072999964,67.66824206400008],[-51.74053512599994,67.66463859800007],[-51.82627955199996,67.68022408300004],[-51.90859827799994,67.70152545000008],[-51.97117809399998,67.71826386500004],[-52.013983619999976,67.72841658000004],[-52.06602040499996,67.73490585700006],[-52.24807844099996,67.75515642400006],[-52.37222995299993,67.77923855600005],[-52.478756430999965,67.78752548000006],[-52.57200547799994,67.78306217800008],[-52.623541391999936,67.77567045800004],[-52.696452558999965,67.76964735700005],[-52.70385624299996,67.76934850100008],[-52.76528737899997,67.76658757400003],[-52.83788481999994,67.75942413200005],[-52.86989110199994,67.75468449500005],[-52.88435311599994,67.75004619500004],[-52.92176804199994,67.74522552300004],[-52.94038487599994,67.74415988800007],[-52.95433687399998,67.74339951600007],[-52.97666587599997,67.74258947600003],[-52.99394942599997,67.74039589100005],[-53.01125099199999,67.73365362500004],[-53.04833573199994,67.71832112700008],[-53.095103180999956,67.69962634400008],[-53.11783125499994,67.69169663200006],[-53.138247441999965,67.67980254000008],[-53.16217679899995,67.66043100700006],[-53.17089466199997,67.64439259300008],[-53.17253574999995,67.63536168300004],[-53.18792858799998,67.62368663800004],[-53.203053238999985,67.61396112300008],[-53.23206081699993,67.60476241000003],[-53.269037080999965,67.59301907800005],[-53.298190888999954,67.58219615700006],[-53.34376169099994,67.56418634100004],[-53.372146602999976,67.55318624100005],[-53.43291939699998,67.53102889800005],[-53.58023304599993,67.49002971500005],[-53.60005685699997,67.48449172100004],[-53.675033703999986,67.46886850700008],[-53.84732290599993,67.43953955200004],[-53.85264497099996,67.43868831300006],[-53.87322384899994,67.43539461000006],[-53.97609601199997,67.41887692900008],[-54.04196674399998,67.40825416100006],[-54.045748266999965,67.40764323000008],[-54.04713900699994,67.40741851600006],[-54.04756733199997,67.40734930500008],[-54.18171096599997,67.38559819600005],[-54.182780099999945,67.38008880000007],[-54.184389900999975,67.37180940000007],[-54.18599850199996,67.36353000000008],[-54.18760239899996,67.35525000100006],[-54.18920519999995,67.34696990000003],[-54.190809599999966,67.33868970000003],[-54.192412899999965,67.33040950000003],[-54.19401229999994,67.32212970000006],[-54.195610501999965,67.31384980000007]]]}},{"type":"Feature","properties":{"municipalityCode":956,"name":"Kommuneqarfik Sermersooq","kind":"municipality"},"geometry":{"type":"Polygon","coordinates":[[[-52.40072078399999,64.49459810600007],[-52.40085400999993,64.49450600600005],[-52.47905074999994,64.44032508500004],[-52.478214599999944,64.43930210000008],[-52.47785641799993,64.43886402700008],[-52.47525848799995,64.43568615100003],[-52.47181249799996,64.43146960000007],[-52.465414098999986,64.42363690000008],[-52.45902230199994,64.41580380000005],[-52.452634100999944,64.40797050000003],[-52.45257420099995,64.40764459900004],[-52.45237899999995,64.40677840000006],[-52.45214249999998,64.40591399900006],[-52.45188080099996,64.40505200000007],[-52.451608299999975,64.40428040000006],[-52.44857090099998,64.39598590000003],[-52.44557219999996,64.38778180000003],[-52.442575199999965,64.37957760000006],[-52.43957769799994,64.37137380000007],[-52.43658199899994,64.36316999900004],[-52.433554098999934,64.35487590100007],[-52.43056169999994,64.34667119900007],[-52.42757109899998,64.33846640000007],[-52.424582499999985,64.33026190000004],[-52.42159559999993,64.32205720100006],[-52.41857719999996,64.31376340000003],[-52.41559419999999,64.30555900100006],[-52.412612999999965,64.29735460000006],[-52.409633198999984,64.28914919900006],[-52.40665509899998,64.28094380000005],[-52.40364509999995,64.27264810000008],[-52.40067079999994,64.26444290000006],[-52.39769839899998,64.25623770000004],[-52.394727899999964,64.24803260100003],[-52.391759098999955,64.23982750000005],[-52.38875849999994,64.23153210000004],[-52.38579359999994,64.22332720000003],[-52.382830499999955,64.21512230000008],[-52.379868699999975,64.20691650000003],[-52.376908699999944,64.19871060000008],[-52.37391739999998,64.19041550000003],[-52.370960699999955,64.18220880000007],[-52.368005600999936,64.17400200100008],[-52.365053100999944,64.16579640000003],[-52.362102300999936,64.15759090000006],[-52.359119300999964,64.14929390000003],[-52.35617179999997,64.14108750000008],[-52.35322600099994,64.13288100000005],[-52.35028209999996,64.12467470000007],[-52.347340000999964,64.11646840000003],[-52.34436630099998,64.10817170000007],[-52.34142540199997,64.09996590000003],[-52.33848630099993,64.09175990000006],[-52.335551099999975,64.08355289900004],[-52.33261750199995,64.07534580000004],[-52.32965309999997,64.06704949900006],[-52.32672330099996,64.05884260100004],[-52.32379530099996,64.05063569900005],[-52.32086910199996,64.04242890000006],[-52.31794469899995,64.03422210000008],[-52.31206579999997,64.01771880000007],[-52.30914379999996,64.00951130000004],[-52.30622619899998,64.00130380000007],[-52.303310299999964,63.99309630000005],[-52.30323779799994,63.99289320000008],[-52.302909599999964,63.99203680000005],[-52.30254069799997,63.99118210000006],[-52.30214099899996,63.99032820000008],[-52.30171269899995,63.98947930000003],[-52.30124479999995,63.98863440100007],[-52.30074719899994,63.987792400000046],[-52.300214998999934,63.98695380000004],[-52.29964919899999,63.98612070100006],[-52.29904879999998,63.98529110100003],[-52.298414898999965,63.984467101000064],[-52.29775239899993,63.98364820100005],[-52.297056398999985,63.98283490000006],[-52.296325699999954,63.98202500000008],[-52.295567698999946,63.98122230000007],[-52.29547919999993,63.98113050000006],[-52.29466269999995,63.98029480000008],[-52.293847298999935,63.97946120000006],[-52.29303089899997,63.97862550000008],[-52.29222059999995,63.97779140000006],[-52.29140539799994,63.97695790000006],[-52.29058909999998,63.976122099000065],[-52.28977399799999,63.975288600000056],[-52.28896279899993,63.97445230000005],[-52.288147797999954,63.97361870000003],[-52.28733180099994,63.97278299900006],[-52.28662190099993,63.97207380100008],[-52.28580219999998,63.97128180100003],[-52.28494519999998,63.97049810000004],[-52.28405970099993,63.96971940000003],[-52.28314179999995,63.96894850000007],[-52.28219650199998,63.96818490000004],[-52.281218699999954,63.96742900000004],[-52.28020860099997,63.96668090000003],[-52.279926201999956,63.96647340000004],[-52.275843099999975,63.96352840000003],[-52.26600989999997,63.95643420000005],[-52.256181699999956,63.94933940000004],[-52.246357099999955,63.94224530000008],[-52.236537399999975,63.93515050000008],[-52.226725199999976,63.928053900000066],[-52.216918000999954,63.92095660000007],[-52.20711390099996,63.91385900000006],[-52.19324389999997,63.90381200100006],[-52.183452400999954,63.89671290000007],[-52.17366579999998,63.88961320000004],[-52.16388479799997,63.882513000000074],[-52.15410859799994,63.87541200000004],[-52.14433800099994,63.868310601000076],[-52.13457239999997,63.861208400000066],[-52.12480919999996,63.85410489900005],[-52.11505089999997,63.84700070000008],[-52.11099839899998,63.84404990000007],[-52.10125029999995,63.83694470000006],[-52.091507098999955,63.82983880000006],[-52.08176690099998,63.822732700000074],[-52.072031600999935,63.81562590000004],[-52.06229930099994,63.80851880000006],[-52.052571900999965,63.801411001000076],[-52.04285249999998,63.79430250000007],[-52.03313799799997,63.78719330000007],[-52.02910359899994,63.784240401000034],[-52.019393700999956,63.77712950000006],[-52.00968860099994,63.77001810000007],[-51.999989599999935,63.76290720000003],[-51.99029539999998,63.755795600000056],[-51.980606198999965,63.748682400000064],[-51.97092179899994,63.74156860000005],[-51.961242898999956,63.73445419900008],[-51.95156880099995,63.727339200000074],[-51.94755250099996,63.72438420000003],[-51.93788349899995,63.71726860000007],[-51.928219499999955,63.710152400000084],[-51.91856269999994,63.703034399000046],[-51.908910798999955,63.69591570000006],[-51.899262498999974,63.68879780000003],[-51.88961889899997,63.68167930000004],[-51.87998030099993,63.67455910000007],[-51.87034639999996,63.66743830000007],[-51.86634699999996,63.66447910100004],[-51.85671879999995,63.65735890000008],[-51.847095399999944,63.65023799900007],[-51.83747939799997,63.643115300000034],[-51.82786809999993,63.63599190000008],[-51.818259300999955,63.62886720000006],[-51.80865529999994,63.62174180000005],[-51.799057199999936,63.61461700000007],[-51.78946389999993,63.60749150000004],[-51.785483398999986,63.60453250000006],[-51.77589709899996,63.597405199000036],[-51.76631559799995,63.59027730000008],[-51.756737000999976,63.58314900000005],[-51.74716320099998,63.57602020000007],[-51.73759719999998,63.56889060000003],[-51.72803609899995,63.56176040000008],[-51.71847779899997,63.554629900000066],[-51.70892429899993,63.54749870000006],[-51.70496149899998,63.54453760000007],[-51.69541489899996,63.53740470000008],[-51.68587309999998,63.53027100000003],[-51.67633720099997,63.523138000000074],[-51.666806099999974,63.51600430000008],[-51.657277298999986,63.50886930100006],[-51.64775329999998,63.50173360000008],[-51.63823699799997,63.494597200000044],[-51.62477440199996,63.48449540000007],[-51.615267899999935,63.47735790000007],[-51.60576609999998,63.47021970000003],[-51.59626969999994,63.463081000000045],[-51.58677800099997,63.45594170000004],[-51.57729159999997,63.448801900000035],[-51.56780989799995,63.441661500000066],[-51.55833050099994,63.43451970000007],[-51.54885590099997,63.427377300000046],[-51.54001279999994,63.42070650000005],[-51.53117379899993,63.41403530000008],[-51.52171389999995,63.40689130100003],[-51.51225859899995,63.39974670000004],[-51.50280869799997,63.392601600000035],[-51.493363400999954,63.38545590000007],[-51.483923398999934,63.378309700000045],[-51.47448810099996,63.37116290000006],[-51.469948999999986,63.36562750000007],[-51.46355799999998,63.357831299000054],[-51.457170400999985,63.35003480000006],[-51.45315379899995,63.34513190000007],[-51.44913859899998,63.340228800000034],[-51.442759498999976,63.33243210000006],[-51.43638389999995,63.32463500000006],[-51.43237769899997,63.319732601000055],[-51.42200289899995,63.30703180000006],[-51.41563630099995,63.29923330000008],[-51.41163710099994,63.29432950000006],[-51.40763929999997,63.28942550000005],[-51.40128120099996,63.28162670000006],[-51.39492649999994,63.27382760000006],[-51.39093189999994,63.26892250000003],[-51.38693870099996,63.264017300000035],[-51.380592398999966,63.25621790000008],[-51.374249599999985,63.24841830000008],[-51.370262999999966,63.24351390000004],[-51.366277699999955,63.23860940000003],[-51.35994279899995,63.23080840100005],[-51.353611299999955,63.223007100000075],[-51.34963159899996,63.21810130000006],[-51.345653298999935,63.213195400000075],[-51.33932779999998,63.20539400000007],[-51.333005699999944,63.19759230000005],[-51.32903399999998,63.192687300000046],[-51.32506350099993,63.18778210000005],[-51.31875179999997,63.17997890000004],[-51.31244339999995,63.17217530100004],[-51.30847799999998,63.16726770000008],[-51.30451399899994,63.162359999000046],[-51.298211599999945,63.15455650000007],[-51.29191259899994,63.14675260000007],[-51.28795270099994,63.141846000000044],[-51.28399410099996,63.13693920000003],[-51.27770349899998,63.12913510000004],[-51.271416200999965,63.121330700000044],[-51.27137789999995,63.12127970000006],[-51.270700799999986,63.120465900000056],[-51.26999579899996,63.11965690000005],[-51.269253299999946,63.118853700000045],[-51.26916229899996,63.11875310000005],[-51.26840169999997,63.11795390000003],[-51.267645899999934,63.11715420000007],[-51.26719030099997,63.11667190000003],[-51.266515898999955,63.11597370000004],[-51.26571409999997,63.115182900000036],[-51.26488539999997,63.11439910000007],[-51.26402399899996,63.11362060000005],[-51.26313589999995,63.11284920000003],[-51.26221599999997,63.11208529900006],[-51.26126939899996,63.11132850000007],[-51.26029109899997,63.11057909900006],[-51.25928209899996,63.109839399000066],[-51.25825109999994,63.109106300000064],[-51.25718839999996,63.10838079900003],[-51.256095098999936,63.10766490000003],[-51.25498079899995,63.10695769900008],[-51.25383489899997,63.10625810000005],[-51.253635799999984,63.10614030000005],[-51.24502580099994,63.10100920000008],[-51.23641880099996,63.09587740000006],[-51.22781239899996,63.09074439900007],[-51.219208899999956,63.08561080000004],[-51.21060939999995,63.08047790000006],[-51.202012999999965,63.07534440000006],[-51.193416998999965,63.07020950100008],[-51.18482410099995,63.06507420000008],[-51.176237500999946,63.05993920000003],[-51.16765400099996,63.054803700000036],[-51.15907330099998,63.049666700000046],[-51.150495698999976,63.044529100000034],[-51.14191909899995,63.039391300000034],[-51.133345599999984,63.03425290000007],[-51.124775399999976,63.02911410000007],[-51.11620829999998,63.023974800000076],[-51.107644498999946,63.01883500000008],[-51.09908379999996,63.013694600000065],[-51.09212829899997,63.00951610000004],[-51.08517469999998,63.00533720100003],[-51.081875698999966,63.00289470100006],[-51.072313099999974,62.99581560000007],[-51.06275510099994,62.98873590000005],[-51.053201900999966,62.98165460000007],[-51.04365329999996,62.974572600000045],[-51.03759219999995,62.97007360100008],[-51.02804949899996,62.96299090000008],[-51.01851149899994,62.955907600000046],[-51.00898110099996,62.94882360000008],[-50.999455299999966,62.94173899900005],[-50.99340970099996,62.937240400000064],[-50.98388939999995,62.93015400000007],[-50.97437359999998,62.92306700000006],[-50.964863598999955,62.915980500000046],[-50.955358098999966,62.90889340000007],[-50.94932019999993,62.904389199000036],[-50.939823099999956,62.89730130000004],[-50.930330598999944,62.89021260000004],[-50.920840399999975,62.88312260100008],[-50.91135469899996,62.876031900000044],[-50.905332198999986,62.87152829900003],[-50.89585489799998,62.86443680100007],[-50.88638210099998,62.857344599000044],[-50.87691450099993,62.85025200100006],[-50.86745149999996,62.84315870000006],[-50.86144240099998,62.83865119900008],[-50.85198759899998,62.83155700000003],[-50.84253739899998,62.82446220000003],[-50.83309190199998,62.81736580000006],[-50.82365100199996,62.810268800000074],[-50.81765709999996,62.80576180000003],[-50.80822200099993,62.79866410000005],[-50.79879149899995,62.79156580000006],[-50.78936609899995,62.784466999000074],[-50.77994529899996,62.77736760000005],[-50.77396569899997,62.772858900000074],[-50.764550199999974,62.765757800000074],[-50.75513929999994,62.75865600000003],[-50.74573390099994,62.751554799000075],[-50.73633309999997,62.744452901000045],[-50.73036199899997,62.73994090000008],[-50.72097129799994,62.73283690000005],[-50.711585199999945,62.72573230100005],[-50.70220170099998,62.71862739900007],[-50.69282279999993,62.71152190000004],[-50.69148569999993,62.71050720000005],[-50.682112598999936,62.703401100000065],[-50.672743898999954,62.696294400000056],[-50.66337809999993,62.68918740000004],[-50.65401669899995,62.682079800000054],[-50.650445900999955,62.67797650000006],[-50.64373879999994,62.67026210000006],[-50.63703519999996,62.66254749900003],[-50.630173800999955,62.65464900000006],[-50.62347510099994,62.646933200000035],[-50.61677999999995,62.63921700100008],[-50.60992819899997,62.63131350000003],[-50.60324079999998,62.62359710000004],[-50.59655689999994,62.61588030000007],[-50.58971849999995,62.60798050000005],[-50.583041797999954,62.60026230100004],[-50.57636869999993,62.592543800000044],[-50.56953519999996,62.58463940000007],[-50.56286979999993,62.57692060000005],[-50.55620779999998,62.56920150000008],[-50.54273390099996,62.55357680000003],[-50.536080700999946,62.54585730000008],[-50.52927569999997,62.53795339900006],[-50.52262979899996,62.530232400000045],[-50.51598729899996,62.522511200000054],[-50.50918809999996,62.51460490000005],[-50.50255329799995,62.50688330000003],[-50.49592200099994,62.49916140000005],[-50.48913319999997,62.49125230000004],[-50.48250960099995,62.483530201000065],[-50.47588929899996,62.47580760000005],[-50.46911279999995,62.467900100000065],[-50.46249979899994,62.460176200000035],[-50.455890100999966,62.45245200000005],[-50.45556119999998,62.45207170000003],[-50.45484199899994,62.45126910000005],[-50.454086099999984,62.45047199900006],[-50.45330749999994,62.44967920000005],[-50.45249409899998,62.44889630000006],[-50.451653299999975,62.44811800000008],[-50.45145579999996,62.44793650100007],[-50.446753798999964,62.44371980000005],[-50.44205299999993,62.439502900000036],[-50.437353798999936,62.43528590000005],[-50.43265589899994,62.43106870000008],[-50.42795910199993,62.426850400000035],[-50.42326360199996,62.422631900000056],[-50.418570099999954,62.418414400000074],[-50.413877800999956,62.41419669900006],[-50.409186699999964,62.409977800000036],[-50.40449679999995,62.40575880000006],[-50.39980890099997,62.40154080000008],[-50.39512240099998,62.39732259900006],[-50.39043449999997,62.393103401000076],[-50.38574799899993,62.38888410000004],[-50.381065699999965,62.38466560000006],[-50.376384798999936,62.38044690000004],[-50.37170499999996,62.376227001000075],[-50.367026399999986,62.37200690000003],[-50.35854849999998,62.36435750000004],[-50.35119579999997,62.35709600000007],[-50.34384659999995,62.349834000000044],[-50.336242900999935,62.342314301000044],[-50.32864299999994,62.33479420000003],[-50.321045099999935,62.32727409900008],[-50.313450999999986,62.31975350000005],[-50.313156499999934,62.319460700000036],[-50.305566899999974,62.31193989900004],[-50.29798109999996,62.30441870000004],[-50.290399599999944,62.29689730000007],[-50.28282189999993,62.28937550000006],[-50.27524809899995,62.28185240000005],[-50.267678099999955,62.27432889900007],[-50.26738369999998,62.27403380000004],[-50.25981859899997,62.26651110000006],[-50.25225729999994,62.258988000000045],[-50.24469709999994,62.25146280000007],[-50.237140599999975,62.24393710000004],[-50.22959130199996,62.23641210100004],[-50.222045701999946,62.22888660000007],[-50.221753099999944,62.22859370000003],[-50.21420970099996,62.22106820000005],[-50.206669999999974,62.21354240000005],[-50.19913419899996,62.20601530000005],[-50.191602099999955,62.198487700000044],[-50.184074298999974,62.19095990000005],[-50.176550298999985,62.18343180100004],[-50.17625869999995,62.18313870000003],[-50.16873630099997,62.17560940000004],[-50.16121770099994,62.168079799000054],[-50.153706100999955,62.16055080000007],[-50.146198298999934,62.153021299000045],[-50.138691998999946,62.14549080000006],[-50.13118949899996,62.137959900000055],[-50.130898798999965,62.137666800000034],[-50.12340059999997,62.13013570000004],[-50.11590619999998,62.12260420000007],[-50.10841329799996,62.115071500000056],[-50.100924100999976,62.10753850000003],[-50.09344200099997,62.10000620000005],[-50.085963499999934,62.092473400000074],[-50.085673800999984,62.092180201000076],[-50.07819699999993,62.084646400000054],[-50.07072389999996,62.07711210000008],[-50.06325739999994,62.06957750000004],[-50.05579459899997,62.06204240000005],[-50.04833379899998,62.054507400000034],[-50.04087659999993,62.04697189900003],[-50.04058779799993,62.04667870000003],[-50.033132301999956,62.03914210000005],[-50.02568039999994,62.03160520000006],[-50.01823559999997,62.02406890100008],[-50.01079439999995,62.01653220000003],[-50.003354798999965,62.00899449900004],[-49.99591879999997,62.001456301000076],[-49.99562999999995,62.00116080000004],[-49.98819839999993,61.99362250000007],[-49.98077049899996,61.98608370100004],[-49.973346800999934,61.978544800000066],[-49.965926699999955,61.97100540000008],[-49.95851049999993,61.963464800000054],[-49.95109789999998,61.95592380000005],[-49.94340349899994,61.948091300000044],[-49.93599899999998,61.940549700000076],[-49.92859589899996,61.93300700100008],[-49.921196399999985,61.92546390000007],[-49.91380389999995,61.91792150100008],[-49.90641500099997,61.91037860000006],[-49.90618680099993,61.91014790000003],[-49.90538910199996,61.90936160000007],[-49.90499429999994,61.90898500000003],[-49.90137580099997,61.90557430000007],[-49.89349890099993,61.89814250100005],[-49.88562579999996,61.89071030000008],[-49.882016600999975,61.88729880000005],[-49.87414930099993,61.879865100000075],[-49.86628589999998,61.87243090000004],[-49.86267669999995,61.86901940000007],[-49.854819599999985,61.86158490000008],[-49.84696620099999,61.85414980000007],[-49.84336079999997,61.85073570000003],[-49.83551369999998,61.84330030000007],[-49.827670499999954,61.83586440000005],[-49.824069700999985,61.83244990000003],[-49.81623039999994,61.82501380000008],[-49.80839489999994,61.81757730000004],[-49.804799499999945,61.81416460000008],[-49.796969898999976,61.80672650000008],[-49.789143997999986,61.79928800000005],[-49.78555240099996,61.795872700000075],[-49.77773279999997,61.788433800000064],[-49.76991690099993,61.78099450000008],[-49.76632989999996,61.77757880000007],[-49.75851800099997,61.770139200000074],[-49.75070979999998,61.76269920000004],[-49.747128299999986,61.759285300000045],[-49.73932589999998,61.751843800000074],[-49.73152739799997,61.74440189900008],[-49.72794960199997,61.740985400000056],[-49.72015720099995,61.73354310000008],[-49.712368599999934,61.72610030000004],[-49.711805599999934,61.72556670000006],[-49.71166770099995,61.725441000000046],[-49.70326589999996,61.71769550000005],[-49.69525299899993,61.71030679900008],[-49.687243799999976,61.70291770000006],[-49.67884979899998,61.695169200000066],[-49.670849499999974,61.68777940100006],[-49.66285290099995,61.68038910000007],[-49.65447210099995,61.67263940000004],[-49.64648200099998,61.66524870000006],[-49.63849579999993,61.65785740000007],[-49.63012809999998,61.65010660000007],[-49.622150199999965,61.642713600000036],[-49.61417609899996,61.63532020100007],[-49.60582150099998,61.627568100000076],[-49.597856100999934,61.62017400000008],[-49.58989450099995,61.612779500000045],[-49.58154769999993,61.60502449900008],[-49.573594800999956,61.59762930100004],[-49.56564569999995,61.59023360000003],[-49.55731199999997,61.58247740100006],[-49.54936890199997,61.57508020000006],[-49.54142950099998,61.56768249900006],[-49.533108899999945,61.559925100000044],[-49.52517819999997,61.55252680000007],[-49.51725130099993,61.545128000000034],[-49.508943699999975,61.53736950000007],[-49.50102499899998,61.52996900100004],[-49.49311009899998,61.522568000000035],[-49.48481549999997,61.51480829900004],[-49.47690699999998,61.507406900000035],[-49.46900220099997,61.500005000000044],[-49.46895950099997,61.49996579900005],[-49.46811600099994,61.49919460000007],[-49.467242100999954,61.498430400000075],[-49.46634330099994,61.49767510000004],[-49.46541789999998,61.49692429900006],[-49.46446299999997,61.49618269900003],[-49.46348310099995,61.49544990100003],[-49.462478199999964,61.49472600100006],[-49.461442998999985,61.49400910000003],[-49.460387399999945,61.49330070000008],[-49.46014599999995,61.493143100000054],[-49.45843990099996,61.492034500000045],[-49.44815189899998,61.48533620000006],[-49.437868299999934,61.47863720000004],[-49.42758800099995,61.47193870000007],[-49.41731209999995,61.46523950000005],[-49.415614699999935,61.46413220000005],[-49.40534429999997,61.45743100100003],[-49.395078299999966,61.450729100000046],[-49.384817400999964,61.44402660000003],[-49.37456090099994,61.43732320000004],[-49.37286149999994,61.43621360000003],[-49.36261089899995,61.42950950000005],[-49.352364799999975,61.42280460000006],[-49.34212139899995,61.416099200000076],[-49.33188249999995,61.40939300100007],[-49.33018630099997,61.408282900000074],[-49.319952899999976,61.40157480000005],[-49.30972389999994,61.394866000000036],[-49.29949809999994,61.388157800000045],[-49.28927659999994,61.381448800000044],[-49.28758899999997,61.38033999900006],[-49.27737309999998,61.37362910000007],[-49.26716160099994,61.366917500000056],[-49.25695509999997,61.36020520000005],[-49.246752999999956,61.35349220000006],[-49.24506259999998,61.352378900000076],[-49.23486639999993,61.345665000000054],[-49.22467450099998,61.338950401000034],[-49.21448549999997,61.332235300000036],[-49.20430079999994,61.32551950000004],[-49.20261969999996,61.32440970000005],[-49.19243819999997,61.317692100000045],[-49.18226109999995,61.31097379900007],[-49.17209170099994,61.30425580000008],[-49.16192670099997,61.29753690000007],[-49.160243600999934,61.29642480000007],[-49.15008400099998,61.28970410000005],[-49.13992879999995,61.28298270000005],[-49.129776299999946,61.276260800000045],[-49.119628199999966,61.269538100000034],[-49.117948300999956,61.268425500000035],[-49.10780609899996,61.26170200000007],[-49.09766819899994,61.25497780100005],[-49.08753529899997,61.24825290000007],[-49.07740679999995,61.24152730000003],[-49.069369999999935,61.23618870100006],[-49.06133589999996,61.230849600000056],[-49.05121749999995,61.224122299000044],[-49.041103599999985,61.217394400000046],[-49.034567798999944,61.21060770000008],[-49.02803479999994,61.203820800000074],[-49.02078120099998,61.19628350000005],[-49.013531099999966,61.18874590000007],[-49.006284999999934,61.18120820000007],[-48.99904239899996,61.17367000000007],[-48.99629259899996,61.17080820000007],[-48.98905549899996,61.16326970000006],[-48.98182179899993,61.15573090000004],[-48.97459169899997,61.14819090000003],[-48.967365100999984,61.14065040000003],[-48.96014030099997,61.133110000000045],[-48.952918900999975,61.125569100000064],[-48.95017890099996,61.122708800000055],[-48.94296259999993,61.115166600000066],[-48.935749699999974,61.107624100000066],[-48.92854119899994,61.100082400000076],[-48.92133619899994,61.092540401000065],[-48.91413479899995,61.084997100000066],[-48.90693680099997,61.07745350000005],[-48.90420579999994,61.07459250000005],[-48.897010999999964,61.06704879900008],[-48.88981959999995,61.05950470100004],[-48.88263219999993,61.05196040000004],[-48.87544819899995,61.04441570000006],[-48.86826789899993,61.036869800000034],[-48.861090898999976,61.02932350000003],[-48.85836819899998,61.02645970000003],[-48.85119670199998,61.01891320000004],[-48.84402850099997,61.011366199000065],[-48.836863999999935,61.003818100000046],[-48.82970290099996,60.99626950000004],[-48.82254389999997,60.988722100000075],[-48.815388300999984,60.98117430000008],[-48.81267449999996,60.978309799000044],[-48.80552389999997,60.970760701000074],[-48.79837669899996,60.96321110000008],[-48.79123340099994,60.95566140100004],[-48.78409349999998,60.94811130000005],[-48.77695540099995,60.94056130000007],[-48.769820600999935,60.933010900000056],[-48.76711579999994,60.93014580000005],[-48.759986399999946,60.922595099000034],[-48.755199421999976,60.91752315500008],[-48.64578012399994,60.92097464400007],[-48.645687116999966,60.92097754000008],[-48.62063663599997,60.92175623900005],[-48.59906062799996,60.92242315300007],[-48.577383649999945,60.923089667000056],[-48.45968102299997,60.92664712200008],[-48.37608900599997,60.92911044500005],[-48.30270172599995,60.93530136700008],[-48.120691111999975,60.95125025100003],[-48.022886238999945,60.960050426000066],[-47.98494538899996,60.96489170000007],[-47.957601084999965,60.97075498000004],[-47.94236028499995,60.97842709300005],[-47.933405327999935,60.98359572500004],[-47.93303393899998,60.990120930000046],[-47.92928333499998,60.99624431400008],[-47.91960582099995,60.99908634900004],[-47.89385708499998,61.00697412200003],[-47.885169890999975,61.008788225000046],[-47.86409346099998,61.01419626300003],[-47.85889955099998,61.016083397000045],[-47.85658981499995,61.01694130000004],[-47.85620288599995,61.017805320000036],[-47.85788162999995,61.018263122000064],[-47.860395754999956,61.01894865300005],[-47.86271622199996,61.01877492400007],[-47.864917107999986,61.019389327000056],[-47.86505930299995,61.02097845800006],[-47.86516529099998,61.02216301200008],[-47.864236637999966,61.02375601000006],[-47.85977078899998,61.027522643000054],[-47.853060908999964,61.03087102300003],[-47.846179106999955,61.03277675000004],[-47.840996006999944,61.03368819800005],[-47.835106537999934,61.03340093600008],[-47.828629330999945,61.032485585000074],[-47.80166529799993,61.02813558100007],[-47.791070736999984,61.02837747900003],[-47.78695205699995,61.02847129100007],[-47.74088839299998,61.02951186200005],[-47.72687066399993,61.02989557600006],[-47.71649741099998,61.03159519700006],[-47.70341130999998,61.03374678800003],[-47.688780366999936,61.03789213300007],[-47.60490164399994,61.06955943100007],[-43.99998698999997,62.74719459000005],[-43.50946556499997,62.727150581000046],[-43.15259415099996,62.758014306000064],[-43.138960441999984,62.74821868500004],[-43.07625902399997,62.703065991000074],[-42.68074206399996,62.64867108400006],[-42.55966877199995,62.67513443200005],[-42.05526245799996,62.57464673900006],[-41.79556857599994,62.56837154700008],[-41.747067510999955,62.56714579800007],[-41.72510949499997,62.56658529400005],[-41.71548391199997,62.56633849500008],[-41.70669598899997,62.566112590000046],[-41.70657031199994,62.56610935600003],[-41.706564036999964,62.566109194000035],[-41.70652360399998,62.56610815400006],[-41.706464180999944,62.56610662400004],[-41.69022179899997,62.56568760500005],[-41.69003292799994,62.56568272100003],[-41.60664085299993,62.56350135500003],[-41.597175886999935,62.56325060700004],[-41.59562015999995,62.56639504300006],[-41.59516439999993,62.56731610000003],[-41.59115490099998,62.57541630000003],[-41.58714319999996,62.583516400000065],[-41.58312880099993,62.591615501000035],[-41.575095698999974,62.60781360100003],[-41.571076898999934,62.61591260000006],[-41.567053199999975,62.62401180000006],[-41.55900139899995,62.64021010000005],[-41.55497319999995,62.64830910000006],[-41.55086699999998,62.65655999900008],[-41.54683389999997,62.66465810100004],[-41.542798500999936,62.67275610000007],[-41.53875820099995,62.680854400000044],[-41.53471559899998,62.68895250000003],[-41.53067289899997,62.69704960000007],[-41.52662799899997,62.70514660100008],[-41.52258060099996,62.71324490000006],[-41.51853099999994,62.72134300000005],[-41.51448130099993,62.729440200000056],[-41.51042929999994,62.73753720000008],[-41.50637230099994,62.74563440000003],[-41.502313200999936,62.75373150000007],[-41.49855829899997,62.76122090000007],[-41.49480149899995,62.768710200000044],[-41.49073779899993,62.776807500000075],[-41.486671901999955,62.78490459900007],[-41.482600900999955,62.79300080000007],[-41.474454399999956,62.80919310000007],[-41.46630309899996,62.82538539900008],[-41.46222519899993,62.83348150000006],[-41.45814219899995,62.841576700000076],[-41.45405699899993,62.849671700000044],[-41.45072819999996,62.85184160000006],[-41.44028709999998,62.85864420000007],[-41.42984109899993,62.865445900000054],[-41.42206639899996,62.87050620000008],[-41.41428909899997,62.87556590000008],[-41.40382990099994,62.88236480000006],[-41.39336579999997,62.88916300000005],[-41.38557769899995,62.89422130000008],[-41.377786998999966,62.89927920000008],[-41.36731210099998,62.90607550000004],[-41.35683239999997,62.91287100000005],[-41.34903319899996,62.91792630000003],[-41.34123139999997,62.92298120000004],[-41.330738500999985,62.92977490000004],[-41.32024069999994,62.936567901000046],[-41.31242819899995,62.94162240000003],[-41.30461289999994,62.94667640000006],[-41.29410430099995,62.95346760000007],[-41.28359090099997,62.96025800000007],[-41.27576479999993,62.96530940000008],[-41.26793599999996,62.97036050000008],[-41.257411598999965,62.977148999000065],[-41.24688239999995,62.98393680000004],[-41.239042799999936,62.98898630000008],[-41.231200498999954,62.99403540000003],[-41.220657899999935,63.00082030000004],[-41.21011039999996,63.00760440000005],[-41.20225980099997,63.01265310000008],[-41.19440649999996,63.017701300000056],[-41.18384569899996,63.02448360000005],[-41.173279900999944,63.03126510100003],[-41.16541560099995,63.03631070000006],[-41.15754859899994,63.041356000000064],[-41.14697199899996,63.04813560000008],[-41.13639049799997,63.05491449900006],[-41.128514999999936,63.05995809900003],[-41.120636898999976,63.06500140000003],[-41.110041998999975,63.07177840000003],[-41.09944209899993,63.07855470000004],[-41.09914259899995,63.07874640000006],[-41.09805329999995,63.079462800000044],[-41.09699409899997,63.08018750000008],[-41.095960100999946,63.08092080000006],[-41.09495120199995,63.08166260000007],[-41.09397710199994,63.08241050000004],[-41.09302820099998,63.08316680000007],[-41.09284330199995,63.08331890000005],[-41.08473380099997,63.08998030100008],[-41.076620599999956,63.09664119900003],[-41.06775579899994,63.10391450000003],[-41.05888649899998,63.11118730100003],[-41.05001460099993,63.118458600000054],[-41.04113820099997,63.125729300000046],[-41.03300350099994,63.13238810000007],[-41.02486509999994,63.13904640000004],[-41.01597750099995,63.14631580000008],[-41.00708539999994,63.153584600000045],[-40.99818589999995,63.160853100000054],[-40.98928189999998,63.168120901000066],[-40.981124198999964,63.174776000000065],[-40.972962801999984,63.181430600000056],[-40.96404759999996,63.188697200000036],[-40.95512779999996,63.19596320000005],[-40.94620299999997,63.20322760000005],[-40.93727360099996,63.210491500000046],[-40.929090600999984,63.21714510000004],[-40.92090380099995,63.22379820100008],[-40.91196309999998,63.23106080000008],[-40.903017998999985,63.23832280000005],[-40.89406770099998,63.24558440000004],[-40.88511299999993,63.25284540000007],[-40.87690689899995,63.25949520000006],[-40.868696898999985,63.266144600000075],[-40.859730799999966,63.27340310000005],[-40.850760099999945,63.28066110000003],[-40.841781899999944,63.28791990000008],[-40.832799199999954,63.29517800000008],[-40.82456979999995,63.30182410000003],[-40.816336699999965,63.30846960000008],[-40.80734249999995,63.31572640100006],[-40.79834390099995,63.32298270000007],[-40.78934009999995,63.330237400000044],[-40.78033169899993,63.337491500000056],[-40.772076599999934,63.34413489900004],[-40.76381769999995,63.35077780000006],[-40.75479779899996,63.35803060000006],[-40.74577339899997,63.36528270000008],[-40.736743901999944,63.37253450000003],[-40.72770990099997,63.37978570000007],[-40.71943139999996,63.38642640000006],[-40.71114909999994,63.393066600000054],[-40.70210109899995,63.40031650000003],[-40.69304839999995,63.40756570000008],[-40.683993000999976,63.41481340000007],[-40.67493309899993,63.422060499000054],[-40.66663109799998,63.42869740000003],[-40.658325297999966,63.43533380000008],[-40.649251300999936,63.442579600000045],[-40.64017269999994,63.449824800000044],[-40.631088998999985,63.457069499000056],[-40.62200059799994,63.46431369900006],[-40.61568139999997,63.46934870000007],[-40.60935990099995,63.474383500000044],[-40.60026209999995,63.48162650000006],[-40.591159698999945,63.48886890000006],[-40.58205209899995,63.496110900000076],[-40.57293989999994,63.503352300000074],[-40.572447600999965,63.503634300000044],[-40.57060949999993,63.50469620000007],[-40.56876609999995,63.50575580000003],[-40.566927599999985,63.50681760000003],[-40.56508889899993,63.50787720000005],[-40.56324519999998,63.508939000000055],[-40.561406199999965,63.50999850000005],[-40.55956710099997,63.51106020100008],[-40.558737200999985,63.51154440000005],[-40.55757529999994,63.51224170100005],[-40.55644389899993,63.51294990000008],[-40.55533790099997,63.513666701000034],[-40.55425710099996,63.51438990000008],[-40.55321179899994,63.51512380000008],[-40.55219179899996,63.51586399900003],[-40.55119719999993,63.51661289900005],[-40.55023789899997,63.51737030000004],[-40.549303899999984,63.518134100000054],[-40.548400199999946,63.518904200000065],[-40.547531798999955,63.519682800000055],[-40.54668869899996,63.52046780000006],[-40.54587579899993,63.521259100000066],[-40.54509819899994,63.522056700000064],[-40.544406898999966,63.52279320000008],[-40.537584799999934,63.53026470100008],[-40.530759100999944,63.53773589900004],[-40.52392949999995,63.54520700000006],[-40.51709620099996,63.55267770100005],[-40.51025889899995,63.56014719900003],[-40.503417998999964,63.567616300000054],[-40.49657309999998,63.57508640000003],[-40.48972470099994,63.582556200000056],[-40.482874600999935,63.59002470000007],[-40.476021000999935,63.59749290000008],[-40.46916079999994,63.604960901000084],[-40.462297098999954,63.612428700000066],[-40.455431799999985,63.61989620000003],[-40.448562899999956,63.62736350000006],[-40.44168989999997,63.63483060000004],[-40.43481339999994,63.64229730000005],[-40.427932699999985,63.649762800000076],[-40.42104839899997,63.65722800000003],[-40.41416260099993,63.66469410000008],[-40.40727320099995,63.67215980000003],[-40.40712129999997,63.67232410000008],[-40.406400900999984,63.67313160000003],[-40.40571100099993,63.67394550000006],[-40.405056499999944,63.67476570000008],[-40.40442719999993,63.67559010000008],[-40.40383830099995,63.67641850000007],[-40.40327980099994,63.677253300000075],[-40.402751500999955,63.678090000000054],[-40.40225859999998,63.67893300000003],[-40.40179590099996,63.679778000000056],[-40.40136849999993,63.68062700000007],[-40.401287099999934,63.68079940000007],[-40.39755859999997,63.68865689900008],[-40.39382789999996,63.69651420000008],[-40.38996579899998,63.70464270100007],[-40.38610159899997,63.712771100000055],[-40.382234797999956,63.72089960000005],[-40.37836579899994,63.72902800000003],[-40.37449430199996,63.73715550000003],[-40.37062050199995,63.74528279900005],[-40.36687390099996,63.75313930000004],[-40.36312510099998,63.76099570100007],[-40.35924430099993,63.76912320000008],[-40.351478199999974,63.78537810000006],[-40.34759299899997,63.79350550000004],[-40.34370259899998,63.80163200000004],[-40.339810098999976,63.80975840000008],[-40.336047700999984,63.81761390000008],[-40.33228330099996,63.825469300000066],[-40.32838609999993,63.83359580000007],[-40.324486699999966,63.84172219900006],[-40.32058469999998,63.849847700000055],[-40.31668049899997,63.85797300000007],[-40.312773799999945,63.86609960000004],[-40.31237039999996,63.86693840000004],[-40.30935929899994,63.87319820100004],[-40.308864899999946,63.87422610100003],[-40.30508419999995,63.88208060000005],[-40.301301398999954,63.88993500000004],[-40.29738529999997,63.89806159900007],[-40.293467000999954,63.906188100000065],[-40.28954849999997,63.91431260000007],[-40.28562779999993,63.92243690000004],[-40.28170199899995,63.930562501000054],[-40.277773998999976,63.93868800000007],[-40.273974899999985,63.94654150000008],[-40.270173599999964,63.95439490000007],[-40.26624089899997,63.962519400000076],[-40.262305898999955,63.97064380100005],[-40.25836579999998,63.978768400000035],[-40.25048100099997,63.99501740000005],[-40.246536299999946,64.00314180000004],[-40.24272109899994,64.01099430000005],[-40.238903799999946,64.01884660000007],[-40.234951800999966,64.02697010000003],[-40.23099759899998,64.03509350000007],[-40.22704069799994,64.04321700000003],[-40.223081598999954,64.05134049900005],[-40.21911990099994,64.05946400000005],[-40.215155901999935,64.06758739900005],[-40.21132199999994,64.07544000000007],[-40.20748599999996,64.08329240000006],[-40.203517200999954,64.09141489900003],[-40.199546099999964,64.09953720100003],[-40.19556989999995,64.10765969900007],[-40.18761269899994,64.12390460000006],[-40.183631798999954,64.13202690000003],[-40.18099349899995,64.13740620000004],[-40.179781601999935,64.13987730000008],[-40.17592929999995,64.14772760000005],[-40.17194100099994,64.15585010000007],[-40.167950400999985,64.16397249900007],[-40.16395720099996,64.17209390000005],[-40.159961599999974,64.18021520000008],[-40.15596339999996,64.18833660000007],[-40.151962898999955,64.19645800000006],[-40.14809379999997,64.20430840000006],[-40.14422259999998,64.21215870000003],[-40.14021470199998,64.22028019900006],[-40.13620440099993,64.22840150000007],[-40.13219399999997,64.23652190000007],[-40.128181300999984,64.24464210000008],[-40.124163400999976,64.25276240000005],[-40.12014320099996,64.26088270000008],[-40.116767799999934,64.26769840000003],[-40.11339080099998,64.27451400000007],[-40.109366199999954,64.28263320000008],[-40.10533929799993,64.29075240000003],[-40.10130989999993,64.29887270000006],[-40.09727800099995,64.30699300000003],[-40.09324350199995,64.31511229900008],[-40.089206600999944,64.32323140000005],[-40.08890060099998,64.32366440000004],[-40.08328969899998,64.33160630000003],[-40.07767550099993,64.33954800000004],[-40.07205779999998,64.34748850000005],[-40.060814698999934,64.36337020000008],[-40.05518950099997,64.37131139900004],[-40.049557999999934,64.37925150000007],[-40.04392330099995,64.38719140000006],[-40.04218089899996,64.38964319900003],[-40.03654410099995,64.39758300000005],[-40.030903998999975,64.40552260000004],[-40.02526039999998,64.41346220000008],[-40.01961339799993,64.42140160000008],[-40.01396290099996,64.42934090000006],[-40.00830909999996,64.43728000000004],[-40.00265160099997,64.44521800000007],[-39.99699089999996,64.45315580000005],[-39.995239598999945,64.45560740000008],[-39.98957679999995,64.46354620100004],[-39.98391069999997,64.47148480000004],[-39.97823829899994,64.47942230000007],[-39.97256269999997,64.48735959900006],[-39.96688329999995,64.49529580000006],[-39.96120069899996,64.50323170000007],[-39.95551709899996,64.51116870000004],[-39.94983009899994,64.51910550000008],[-39.94806989999995,64.52155669900003],[-39.942378298999984,64.52949350000006],[-39.93668329999997,64.53743000000003],[-39.93098460199997,64.54536540000004],[-39.925282599999946,64.55330050000003],[-39.91957959999996,64.56123570000005],[-39.913873198999966,64.56917060000006],[-39.908160598999984,64.57710550000007],[-39.90244459999997,64.58504020000004],[-39.90068069899996,64.58749110000008],[-39.89495989899996,64.59542460000006],[-39.889235800999984,64.60335789900006],[-39.88351070199997,64.61129220000004],[-39.877782199999956,64.61922640000006],[-39.872047399999985,64.62715940000004],[-39.866309299999955,64.63509220100008],[-39.86057009899997,64.64302490000006],[-39.85482749899995,64.65095740000004],[-39.853054499999985,64.65340800000007],[-39.84730459999997,64.66134050000005],[-39.84155119999997,64.66927280100003],[-39.835799400999974,64.67720390000005],[-39.83004409899996,64.68513470000005],[-39.824282600999936,64.69306669900004],[-39.81851779999994,64.70099840000006],[-39.81274909999996,64.70892900000007],[-39.80697710099997,64.71685940000003],[-39.80519499999997,64.71930740000005],[-39.79942079999995,64.72723770000005],[-39.79364319999996,64.73516780000006],[-39.78785930099997,64.74309790100006],[-39.78207190099994,64.75102770000007],[-39.77628349999998,64.75895750000007],[-39.77049159899997,64.76688700000005],[-39.76469600099995,64.77481540000008],[-39.75889699999993,64.78274360000006],[-39.757105801999955,64.78519350100004],[-39.75129929999997,64.79312280000005],[-39.74548949899997,64.80105180000004],[-39.73968099999996,64.80897960000004],[-39.73386919899997,64.81690720000006],[-39.72805099999994,64.82483370100005],[-39.72222930099997,64.83275990000004],[-39.71640389999993,64.84068730000007],[-39.71057509999997,64.84861429900008],[-39.70877459999997,64.85106170000006],[-39.702943500999936,64.85898870000005],[-39.697108999999955,64.86691549900007],[-39.69126799899993,64.87484110000008],[-39.68542359899993,64.88276650000006],[-39.67957800199997,64.89069190000004],[-39.67372900099997,64.89861700100005],[-39.667876200999956,64.90654210000008],[-39.662019999999984,64.91446690000004],[-39.65711859999993,64.92109429900006],[-39.65221479999997,64.92772150000008],[-39.646351299999935,64.93564610100003],[-39.64048429899998,64.94357040000006],[-39.634610900999974,64.95149360000005],[-39.62873400199993,64.95941660000005],[-39.627291699999944,64.95970209900008],[-39.60954159999994,64.96322520000007],[-39.59178669999994,64.96674620000005],[-39.574026799999956,64.97026490000007],[-39.556262199999935,64.97378150100008],[-39.53849509999998,64.97729689900007],[-39.52072329999993,64.98081020000006],[-39.50294379999997,64.98432010000005],[-39.485159599999974,64.98782790000007],[-39.46737299899996,64.99133350000005],[-39.44958159999993,64.99483680100008],[-39.43178519899993,64.99833910000007],[-39.42333809999997,65.00000000000006],[-39.41398420099995,65.00183920000006],[-39.40120699999994,65.00435030000006],[-39.38339739999998,65.00784660100004],[-39.36558299999996,65.01134070000006],[-39.347766200999956,65.01483250000007],[-39.32994479799993,65.01832219900007],[-39.31211559999997,65.02180960000004],[-39.29428169999994,65.02529490000006],[-39.27644540099993,65.02877790000008],[-39.25860450099998,65.03225870000006],[-39.24075839899996,65.03573839900008],[-39.22290770099994,65.03921600000007],[-39.205051898999955,65.04269010000007],[-39.18719150099997,65.04616210000006],[-39.16932590099998,65.04963290000006],[-39.15145579899996,65.05310160100004],[-39.13862719999997,65.05558940000003],[-39.120751000999974,65.05905420000005],[-39.10287029999995,65.06251690000005],[-39.08498180099997,65.06597730000004],[-39.06708869899995,65.06943550000005],[-39.04919310199995,65.07289140000006],[-39.031292898999936,65.07634520000005],[-39.01338759899994,65.07979780000005],[-38.995477698999935,65.08324820000007],[-38.977562699999964,65.08669530000003],[-38.95964300199995,65.09014020000006],[-38.94172099899998,65.09358389900007],[-38.92379429899995,65.09702540000006],[-38.90585989999994,65.10046460000007],[-38.88792079899997,65.10390170000005],[-38.87504619999993,65.10636600000004],[-38.85710120099998,65.10979920000005],[-38.83915159999998,65.11323030000005],[-38.821194299999945,65.11665900000008],[-38.80323239899997,65.12008550000007],[-38.78526809999994,65.12351090100003],[-38.767299100999935,65.12693410000003],[-38.749327697999945,65.13035389900006],[-38.73135169999995,65.13377150000008],[-38.713367998999956,65.13718680000005],[-38.69537970099998,65.14060000000006],[-38.67738629899998,65.14401190000007],[-38.65938829899994,65.14742170100004],[-38.64138780099995,65.15082909900008],[-38.623382799999945,65.15423440000006],[-38.61045699999994,65.15667730000007],[-38.592443499999945,65.16007870000004],[-38.57442529999997,65.16347790000003],[-38.55640210099995,65.16687479900008],[-38.53837429899994,65.17026950000007],[-38.52034139899996,65.17366300000003],[-38.50230389999996,65.17705430000007],[-38.48426399899995,65.18044220000007],[-38.466219499999966,65.18382790000004],[-38.448167300999955,65.18721240000008],[-38.43011059899993,65.19059480000004],[-38.41205139999994,65.19397480000003],[-38.393987599999946,65.19735260000004],[-38.375918800999955,65.20072810000005],[-38.357845399999974,65.20410139900008],[-38.34487399899996,65.20652059900004],[-38.32679209999998,65.20988990000006],[-38.30870559999994,65.21325710000008],[-38.29061410099996,65.21662200000003],[-38.27251790099996,65.21998460100008],[-38.25441939999996,65.22334609900008],[-38.23631629999994,65.22670540000007],[-38.21820559899993,65.23006120000008],[-38.200090200999966,65.23341480000005],[-38.18197249999997,65.23676720000003],[-38.16385019899997,65.24011740000003],[-38.14572290099994,65.24346529900004],[-38.12759089899998,65.24681100000004],[-38.10945400099996,65.25015430000008],[-38.09131249999996,65.25349540000008],[-38.078290299999935,65.25589070100006],[-38.060140299999944,65.25922900000006],[-38.04198569999994,65.26256509900003],[-38.023828797999954,65.26589770000004],[-38.00566740099998,65.26922820000004],[-37.98749819899996,65.27255620000005],[-37.96932450099996,65.27588210000005],[-37.951148399999965,65.27920680000005],[-37.93296779899998,65.28252920000006],[-37.91478220099998,65.28584820000003],[-37.89659199899995,65.28916500000008],[-37.87839680099995,65.29248060100008],[-37.86019699899998,65.29579390000004],[-37.841992199999936,65.29910490000003],[-37.82378289999997,65.30241370000005],[-37.810715399999935,65.30478720000008],[-37.79249760199997,65.30809190000008],[-37.77427530099993,65.31139450100005],[-37.75605069799997,65.31469470000008],[-37.737821501999974,65.31799280000007],[-37.71958459899997,65.32128950000003],[-37.701343100999964,65.32458410000004],[-37.683099400999936,65.32787510000003],[-37.66485119999993,65.33116399900007],[-37.64659789999996,65.33445159900003],[-37.62833999999998,65.33773700000006],[-37.61007990099995,65.34102010000004],[-37.59181519899994,65.34430090000006],[-37.57354289999995,65.34757940100008],[-37.55526600099995,65.35085560000005],[-37.54214819899994,65.35320490000004],[-37.52386289899994,65.35647820000008],[-37.50557300099996,65.35974930000003],[-37.48728089999997,65.36301700000007],[-37.46898430199997,65.36628240000005],[-37.45068259899995,65.36954650000007],[-37.43237639899996,65.37280850000008],[-37.41406539899998,65.37606690000007],[-37.39574969999995,65.37932310000008],[-37.37742910199995,65.38257800000008],[-37.35910389999998,65.38583079900008],[-37.340773799999965,65.38908110000006],[-37.32243919999996,65.39232920000006],[-37.304102298999965,65.39557490000004],[-37.285760799999935,65.39881840000004],[-37.274314398999934,65.40083980000003],[-37.25596499899996,65.40408060000004],[-37.23761110099997,65.40731920000007],[-37.21925229899995,65.41055420000004],[-37.20088899799998,65.41378710000004],[-37.182520599999975,65.41701860000006],[-37.16414779899998,65.42024789900006],[-37.14576999999997,65.42347490000003],[-37.127387700999975,65.42669950000004],[-37.10900319799998,65.42992190000007],[-37.09061420099994,65.43314200100008],[-37.072217498999976,65.43635960000006],[-37.05381629999994,65.43957500000005],[-37.03541289899994,65.44278810000003],[-37.01700499999998,65.44599890000006],[-37.015502597999955,65.44623770000004],[-36.99999999999994,65.44870520000006],[-36.99685599999998,65.44920570000005],[-36.97820509899998,65.45217130100008],[-36.97494819999997,65.45268940000005],[-36.95629199999996,65.45565100000005],[-36.93763169999994,65.45861029900004],[-36.93437309899997,65.45912750000008],[-36.91570990099996,65.46208510000008],[-36.897042598999974,65.46504040000008],[-36.893776998999954,65.46555660000007],[-36.875104301999954,65.46850900000004],[-36.85642729899996,65.47145910100005],[-36.85316539899998,65.47197440000008],[-36.834483097999964,65.47492160000007],[-36.815796699999964,65.47786650000006],[-36.81253309999994,65.47838100000007],[-36.793841198999985,65.48132300000003],[-36.77514519999994,65.48426270000004],[-36.77188530099994,65.48477630000008],[-36.753183999999976,65.48771310100005],[-36.73447840199998,65.49064760000005],[-36.73120610099994,65.49116010000006],[-36.71249779899995,65.49409280000003],[-36.693785297999966,65.49702329900003],[-36.69052210199993,65.49753500000003],[-36.671801598999934,65.50046140000006],[-36.65307699799996,65.50338550100008],[-36.649801398999955,65.50389620000004],[-36.631073999999956,65.50681850100005],[-36.612342498999965,65.50973850000008],[-36.61159269899997,65.50985810000003],[-36.60963819899996,65.51017489900005],[-36.607703698999956,65.51050770000006],[-36.60577859999995,65.51085399900006],[-36.60387369899996,65.51121410000007],[-36.60198359899994,65.51158770000006],[-36.60010289899998,65.51197500000006],[-36.598247801999946,65.51237610000004],[-36.59640209999998,65.51279070000004],[-36.59457659999998,65.51321900000005],[-36.59277150199995,65.51365890000005],[-36.59098119999993,65.51411240000004],[-36.58921100099997,65.51457960000005],[-36.58746659999997,65.51505850000007],[-36.585737000999984,65.51555090000005],[-36.584027799999944,65.51605490000003],[-36.582344399999954,65.51657050000006],[-36.58067569999997,65.51709970100006],[-36.57903819899997,65.51764070000007],[-36.57741569999996,65.51819300100004],[-36.575818898999955,65.51875690000003],[-36.57424790099998,65.51933250000008],[-36.57354270099995,65.51959810000005],[-36.563022598999964,65.52357950000004],[-36.55249920099993,65.52756019900005],[-36.537699499999974,65.53315580000003],[-36.52289349999995,65.53874990000003],[-36.51235719999994,65.54272780100007],[-36.50181770199998,65.54670489900008],[-36.48699800099996,65.55229550000007],[-36.472171998999954,65.55788470000005],[-36.461622397999975,65.56185790000006],[-36.45106959999998,65.56583049900007],[-36.43622720099995,65.57141610000008],[-36.421378398999934,65.57700020100003],[-36.41081250099995,65.58097100000003],[-36.400243400999955,65.58494110000004],[-36.38537829899997,65.59052170000007],[-36.37050679999993,65.59610080000004],[-36.359924700999954,65.60006800000008],[-36.34933939999996,65.60403450000007],[-36.33445420099997,65.60961010000005],[-36.31956259799995,65.61518420000004],[-36.308967000999985,65.61914789900004],[-36.29836819999997,65.62311090000003],[-36.28346019999998,65.62868140000006],[-36.26854569999995,65.63425049900007],[-36.257933900999944,65.63821060000004],[-36.24731889999998,65.64217000000008],[-36.232388098999934,65.64773550000007],[-36.217450800999984,65.65329950000006],[-36.206822699999975,65.65725600000007],[-36.19619139899993,65.66121180000005],[-36.18124039999998,65.66677230100004],[-36.166282999999964,65.67233129900006],[-36.15563870099993,65.67628420000005],[-36.14499109899998,65.68023640000007],[-36.13001719999994,65.68579170100003],[-36.11503689999995,65.69134570000006],[-36.104379000999984,65.69529500000004],[-36.09371779999998,65.69924360000005],[-36.07872099999997,65.70479390000008],[-36.06371780099994,65.71034270000007],[-36.06370609999993,65.71034920000005],[-36.06214730099998,65.71093570000005],[-36.060614200999964,65.71153400000003],[-36.059101700999975,65.71214160000005],[-36.057620199999974,65.71276090000003],[-36.05624499999993,65.71335560000006],[-36.04422669999997,65.71863480000007],[-36.032203497999944,65.72391300000004],[-36.01840010099994,65.72997120000008],[-36.00459010099996,65.73602820000008],[-35.99077339899998,65.74208280000005],[-35.97695010099994,65.74813620000003],[-35.96311979899997,65.75418840000003],[-35.949283099999946,65.76023930000008],[-35.93543929899994,65.76628890000006],[-35.92158900099997,65.77233730000006],[-35.90951320099998,65.77760700100004],[-35.897432598999956,65.78287570000003],[-35.88356619899997,65.78892070000006],[-35.86969329999994,65.79496440000008],[-35.855810599999984,65.80100690000006],[-35.841921397999954,65.80704800000007],[-35.82802789999994,65.81308800000005],[-35.81412789999996,65.81912670000008],[-35.80022079999998,65.82516420000007],[-35.786307197999975,65.83120040100005],[-35.774179500999935,65.83645840000008],[-35.76204679999995,65.84171540000006],[-35.74811429999994,65.84774810000005],[-35.73417520199996,65.85377960000005],[-35.720231800999954,65.85980980000005],[-35.70628179899995,65.86583880000006],[-35.69232479899995,65.87186659900004],[-35.67836120199996,65.87789300000003],[-35.66439050099996,65.88391820000004],[-35.65041329999997,65.88994209900005],[-35.63823040199998,65.89518940000005],[-35.62604259999995,65.90043570000006],[-35.61204639999994,65.90645610000007],[-35.59804349899997,65.91247530000004],[-35.58403360199998,65.91849310000003],[-35.57001709899998,65.92450970000004],[-35.55599639999997,65.93052400000005],[-35.54196899999994,65.93653700000004],[-35.52793440099998,65.94254980000005],[-35.513893199999984,65.94856130000005],[-35.501652097999965,65.95379890000004],[-35.48940600199995,65.95903549900004],[-35.47534589999998,65.96504240000007],[-35.46127909899997,65.97104800000005],[-35.447207798999955,65.97705350000007],[-35.43312990099997,65.98305770000007],[-35.419042300999934,65.98905950100004],[-35.40494800099998,65.99505989900007],[-35.39084920099998,66.00106030000006],[-35.37674370099995,66.00705930000004],[-35.36444689899997,66.01228600000007],[-35.35214509999997,66.01751170000006],[-35.338020599999936,66.02350610100007],[-35.32388949999995,66.02949920100008],[-35.30975099899996,66.03549220000008],[-35.29560589899995,66.04148380000004],[-35.281456599999956,66.04747310100004],[-35.26730059999994,66.05346110000005],[-35.25313719899998,66.05944890000006],[-35.23896710199995,66.06543540000007],[-35.22661459999995,66.07065000000006],[-35.21425689999995,66.07586360000005],[-35.200067597999976,66.08184660000006],[-35.185871599999984,66.08782819900006],[-35.17167139899993,66.09380750000008],[-35.157464398999934,66.09978540000003],[-35.14324740099994,66.10576309900006],[-35.12902360199996,66.11173950000006],[-35.11479549899997,66.11771360000006],[-35.100560798999936,66.12368630000003],[-35.08814910099994,66.12889090000004],[-35.07573220099994,66.13409460100007],[-35.06147809899994,66.14006369900005],[-35.04721729899995,66.14603150000005],[-35.032951999999966,66.15199810000007],[-35.01868000099995,66.15796329900007],[-35.004397799999936,66.16392830000007],[-34.99010889999994,66.16989190100003],[-34.975815600999965,66.17585320000006],[-34.96151569999995,66.18181320000008],[-34.949050399999976,66.18700570100003],[-34.93658000099998,66.19219719900008],[-34.92226059899997,66.19815350000005],[-34.907934497999975,66.20410850000007],[-34.893601100999945,66.21006219900005],[-34.87926090099995,66.21601460000005],[-34.864913299999955,66.22196670000005],[-34.850558898999964,66.22791760000007],[-34.83620020099994,66.23386600000003],[-34.82183470099994,66.23981310100004],[-34.80930969999997,66.24499550000007],[-34.79677959899993,66.25017680000008],[-34.78239179999997,66.25612020000005],[-34.76799730099998,66.26206219900007],[-34.75359819999994,66.26800300000008],[-34.73919229999996,66.27394250000003],[-34.72478190099997,66.27988070000004],[-34.71036469999996,66.28581750000006],[-34.695937398999945,66.29175300000003],[-34.68150340099993,66.29768710000008],[-34.67330969999995,66.30104890000007],[-34.66505349899995,66.30443550000007],[-34.656795099999954,66.30782170000003],[-34.64853429899995,66.31120740100005],[-34.64027670199994,66.31459279900008],[-34.63201130099998,66.31797760000006],[-34.62374320099997,66.32136430000003],[-34.61547319999994,66.32474820000004],[-34.60720089999995,66.32813170000003],[-34.59892619799996,66.33151480000004],[-34.598280398999975,66.33178080000005],[-34.59679229899996,66.33241020000008],[-34.59532429899997,66.33305140000004],[-34.59424739999997,66.33353810000006],[-34.58345559999998,66.33846650000004],[-34.57265960099994,66.34339410000007],[-34.55899589999996,66.34962640100008],[-34.54532539799993,66.35585740000005],[-34.534516501999974,66.36078250000003],[-34.523703299999966,66.36570690000008],[-34.510016898999936,66.37193610000003],[-34.496323797999935,66.37816410000005],[-34.48549210199997,66.38308570000004],[-34.47465630099998,66.38800659900005],[-34.46094479899995,66.39423040000008],[-34.447226598999976,66.40045290000006],[-34.436377799999946,66.40537130000007],[-34.42552470099997,66.41028890000007],[-34.41179069999998,66.41650840000005],[-34.398049998999966,66.42272679900003],[-34.387181098999974,66.42764170000004],[-34.376308000999984,66.43255590000007],[-34.362548698999944,66.43877120000008],[-34.348782599999936,66.44498520000008],[-34.33789359899998,66.44989680000003],[-34.327000400999964,66.45480750100006],[-34.31321570099993,66.46101850000008],[-34.299424199999976,66.46722820000008],[-34.28851789999993,66.47213640100006],[-34.277607400999955,66.47704380000005],[-34.263797299999965,66.48325040000003],[-34.249980198999936,66.48945580100008],[-34.23905379799993,66.49436050000003],[-34.22812320199995,66.49926450000004],[-34.21429029999996,66.50546690000004],[-34.20045049999993,66.51166800000004],[-34.189503997999964,66.51656930000007],[-34.17855310099998,66.52146990000006],[-34.164694699999984,66.52766779900003],[-34.15082929899995,66.53386460000007],[-34.14057179899993,66.53844620000007],[-34.13031049799997,66.54302710000007],[-34.116427200999965,66.54922080000006],[-34.102536999999984,66.55541330000005],[-34.092353499999945,66.55965110100004],[-34.077931699999965,66.56564940000004],[-34.06350300099996,66.57164640000008],[-34.05183589999996,66.57649390000006],[-34.03739389799995,66.58248850000007],[-34.02294489999997,66.58848170000005],[-34.011261400999956,66.59332620000004],[-33.996801898999934,66.59931710000006],[-33.982335399999954,66.60530670000003],[-33.97062990099994,66.61014800000004],[-33.956150100999935,66.61613519900004],[-33.94166330099995,66.62212100000005],[-33.92994689999995,66.62695940000003],[-33.91544680099997,66.63294280100007],[-33.90093960099995,66.63892490000006],[-33.88921289999996,66.64375830000006],[-33.87469239999996,66.64973790100004],[-33.86016490099996,66.65571620000003],[-33.84841560099994,66.66054860000008],[-33.83387470099996,66.66652450000004],[-33.81932679799996,66.67249900000007],[-33.807560999999964,66.67732830000006],[-33.79300249999994,66.68330050000003],[-33.77843689899993,66.68927140000005],[-33.76666019999993,66.69409780000007],[-33.75208129999993,66.70006620000004],[-33.73749530099997,66.70603320000004],[-33.72569639899996,66.71085640000007],[-33.71109719999998,66.71681990000008],[-33.69649090199994,66.72278210000007],[-33.69645929999996,66.72279670000006],[-33.69494369999995,66.72342709900005],[-33.69345429999993,66.72406740000008],[-33.69199659999998,66.72471780000006],[-33.69056500099998,66.72537810000006],[-33.68916520099998,66.72604850000005],[-33.68779210099996,66.72672660000006],[-33.68645020099996,66.72741690000004],[-33.68514049899994,66.72811520000005],[-33.68386309999994,66.72882130000005],[-33.68261190099997,66.72953730000006],[-33.68139849999994,66.73026130000005],[-33.68021130099993,66.73099530000007],[-33.67906249899994,66.73173510000004],[-33.67794029999993,66.73248250000006],[-33.67685550099998,66.73324030000003],[-33.67580349899998,66.73400370000007],[-33.67478429999994,66.73477270000006],[-33.67379689899997,66.73555180100004],[-33.672848398999975,66.73633460100007],[-33.67267949999996,66.73647930100003],[-33.67149989999996,66.73748090000004],[-33.66264579899996,66.74501110000006],[-33.65378630199996,66.75254070000005],[-33.65260509999996,66.75354230000005],[-33.64374190099994,66.76107160000004],[-33.63487320099995,66.76860040000008],[-33.633690498999954,66.76960180000003],[-33.624815299999966,66.77713020000004],[-33.61593459899996,66.78465800000004],[-33.61475589999998,66.78565950000007],[-33.60586619999998,66.79318570100008],[-33.59697099999994,66.80071140000007],[-33.58688549999994,66.80924020000003],[-33.57798120099994,66.81676500000003],[-33.57679360099996,66.81776600000006],[-33.56788259999996,66.82529040000003],[-33.55896619999993,66.83281430000005],[-33.55777649899994,66.83381750000007],[-33.54885349899996,66.84134090000003],[-33.53992499799995,66.84886380000006],[-33.538734199999965,66.84986460000005],[-33.52979910099998,66.85738710000004],[-33.52085859999994,66.86490900100006],[-33.51966620099995,66.86590970000003],[-33.51072180099993,66.87343130000005],[-33.50177199999996,66.88095240000007],[-33.49372439899997,66.88770740000007],[-33.48567239999994,66.89446200000003],[-33.47805399899994,66.89934190000008],[-33.47043260099997,66.90422139900005],[-33.45937329999998,66.91129850000004],[-33.448307600999954,66.91837480000004],[-33.43723219999998,66.92545030000008],[-33.42615039999998,66.93252510000008],[-33.41506470199994,66.93959919900004],[-33.40397249999995,66.94667260000006],[-33.39287339999993,66.95374520000007],[-33.38176789999994,66.96081709900005],[-33.37224059999994,66.96688020000005],[-33.36270840099996,66.97294260000007],[-33.35158469999993,66.98001249900005],[-33.34045440099993,66.98708170000003],[-33.329317300999946,66.99415010000007],[-33.318173797999975,67.00121770000004],[-33.30702360099997,67.00828350100005],[-33.295866900999954,67.01534860000004],[-33.28470600099996,67.02241410000005],[-33.27353849899998,67.02947880000005],[-33.26395549999995,67.03553570000008],[-33.25436769899994,67.04159190000007],[-33.243181800999935,67.04865470000004],[-33.231989400999964,67.05571660000004],[-33.22079039899995,67.06277680000005],[-33.20958489999998,67.06983610000003],[-33.198372398999936,67.07689470100007],[-33.18715340199998,67.08395260000003],[-33.17592740099997,67.09100970000003],[-33.16469489899998,67.09806600100006],[-33.155058699999984,67.10411670000008],[-33.14541769799996,67.11016670000004],[-33.13416660099995,67.11722110000005],[-33.122908999999936,67.12427460000004],[-33.11164729899997,67.13132750000005],[-33.100378999999975,67.13837950000004],[-33.08910119899997,67.14542970000008],[-33.07781680199997,67.15247900000003],[-33.06652790099997,67.15952890000005],[-33.05523249999993,67.16657790000005],[-33.045540098999936,67.17262109900008],[-33.03584289799994,67.17866370000007],[-33.024531699999955,67.18571090000006],[-33.01321380199994,67.19275720000007],[-33.00188640099998,67.19980150000004],[-32.99055229999993,67.20684510100006],[-32.97921089999994,67.21388899900006],[-32.96786289999994,67.22093210000003],[-32.95651100099997,67.22797349900003],[-32.94515239899994,67.23501410000006],[-32.935405998999954,67.24105100000008],[-32.92565479999996,67.24708730000003],[-32.914274499999976,67.25412570000003],[-32.90288759999993,67.26116329900003],[-32.89149650199994,67.26820020000008],[-32.88009869899997,67.27523640100003],[-32.868693898999936,67.28227180000005],[-32.857282399999974,67.28930640000004],[-32.84586369999994,67.29634020100008],[-32.834438399999954,67.30337320000007],[-32.82463470099998,67.30940370100006],[-32.81482610099994,67.31543349900005],[-32.803381797999975,67.32246440000006],[-32.79193079999993,67.32949460000003],[-32.78047590199998,67.33652290000003],[-32.76901430099997,67.34355050000005],[-32.757542298999965,67.35057829900006],[-32.746063600999946,67.35760530000005],[-32.73458089899998,67.36463050100008],[-32.72309149999995,67.37165490000007],[-32.713233300999946,67.37767780000007],[-32.70337009899998,67.38370010100004],[-32.69186159999998,67.39072240000007],[-32.68034629899995,67.39774380000006],[-32.66882360099993,67.40476570000004],[-32.657294099999945,67.41178670000005],[-32.64576059999996,67.41880590000005],[-32.63422029999998,67.42582430000004],[-32.62266989999995,67.43284190000003],[-32.61111270199996,67.43985860000004],[-32.60119600199994,67.44587600000006],[-32.59127429999995,67.45189270100008],[-32.579700800999944,67.45890740000004],[-32.568120499999964,67.46592130000005],[-32.556529997999974,67.47293430100007],[-32.54493270199998,67.47994640000007],[-32.53333139999995,67.48695680000003],[-32.52172329899997,67.49396629900008],[-32.51010749999995,67.50097620000008],[-32.49848499899997,67.50798520000006],[-32.49335370099993,67.51107930000006],[-32.48172079999995,67.51808720000008],[-32.47008099999994,67.52509430000003],[-32.45843419899995,67.53209949900008],[-32.446780599999954,67.53910390000004],[-32.43511929899995,67.54610850000006],[-32.42345120099998,67.55311240000003],[-32.41177899899998,67.56011440100008],[-32.40009999899996,67.56711570000004],[-32.38717509999998,67.57038420000003],[-32.37424660199997,67.57365180000005],[-32.356111700999975,67.57823190000005],[-32.33796980099993,67.58281000000005],[-32.31982010099995,67.58738720000008],[-32.30166349999996,67.59196230100008],[-32.283499699999936,67.59653410000004],[-32.265328901999965,67.60110400000008],[-32.24715039999995,67.60567280000004],[-32.228964797999936,67.61023970000008],[-32.21623420199995,67.61343379900006],[-32.19803620099998,67.61799710000008],[-32.179831098999955,67.62255830000004],[-32.16162159999993,67.62711760100007],[-32.14340499999997,67.63167480000004],[-32.125178398999935,67.63622860000004],[-32.10694469999993,67.64078050100005],[-32.088706300999945,67.64533140100008],[-32.070460699999956,67.64988030000006],[-32.05220779999996,67.65442710000008],[-32.033947799999964,67.65897180000007],[-32.02116309999997,67.66215039900004],[-32.002890598999954,67.66669160000004],[-31.984611100999985,67.67123070000008],[-31.966324198999928,67.67576770100004],[-31.94803019899996,67.68030260000006],[-31.929731699999934,67.68483560000004],[-31.911426199999937,67.68936640000004],[-31.893110301999968,67.69389510000008],[-31.87478730099997,67.69842160000007],[-31.856459900999937,67.70294620000004],[-31.838125399999967,67.70746870000005],[-31.825292300999934,67.71063190000007],[-31.80694239899998,67.71515070000004],[-31.788585398999942,67.71966740000005],[-31.770223899999962,67.72418210000006],[-31.751855398999965,67.72869480000003],[-31.733479097999975,67.73320640000003],[-31.71509569999995,67.73771600000003],[-31.696708099999967,67.74222239900007],[-31.678313499999945,67.74672679900004],[-31.65990850099996,67.75122880000004],[-31.64149649999996,67.75572890000007],[-31.628602598999976,67.75887820000008],[-31.61018090099998,67.76337480000007],[-31.59175229899995,67.76786920000006],[-31.573313199999973,67.77236140100007],[-31.554867100999957,67.77685140000006],[-31.53641639999995,67.78133950000006],[-31.517958698999962,67.78582550000004],[-31.49949320099995,67.79031040000007],[-31.481020598999976,67.79479330000004],[-31.46254089799993,67.79927290000006],[-31.444054199999982,67.80375040100006],[-31.43111179999994,67.80688420000007],[-31.412612498999977,67.81135800000004],[-31.394106200999943,67.81582980000007],[-31.37559239899997,67.82029940000007],[-31.35707149999996,67.82476689900005],[-31.338545800999952,67.82923350000004],[-31.320012899999938,67.83369800000008],[-31.30147009999996,67.83815909900005],[-31.282920100999945,67.84261810000004],[-31.26436530099994,67.84707610000004],[-31.245803399999943,67.85153210000004],[-31.232807399999956,67.85464770000004],[-31.214232899999956,67.85910000000007],[-31.195651398999928,67.86355020000008],[-31.177062400999944,67.86799820100003],[-31.15846640099994,67.87244410000005],[-31.139863198999933,67.87688670000006],[-31.121253000999957,67.88132720000004],[-31.102637898999944,67.88576680000006],[-31.08401559899994,67.89020430000005],[-31.06538300099993,67.89463940000007],[-31.046743298999957,67.89907250000005],[-31.033692000999963,67.90217419900006],[-31.01504270099997,67.90660370000006],[-30.996386300999973,67.91103100000004],[-30.97772239799997,67.91545620100004],[-30.959051400999954,67.91987930000005],[-30.940373000999955,67.92430010000004],[-30.921687498999972,67.92871890000004],[-30.902994501999956,67.93313540000008],[-30.88429439899994,67.93754979900007],[-30.86558679999996,67.94196200000005],[-30.84687220099994,67.94637210100007],[-30.833766399999945,67.94945770000004],[-30.81504209999997,67.95386420000006],[-30.79631070199997,67.95826860000005],[-30.77756889999995,67.96267070100004],[-30.75881999799998,67.96707060000006],[-30.740066600999967,67.97146840000005],[-30.721306099999936,67.97586410000008],[-30.702534798999977,67.98025859900008],[-30.68375630199995,67.98465090000008],[-30.664973798999938,67.98904010000007],[-30.64618409899998,67.99342710000008],[-30.62739370099996,67.99780990000005],[-30.608596200999955,68.00219070000003],[-30.589784098999928,68.00657220000005],[-30.57096489999998,68.01095160000006],[-30.552138599999978,68.01532770000006],[-30.533305199999973,68.01970160000008],[-30.51446690199998,68.02407460100005],[-30.49562139899996,68.02844540000007],[-30.47676599899995,68.03281270000008],[-30.457903401999943,68.03717790000007],[-30.436604100999944,68.03982870100003],[-30.418581699999947,68.04206939900007],[-30.40055579899996,68.04430820000005],[-30.38252659899996,68.04654380000005],[-30.364493997999944,68.04877750000003],[-30.34645729999994,68.05101020000006],[-30.328417098999978,68.05324090000005],[-30.31037319799998,68.05546950000007],[-30.29232590099997,68.05769619900008],[-30.274274898999977,68.05992090000007],[-30.256220497999948,68.06214350000005],[-30.238162398999975,68.06436410000003],[-30.220100799999955,68.06658270100007],[-30.20203559899994,68.06879929900003],[-30.183966900999962,68.07101390000008],[-30.165897597999958,68.07322660000005],[-30.147824799999967,68.07543730000003],[-30.129745399999933,68.07764570100005],[-30.111662498999976,68.07985230000008],[-30.10971539899998,68.08009560100004],[-30.107518898999956,68.08038630100003],[-30.10534169899995,68.08068930000007],[-30.10505939899997,68.08072810100003],[-30.089229001999968,68.08300740000004],[-30.073395500999936,68.08528530000007],[-30.05265419899996,68.08826730000004],[-30.031907600999943,68.09124670000006],[-30.016065900999934,68.09351800000007],[-30.000220999999954,68.09578779900005],[-29.979460401999972,68.09876040000006],[-29.958694398999967,68.10173030000004],[-29.94283749999994,68.10399560000008],[-29.926977401999977,68.10625930000003],[-29.90619750099995,68.10922250000004],[-29.885412198999973,68.11218310000004],[-29.869540600999983,68.11444120000004],[-29.85366579999993,68.11669770000003],[-29.832866597999953,68.11965150100008],[-29.81206199999997,68.12260270000007],[-29.79617560099996,68.12485359900006],[-29.780286200999967,68.12710300000003],[-29.75946770099995,68.13004740000008],[-29.738643899999943,68.13298910100008],[-29.72274239999996,68.13523390000006],[-29.70683780099995,68.13747720000003],[-29.686003098999947,68.14041230000004],[-29.665163098999983,68.14334480000008],[-29.64924689999998,68.14558240100007],[-29.633327599999973,68.14781850100007],[-29.612470799999983,68.15074400000003],[-29.591608599999972,68.15366690000008],[-29.57568129899994,68.15589630000005],[-29.55975079899997,68.15812420000003],[-29.538877299999967,68.16104160000003],[-29.51799859999994,68.16395630000005],[-29.502053199999978,68.16617939900004],[-29.48610469999994,68.16840110000004],[-29.46521249899996,68.17130780000008],[-29.444315097999947,68.17421190000005],[-29.428358100999958,68.17642800000004],[-29.41239800099993,68.17864260000005],[-29.391486398999973,68.18154100000004],[-29.370569399999965,68.18443670000005],[-29.36935969999996,68.18460730000004],[-29.367182800999956,68.18492430000003],[-29.365285900999936,68.18521500000003],[-29.355497398999944,68.18674730100008],[-29.33492009899993,68.18996600100007],[-29.314337099999932,68.19318220000008],[-29.293747998999947,68.19639580000006],[-29.273153201999946,68.19960670000006],[-29.252552299999934,68.20281510000007],[-29.23194559899997,68.20602080000003],[-29.211333001999947,68.20922400000006],[-29.190714497999977,68.21242450000005],[-29.180896299999972,68.21394590000006],[-29.16027209999993,68.21714280000003],[-29.139641998999934,68.22033700000003],[-29.119002499999965,68.22352960000006],[-29.098357199999953,68.22671950000006],[-29.077706399999954,68.22990570000007],[-29.05704990199996,68.23308940000004],[-29.036390300999983,68.23627050000005],[-29.01572499899993,68.23944910000006],[-29.00588209999995,68.24096220000007],[-28.985207999999943,68.24413680000004],[-28.96452819999996,68.24730889900007],[-28.943841900999928,68.25047940000007],[-28.923149800999965,68.25364740000003],[-28.902452298999947,68.25681150000008],[-28.881749000999946,68.25997309900004],[-28.861039200999983,68.26313309900007],[-28.840323698999953,68.26629060000005],[-28.830457201999934,68.26779310000006],[-28.809732899999972,68.27094660100005],[-28.789002899999957,68.27409750000004],[-28.76826749999998,68.27724460000007],[-28.747526298999958,68.28038920000006],[-28.726781698999957,68.28353230000005],[-28.70603130099994,68.28667290000004],[-28.68527199899995,68.28981060000007],[-28.664507000999947,68.29294570000008],[-28.654623899999933,68.29443580100008],[-28.633853098999964,68.29756710000004],[-28.613076701999944,68.30069590000005],[-28.592290698999932,68.30382290000006],[-28.571499098999936,68.30694730000005],[-28.55070509999996,68.31006810000008],[-28.52990529999994,68.31318620100006],[-28.509099698999933,68.31630170000005],[-28.488288300999955,68.31941460000007],[-28.47837470099995,68.32089580000007],[-28.45755459999998,68.32400480000007],[-28.436728801999948,68.32711110000008],[-28.41589659999994,68.33021590000004],[-28.395058699999936,68.33331800000008],[-28.374218499999984,68.33641650000004],[-28.35337249899993,68.33951240100004],[-28.33251710199994,68.34260659900008],[-28.31165599899998,68.34569810000005],[-28.301725000999966,68.34716900000006],[-28.28085520099995,68.35025650000006],[-28.25997979999994,68.35334150000006],[-28.23910209999997,68.35642280000008],[-28.218218599999943,68.35950150000008],[-28.19732579999993,68.36257840000007],[-28.176427298999954,68.36565270100004],[-28.155525799999964,68.36872450000004],[-28.134618797999963,68.37179360000005],[-28.124670399999957,68.37325410000005],[-28.103752201999953,68.37631800000008],[-28.08282849899996,68.37937930100003],[-28.06190119799993,68.38243910000006],[-28.04096840099993,68.38549630000006],[-28.02002959999993,68.38855080000008],[-27.99908530099998,68.39160260000006],[-27.978134999999952,68.39465180000008],[-27.95717919899994,68.39769830000006],[-27.94719559999993,68.39914720000007],[-27.92623360099998,68.40219110100003],[-27.905265897999982,68.40523230000008],[-27.884290000999954,68.40826940000005],[-27.863308399999937,68.41130390000006],[-27.84232049999997,68.41433680000006],[-27.821326898999928,68.41736710000004],[-27.80033100099996,68.42039370000003],[-27.77932949999996,68.42341769900008],[-27.769328800999972,68.42485630000004],[-27.748318799999936,68.42787630000004],[-27.727303099999972,68.43089360000005],[-27.706278098999974,68.43390910000005],[-27.685247500999935,68.43692200000004],[-27.66421460099997,68.43993120100004],[-27.64317609899996,68.44293780000004],[-27.622131198999966,68.44594270000005],[-27.601080700999944,68.44894500000004],[-27.59940039999998,68.44919000000004],[-27.597214600999962,68.44952260000008],[-27.595041099999946,68.44986750000004],[-27.592890499999953,68.45022770000003],[-27.59240539999996,68.45031230000006],[-27.57289899999995,68.45368180000008],[-27.553386796999973,68.45704890000007],[-27.532933200999935,68.46057370000005],[-27.512473198999942,68.46409600000004],[-27.492009500999927,68.46761590100004],[-27.47153949899996,68.47113330100007],[-27.45199939899993,68.47448860000003],[-27.43245350199993,68.47784170000006],[-27.411964500999943,68.48135170000006],[-27.39146909899995,68.48485910000005],[-27.370966400999976,68.48836510000007],[-27.350457399999982,68.49186860000003],[-27.330880698999977,68.49520950000004],[-27.311298199999953,68.49854820100006],[-27.29077079999996,68.50204310000004],[-27.270236999999952,68.50553550000006],[-27.24969599999997,68.50902640100003],[-27.22914869999994,68.51251480000008],[-27.209535397999957,68.51584130000003],[-27.189916400999948,68.51916560000006],[-27.16934999999995,68.52264650100005],[-27.14877740099996,68.52612490000007],[-27.128201100999945,68.52960090000005],[-27.107618499999944,68.53307430000007],[-27.087968699999976,68.53638640000008],[-27.068313098999965,68.53969620100008],[-27.047711599999957,68.54316219900005],[-27.02710370099993,68.54662570000005],[-27.006489199999976,68.55008650000008],[-26.985868299999936,68.55354480000005],[-26.96618210099996,68.55684240000005],[-26.94649009999995,68.56013770000004],[-26.92585269799997,68.56358980000005],[-26.905209000999946,68.56703940000006],[-26.884556300999975,68.57048500000008],[-26.86389739799995,68.57392810000005],[-26.84417770099998,68.57721140000007],[-26.82445229999996,68.58049240000008],[-26.803773800999977,68.58392910000003],[-26.78308899999996,68.58736320000008],[-26.762401198999953,68.59079380000003],[-26.74170720099994,68.59422180000007],[-26.721947499999942,68.59749140000008],[-26.702182197999946,68.60075870000003],[-26.68146919999998,68.60417920000003],[-26.66074999999995,68.60759720000004],[-26.64002359999995,68.61101360000004],[-26.619290900999943,68.61442740000007],[-26.599497998999936,68.61768270000005],[-26.57969929899997,68.62093559900006],[-26.558948399999963,68.62434080000008],[-26.53819119999997,68.62774340000004],[-26.517426797999974,68.63114450000006],[-26.49665609999994,68.63454299900008],[-26.47682999899996,68.63778379900003],[-26.456998100999954,68.64102230000003],[-26.43620870099994,68.64441320000003],[-26.41541289999998,68.64780160000004],[-26.394613601999936,68.65118750000005],[-26.37380800099993,68.65457080000004],[-26.37183579999993,68.65489750100005],[-26.36967839899995,68.65527170000007],[-26.367545899999982,68.65565700000008],[-26.365422398999954,68.65605910000005],[-26.363323899999955,68.65647220100004],[-26.36124899899994,68.65689860000003],[-26.359190398999942,68.65734000000003],[-26.357156698999972,68.65779250100007],[-26.355139297999983,68.65826000000004],[-26.353146898999967,68.65873860000005],[-26.35289589799993,68.65880170000008],[-26.336979500999973,68.66271869900004],[-26.321057500999927,68.66663430000006],[-26.302158298999927,68.67127830000004],[-26.283251397999948,68.67592030000003],[-26.267313101999946,68.67983090000007],[-26.251369299999965,68.68374010000008],[-26.232440698999937,68.68837620000005],[-26.213504300999944,68.69301030000008],[-26.197541799999954,68.69691310000007],[-26.181573798999977,68.70081450000004],[-26.162618099999975,68.70544410000008],[-26.143654501999947,68.71007160100004],[-26.12766659899995,68.71396890000005],[-26.11167299899995,68.71786470000006],[-26.092685400999983,68.72248500000006],[-26.073689900999966,68.72710320000004],[-26.057677099999978,68.73099380000008],[-26.04165869999997,68.73488290000006],[-26.022644600999968,68.73949550000003],[-26.003622598999982,68.74410590000008],[-25.987587899999937,68.74799010000004],[-25.971547598999962,68.75187270000004],[-25.95250330099998,68.75647840000005],[-25.933451098999967,68.76108200000004],[-25.917388399999936,68.76495919900003],[-25.90132019999993,68.76883480000004],[-25.88224699999995,68.77343150000007],[-25.863165899999956,68.77802600000007],[-25.847081297999978,68.78189660000004],[-25.83099119999997,68.78576580000004],[-25.81188839999993,68.79035440100006],[-25.792777697999952,68.79494090000003],[-25.77666820199994,68.79880480100007],[-25.760553200999937,68.80266720000003],[-25.741423099999963,68.80724910000004],[-25.722285197999952,68.81182890000008],[-25.706150799999932,68.81568610000005],[-25.69001069899997,68.81954170000006],[-25.670851698999968,68.82411450000006],[-25.651684900999953,68.82868510000003],[-25.65062930199997,68.82893960000007],[-25.64864340099996,68.82943120000004],[-25.64668839899997,68.82993450100008],[-25.644750599999952,68.83045070000003],[-25.642843700999947,68.83097860000004],[-25.640954000999955,68.83151930000008],[-25.639095200999975,68.83207180100004],[-25.637267098999928,68.83263590000007],[-25.63546379899998,68.83321130000007],[-25.633686498999964,68.83379560100008],[-25.61944749999998,68.83863060000004],[-25.605743598999936,68.84328080000006],[-25.588986601999977,68.84896120000008],[-25.57222110099997,68.85464000000007],[-25.55544599899997,68.86031820000005],[-25.53866229999994,68.86599479900008],[-25.521869600999935,68.87166970000004],[-25.50506839999997,68.87734290000003],[-25.48825819999996,68.88301450000006],[-25.471439498999928,68.88868440000005],[-25.457672298999967,68.89332260000003],[-25.443899400999953,68.89795970000006],[-25.427057300999934,68.90362510000006],[-25.410206598999935,68.90928900100005],[-25.393349998999952,68.91495140000006],[-25.37648470099998,68.92061210000003],[-25.35960819899998,68.92626980000006],[-25.342722999999978,68.93192580000004],[-25.325831199999982,68.93758150000008],[-25.30893070099995,68.94323550000007],[-25.29509799899995,68.94785960000007],[-25.281259398999964,68.95248270000008],[-25.26433549999996,68.95813220000008],[-25.247403000999952,68.96378010000006],[-25.23046150099998,68.96942630000007],[-25.213511300999983,68.97507080000008],[-25.19655280099994,68.98071260000006],[-25.17958559999994,68.98635260100008],[-25.162608700999954,68.99199199900005],[-25.145623199999932,68.99762980000008],[-25.13172069999996,69.00224060000005],[-25.117812497999978,69.00685030000005],[-25.10080339999996,69.01248360000005],[-25.083785598999953,69.01811520100006],[-25.066761800999927,69.02374530000003],[-25.049729298999978,69.02937370000006],[-25.032685499999957,69.03499910000005],[-25.015632898999968,69.04062280000005],[-24.99857359999993,69.04624610100007],[-24.981505598999945,69.05186770000006],[-24.96753320199997,69.05646510000008],[-24.953554898999982,69.06106140000003],[-24.936463299999957,69.06667850000008],[-24.919362897999974,69.07229390000003],[-24.90225420099995,69.07790640100006],[-24.885136699999975,69.08351729900005],[-24.86800939999995,69.08912760000004],[-24.850873299999932,69.09473610000003],[-24.833728900999972,69.10034180000008],[-24.816575798999963,69.10594580000003],[-24.80253230099993,69.11053080100004],[-24.78848299999993,69.11511460000008],[-24.77130540099995,69.12071510000004],[-24.754118999999946,69.12631400000004],[-24.736927200999958,69.13191020000005],[-24.719726700999956,69.13750480000004],[-24.702513301999943,69.14309840000004],[-24.68529100099994,69.14869030000006],[-24.66806349999996,69.15427960000005],[-24.65082709899997,69.15986719900008],[-24.63671679999993,69.16443780000003],[-24.622600700999953,69.16900710000004],[-24.605340500999944,69.17459010000005],[-24.588071499999955,69.18017140000006],[-24.57079019799994,69.18575070000003],[-24.553500199999974,69.19132830000007],[-24.536203299999954,69.19690540000005],[-24.51889750099997,69.20248080000005],[-24.501583299999936,69.20805339900005],[-24.48426030099995,69.21362420000008],[-24.470079099999964,69.21818100000007],[-24.45589200099994,69.22273660000008],[-24.438547398999958,69.22830420000008],[-24.42119390099998,69.23387000000008],[-24.40382889999995,69.23943270000007],[-24.38645509899993,69.24499370000007],[-24.36907119899996,69.25055400000008],[-24.351678499999935,69.25611250000003],[-24.334280499999977,69.26166840000008],[-24.31687349999993,69.26722260000008],[-24.302621098999964,69.27176550000007],[-24.288362698999947,69.27630730000004],[-24.27093169999995,69.28185680000007],[-24.25349180099994,69.28740460000006],[-24.236041899999975,69.29295170000006],[-24.218583099999933,69.29849700000005],[-24.201112801999955,69.30403920000003],[-24.18363349899994,69.30957960000006],[-24.16614809999993,69.31511850000004],[-24.148653698999965,69.32065570000003],[-24.13454029999997,69.32511890000006],[-24.12042109999993,69.32958100000008],[-24.10290280099997,69.33511350000003],[-24.085375597999928,69.34064420000004],[-24.067838301999927,69.34617420000006],[-24.05029209999998,69.35170240000008],[-24.03274049999993,69.35722810000004],[-24.01517989799993,69.36275200000006],[-23.997606901999973,69.36827370000003],[-23.980025001999934,69.37379379900005],[-23.97428610099996,69.37556499900006],[-23.95657209799998,69.38103480000007],[-23.938849097999935,69.38650280100006],[-23.921114500999977,69.39196760000004],[-23.90337090099996,69.39743050000004],[-23.897195199999942,69.39933010100003],[-23.879441499999928,69.40479200000004],[-23.86167880199997,69.41025210000004],[-23.84390449999995,69.41570900000005],[-23.826121200999978,69.42116400000003],[-23.819939398999963,69.42305920000007],[-23.802142897999943,69.42851290000004],[-23.784337300999937,69.43396470000005],[-23.766526299999953,69.43941390000003],[-23.748706298999934,69.44486130000007],[-23.74250909999995,69.44675590000003],[-23.72467359899997,69.45220049900007],[-23.706828899999948,69.45764330100008],[-23.688978101999965,69.46308449900005],[-23.671118298999943,69.46852390000004],[-23.664908799999978,69.47041360000003],[-23.64703560099997,69.47585160100004],[-23.62915340099994,69.48128770000005],[-23.61126259899993,69.48672090000008],[-23.593362799999966,69.49215230000004],[-23.587139497999942,69.49403919900004],[-23.569227099999978,69.49946800000004],[-23.551305699999943,69.50489510000006],[-23.533375000999968,69.51032030000005],[-23.515435197999977,69.51574360000006],[-23.50919629899994,69.51762980000007],[-23.49124390099996,69.52305070000006],[-23.47328240099995,69.52846960000005],[-23.45531159899997,69.53388670000004],[-23.43733169899997,69.53930200000008],[-23.431078901999967,69.54118540000007],[-23.41308640099993,69.54659820000006],[-23.39508480099994,69.55200909900003],[-23.377076899999963,69.55741840000007],[-23.359059901999956,69.56282580100003],[-23.35279309999993,69.56470640100008],[-23.33476050099995,69.57011110000008],[-23.316718600999934,69.57551380000007],[-23.29867059999998,69.58091500100005],[-23.280613399999936,69.58631430000008],[-23.256263600999944,69.59358780000008],[-23.238183798999955,69.59898380000004],[-23.220095398999945,69.60437690000003],[-23.20199790099997,69.60976800100008],[-23.20121020099998,69.61000350000006],[-23.19934089999998,69.61057940000006],[-23.19749749999994,69.61116470000007],[-23.195818001999953,69.61171879900007],[-23.18572389899998,69.61509760000007],[-23.175626498999975,69.61847580000006],[-23.165525899999977,69.62185340000008],[-23.15541579799998,69.62522980100005],[-23.14531039999997,69.62860410000008],[-23.13519999999994,69.63197990000003],[-23.125086400999976,69.63535520000005],[-23.114969498999983,69.63872990000004],[-23.10484939899993,69.64210389900006],[-23.09471979899996,69.64547690000006],[-23.092632099999946,69.64618750000005],[-23.090882398999952,69.64680659900006],[-23.09000790099998,69.64712430000003],[-23.079924398999935,69.65080930000005],[-23.069837399999983,69.65449370000005],[-23.05338040099997,69.66050360000008],[-23.036914098999944,69.66651210000003],[-23.02043599999996,69.67251750100007],[-23.00394849999998,69.67852150000004],[-22.993833999999936,69.68220260000004],[-22.983715899999936,69.68588310100006],[-22.967206500999964,69.69188470000006],[-22.950687698999957,69.69788470000003],[-22.934163198999954,69.70388239900007],[-22.91762949799994,69.70987850000006],[-22.907488499999943,69.71355380000006],[-22.89734410099993,69.71722860000006],[-22.880785100999958,69.72322200000008],[-22.86421679999995,69.72921390000005],[-22.84764279999996,69.73520349900008],[-22.831059400999948,69.74119140000005],[-22.820884099999944,69.74486260000003],[-22.81070529999994,69.74853310000003],[-22.79409980099996,69.75451870000006],[-22.777484799999968,69.76050270000007],[-22.760861098999953,69.76648399900006],[-22.744228001999943,69.77246380000008],[-22.73402619999996,69.77612910100004],[-22.72382079999994,69.77979390000007],[-22.707165499999974,69.78577120000006],[-22.690500697999937,69.79174700000004],[-22.673827100999972,69.79772009900006],[-22.657144099999982,69.80369170000006],[-22.646910799999944,69.80735310000006],[-22.63667389999995,69.81101380100006],[-22.619969499999968,69.81698180000006],[-22.603255597999976,69.82294830000006],[-22.586532001999956,69.82891319900006],[-22.56979900099998,69.83487650000006],[-22.559535798999946,69.83853170000003],[-22.549269097999968,69.84218630000004],[-22.53251769999997,69.84814630000005],[-22.515756800999952,69.85410480000007],[-22.498982999999953,69.86006140000006],[-22.482199799999933,69.86601640000003],[-22.471904999999936,69.86966750000005],[-22.46160649899997,69.87331810000006],[-22.44480169899998,69.87926960000004],[-22.42798739999995,69.88521940000004],[-22.41116650099997,69.89116789900004],[-22.394335999999953,69.89711490000008],[-22.384011099999952,69.90075990100007],[-22.37368269999996,69.90440420000004],[-22.35682750199993,69.91034730100006],[-22.339962700999934,69.91628880100006],[-22.323091300999977,69.92222890000005],[-22.30621029899993,69.92816750000003],[-22.29585349799993,69.93180840000008],[-22.285493199999962,69.93544870000005],[-22.26859060099997,69.94138370000007],[-22.25167829999998,69.94731710000008],[-22.234756200999982,69.95324879900005],[-22.217824598999982,69.95917890000004],[-22.21727329899994,69.95937480000003],[-22.215523297999937,69.96000420000007],[-22.213811798999927,69.96064440000004],[-22.212126298999976,69.96129420000005],[-22.210481197999968,69.96195260000007],[-22.208860198999957,69.96262260000003],[-22.207279599999936,69.96330140000003],[-22.205731297999932,69.96399020000007],[-22.204223298999977,69.96468770000007],[-22.202747597999974,69.96539540000003],[-22.20130779899995,69.96610889900006],[-22.20030719799996,69.96645909900008],[-22.198556001999975,69.96708840000008],[-22.196843399999977,69.96772850000008],[-22.19515680099994,69.96837809900006],[-22.19350880099995,69.96903840000004],[-22.191893000999983,69.96970900000008],[-22.19031130099995,69.97038750000007],[-22.188761899999975,69.97107630000005],[-22.187252799999953,69.97177360000006],[-22.185776000999965,69.97248110000004],[-22.184333299999935,69.97319670000007],[-22.18293099999994,69.97392090000005],[-22.181562799999938,69.97465300000005],[-22.18023040099996,69.97539110000008],[-22.17894289999998,69.97614050000004],[-22.178578001999938,69.97635700000006],[-22.176809400999957,69.97689100100007],[-22.17494149999993,69.97747840000005],[-22.173093299999948,69.97807470100008],[-22.171283700999936,69.97868180100005],[-22.16950450099995,69.97930120000007],[-22.167751298999974,69.97993020000007],[-22.16603669999995,69.98056990000003],[-22.164352599999972,69.98122200000006],[-22.162704299999973,69.98187989900003],[-22.161086599999976,69.98255020000005],[-22.159501099999943,69.98323059900008],[-22.15794959899995,69.98391910000004],[-22.156438600999934,69.98461620000006],[-22.154959799999972,69.98532350000005],[-22.15352330099995,69.98603719900007],[-22.15211269899993,69.98676050000006],[-22.150748800999963,69.98749310000005],[-22.149418998999977,69.98823369900003],[-22.148123400999964,69.98898230000003],[-22.14778139999993,69.98918690000005],[-22.14598099999995,69.98973180000007],[-22.14410659899994,69.99031600000006],[-22.14226089799996,69.99091480000004],[-22.140449199999978,69.99152160000006],[-22.13866809999996,69.99214070000005],[-22.136912799999948,69.99276930000008],[-22.135194399999932,69.99341090000007],[-22.133510098999977,69.99406060000007],[-22.131857998999976,69.99472040100005],[-22.13023819999995,69.99539040000008],[-22.128658798999936,69.99606900000003],[-22.127105399999948,69.99675720000005],[-22.125590598999963,69.99745619900006],[-22.124111599999935,69.99816099900005],[-22.12267129999998,69.99887669900005],[-22.12126509999996,69.99960040000008],[-22.11989929799995,70.00033270000006],[-22.118567497999948,70.00107310000004],[-22.11726989899995,70.00182150000006],[-22.116971699999965,70.00199770000006],[-22.115103596999973,70.00256380000008],[-22.113225298999964,70.00314990000004],[-22.111377500999936,70.00374830000004],[-22.10956380199997,70.00435480000004],[-22.107780599999955,70.00497360000003],[-22.106027901999937,70.00560470000005],[-22.104309200999978,70.00624390000007],[-22.10262280099994,70.00689320000004],[-22.10097509899998,70.00755340000006],[-22.09935329999996,70.00822310000007],[-22.09777010099998,70.00890360000005],[-22.09621459999994,70.00959150000006],[-22.094699599999956,70.01028810100007],[-22.093223200999944,70.01099550100008],[-22.091780898999957,70.01171090100007],[-22.090372699999932,70.01243430000005],[-22.08900499999993,70.01316640000005],[-22.087671299999954,70.01390650000008],[-22.08637810099998,70.01465530000007],[-22.08611019999995,70.01481120000005],[-22.08610030099993,70.01481490000003],[-22.084194000999958,70.01539110000004],[-22.082313700999975,70.01597690000006],[-22.08047199999993,70.01657340000008],[-22.078654399999948,70.01718170000004],[-22.076869200999965,70.01780020000007],[-22.07511439999996,70.01843110000004],[-22.073399998999946,70.01907050000005],[-22.07170980099994,70.01972170000005],[-22.07005369899997,70.02038100000004],[-22.06843620099994,70.02105100000006],[-22.06684649999994,70.02172850000005],[-22.065295399999968,70.02241680000003],[-22.06378289999998,70.02311590000005],[-22.06229819899994,70.02382240000003],[-22.060853897999948,70.02453750000006],[-22.059450099999935,70.02526130000007],[-22.058080399999938,70.02599320100006],[-22.056744799999933,70.02673310000006],[-22.055449598999928,70.02748170100006],[-22.05521659799996,70.02761990000005],[-22.053244098999983,70.02821520000003],[-22.051368098999944,70.02880129900007],[-22.049518000999967,70.02939689900006],[-22.04770469899995,70.03000550000007],[-22.045915598999954,70.03062580000005],[-22.04416059899995,70.03125419900005],[-22.042444199999977,70.03189339900007],[-22.04075199999994,70.03254429900005],[-22.03910019899996,70.03320390000005],[-22.03747429799995,70.03387300000003],[-22.03588709899998,70.03455299900008],[-22.034333997999966,70.03524100000004],[-22.03334979899995,70.03569300000004],[-22.032059997999966,70.03628780000008],[-22.030579598999964,70.03699470000004],[-22.029133297999977,70.03770960000003],[-22.027727398999957,70.03843320000004],[-22.026355698999964,70.03916480000004],[-22.02501629699998,70.03990660000005],[-22.02372730199994,70.04065340000005],[-22.022464299999967,70.04140980100004],[-22.02124989999993,70.04217330000006],[-22.020065100999943,70.04294210100005],[-22.020017001999975,70.04297470000006],[-22.01970260199994,70.04307930000004],[-22.017887299999927,70.04368760100004],[-22.016097900999966,70.04430540100003],[-22.01434530199998,70.04493630000007],[-22.012620500999958,70.04557459900008],[-22.010932500999957,70.04622580000006],[-22.009272401999965,70.04688450000003],[-22.007650799999965,70.04755400000005],[-22.00606149999993,70.04823369900004],[-22.004512701999943,70.04892210000008],[-22.002989899999932,70.04962000000006],[-22.001507500999935,70.05032660000006],[-22.00006560199995,70.05104190000003],[-21.998656000999972,70.05176740000007],[-21.997282300999927,70.05249880100007],[-21.995949199999927,70.05323890000005],[-21.994650100999934,70.05398700000006],[-21.993393399999945,70.05474170000008],[-21.99217080099993,70.05550440100006],[-21.99210889999995,70.05554500000005],[-21.992078999999933,70.05555610000005],[-21.990324699999974,70.05618670000007],[-21.988598200999945,70.05682470100004],[-21.986908600999982,70.05747580000008],[-21.985252998999954,70.05813480000006],[-21.98362980099995,70.05880410000003],[-21.982038899999964,70.05948360000008],[-21.98048659999995,70.06017390000005],[-21.97896390099993,70.06086950000008],[-21.977486200999977,70.06157660000008],[-21.97603450099996,70.06229320000006],[-21.97462509899998,70.06301630000007],[-21.97325620099997,70.06374820000008],[-21.97192139999993,70.06448810000006],[-21.97062079999995,70.06523600000008],[-21.96936069999998,70.06599270000004],[-21.968142798999963,70.06675580000007],[-21.96696099899998,70.06752489900003],[-21.96581969899995,70.06830269900007],[-21.964714297999933,70.06908630000004],[-21.963657599999976,70.06987710000004],[-21.96263689799997,70.07067380000007],[-21.96165409899993,70.07147430000003],[-21.960711799999956,70.07228350000008],[-21.959813598999972,70.07309700000008],[-21.958959598999968,70.07391490000003],[-21.95814799799996,70.07473940100004],[-21.95737429899998,70.07556760100005],[-21.957337499999937,70.07561070000008],[-21.95663019999995,70.07632860000007],[-21.95585639999996,70.07715680100006],[-21.955126700999983,70.07798939900005],[-21.954441200999952,70.07882640000008],[-21.953799998999955,70.07966769900008],[-21.953196598999966,70.08051279900008],[-21.952637399999958,70.08136230000008],[-21.952126200999942,70.08221189900007],[-21.95165100099996,70.08306730000004],[-21.951223699999957,70.08392290000006],[-21.950949798999943,70.08453410000004],[-21.95037209999998,70.08491409900006],[-21.949229198999944,70.08569170000004],[-21.94812859999996,70.08647590000004],[-21.947064000999944,70.08726600000006],[-21.946041799999932,70.08806270000008],[-21.945063898999933,70.08886370000005],[-21.944120097999928,70.08967270000005],[-21.94322049899995,70.09048620000004],[-21.94236509899997,70.09130400000004],[-21.941552199999933,70.09212840000004],[-21.940777098999945,70.09295660000004],[-21.940046199999927,70.09378910000004],[-21.939359598999943,70.09462600100005],[-21.93871729899996,70.09546730000005],[-21.938112799999942,70.09631239900006],[-21.937554398999964,70.09715960000005],[-21.93704029999998,70.09801130000005],[-21.936572299999966,70.09886520000003],[-21.93614230099996,70.09972290000007],[-21.935872399999937,70.10032049900008],[-21.93527850099997,70.10071060000007],[-21.934135900999934,70.10148600000008],[-21.93338689999996,70.10201750000004],[-21.933047599999952,70.10226210000008],[-21.93303389999994,70.10227010000006],[-21.933032099999934,70.10227230000004],[-21.923620297999946,70.10900530000004],[-21.913137998999957,70.11649990000006],[-21.90264819999993,70.12399390000007],[-21.89215159799994,70.13148630000006],[-21.881647401999942,70.13897800000007],[-21.871847299999956,70.14596090000003],[-21.861327200999938,70.15345260000004],[-21.850799501999973,70.16094360000005],[-21.840265001999967,70.16843300000005],[-21.829722798999967,70.17592180000008],[-21.819883600999958,70.18290620000005],[-21.809329599999955,70.19039410000005],[-21.79876799799996,70.19788140000003],[-21.78819529799995,70.20536780000003],[-21.77761499999997,70.21285360000007],[-21.767742099999964,70.21983300000005],[-21.757149798999933,70.22731800000008],[-21.746549898999945,70.23480230000007],[-21.735939001999952,70.24228570000008],[-21.725320301999943,70.24976850100006],[-21.715413500999944,70.25674290000006],[-21.70478289999994,70.26422490000004],[-21.694144500999982,70.27170610000007],[-21.68349509999996,70.27918650000004],[-21.67283790099998,70.28666620000007],[-21.66289329999995,70.29364000000004],[-21.652223998999943,70.30111890000006],[-21.64154709999997,70.30859720000007],[-21.630858900999954,70.31607450000007],[-21.620162998999945,70.32355120000005],[-21.61018219899995,70.33052210000005],[-21.599475197999936,70.33799689900007],[-21.58876030099998,70.34547100000003],[-21.57803329999996,70.35294520100007],[-21.567298500999982,70.36041880000005],[-21.557281400999955,70.36738690100003],[-21.54653540199996,70.37485860000004],[-21.53578149899994,70.38232960000005],[-21.525018600999942,70.38980110000006],[-21.514247900999976,70.39727190000008],[-21.504194299999938,70.40423710000005],[-21.493408097999975,70.41170680000005],[-21.48261409899993,70.41917580000006],[-21.471809699999937,70.42664280000008],[-21.46099739899995,70.43410910000006],[-21.450908998999978,70.44106919900008],[-21.44008349799998,70.44853580000006],[-21.429250000999957,70.45600160100008],[-21.418409401999952,70.46346580000005],[-21.407560900999954,70.47092930000008],[-21.40664990099998,70.47156940100007],[-21.405768399999943,70.47220770000007],[-21.405170599999963,70.47264700000005],[-21.40413320099998,70.47344320000008],[-21.403132400999937,70.47424540000003],[-21.402174599999967,70.47505420000005],[-21.401255300999935,70.47586690000003],[-21.400387400999932,70.47668480000004],[-21.39955599999996,70.47750869900005],[-21.39876959999998,70.47833720000006],[-21.39802180099997,70.47916950000007],[-21.397325299999977,70.48000690000003],[-21.397108801999934,70.48027130000008],[-21.395834200999957,70.48091700000003],[-21.394433298999957,70.48164850000006],[-21.393067001999952,70.48238820000006],[-21.39174179899993,70.48313670000005],[-21.39045959899994,70.48389180000004],[-21.389212099999952,70.48465520000008],[-21.388007499999958,70.48542520000007],[-21.386837498999967,70.48620340000008],[-21.385718999999938,70.48698670000005],[-21.38463700099993,70.48777610000008],[-21.38358969999996,70.48857360100004],[-21.382587300999944,70.48937570000004],[-21.38162989999995,70.49018230100006],[-21.38071550199993,70.49099560000008],[-21.37984419999998,70.49181549900004],[-21.379011399999968,70.49263929900007],[-21.378223499999933,70.49346770000005],[-21.378165499999966,70.49353220000006],[-21.37786639999996,70.49368499900004],[-21.37646400099993,70.49441640000003],[-21.37510260099998,70.49515660000003],[-21.37377589999994,70.49590500000005],[-21.372492199999954,70.49666000000008],[-21.37124319999998,70.49742320000007],[-21.370037199999956,70.49819310000004],[-21.368874200999983,70.49896970000003],[-21.36774779899997,70.49975230000007],[-21.36666249999996,70.50054370000004],[-21.365615700999967,70.50133900000003],[-21.364618399999927,70.50214160000007],[-21.364398300999937,70.50232350000005],[-21.364288599999952,70.50240630000008],[-21.363241598999934,70.50320160000007],[-21.362244098999952,70.50400420100004],[-21.36128329899998,70.50481280000008],[-21.360367399999973,70.50562600000006],[-21.35949009999996,70.50644300100004],[-21.358662298999946,70.50726740100004],[-21.357873000999973,70.50809570000007],[-21.35712879999994,70.50892839900007],[-21.356423199999938,70.50976509900005],[-21.355768999999952,70.51060700000005],[-21.35534629999995,70.51117660000006],[-21.35460790099995,70.51156670000006],[-21.35324460099997,70.51230670000007],[-21.351917899999933,70.51305279900004],[-21.350630399999943,70.51380980000005],[-21.34937939899993,70.51457289900003],[-21.348177998999972,70.51534330000004],[-21.34700669999995,70.51611910000008],[-21.345884900999977,70.51690220000006],[-21.34479780099997,70.51769350000006],[-21.34375580099993,70.51848930000006],[-21.342750299999977,70.51929120000005],[-21.34179439999997,70.52010030100007],[-21.34087699899993,70.52091340000004],[-21.339998299999934,70.52173040000008],[-21.339168997999934,70.52255470000006],[-21.338378398999964,70.52338280000004],[-21.337632799999938,70.52421550000008],[-21.336932198999932,70.52505280000008],[-21.33642140099994,70.52569570000003],[-21.33155359999995,70.53203520000005],[-21.32668279899997,70.53837450000003],[-21.32180570099996,70.54471339900005],[-21.316925598999944,70.55105220000007],[-21.312042299999973,70.55739080000006],[-21.30715589899995,70.56372939900007],[-21.302269700999943,70.57006810000007],[-21.297380498999928,70.57640670100005],[-21.292485798999962,70.58274390000008],[-21.287588100999983,70.58908080000003],[-21.282689499999947,70.59541910000007],[-21.277787898999975,70.60175720000007],[-21.272879900999953,70.60809490000008],[-21.267968800999938,70.61443250100007],[-21.26305549999995,70.62076880000006],[-21.253221999999937,70.63344260000008],[-21.248301701999935,70.63978000000003],[-21.243374999999958,70.64611700100005],[-21.238445200999934,70.65245380100004],[-21.238236300999972,70.65272850100007],[-21.237619800999937,70.65357230000006],[-21.23704210099993,70.65442010000004],[-21.236518299999943,70.65527090000006],[-21.23603319999995,70.65612570000008],[-21.235595500999978,70.65698290000006],[-21.23519860199997,70.65784180000003],[-21.23484910199994,70.65870310000008],[-21.234546799999976,70.65956690000007],[-21.23428739999997,70.66043030000003],[-21.234073399999943,70.66129820000003],[-21.23391060199998,70.66216430000003],[-21.233788699999934,70.66303210000007],[-21.23371409999993,70.66390230000007],[-21.23368439999996,70.66477000000003],[-21.23368439999996,70.66511030000004],[-21.233706600999938,70.66684930000008],[-21.23371980199994,70.66771660000006],[-21.23374199999995,70.66945550000008],[-21.233753199999967,70.67032500000005],[-21.233761399999935,70.67102750000004],[-21.233779100999982,70.67155740000004],[-21.233839600999943,70.67242709900006],[-21.233951401999946,70.67329500000005],[-21.234099602999947,70.67416180000004],[-21.234303701999977,70.67502950000005],[-21.234546201999933,70.67589410000005],[-21.234798799999965,70.67664700000006],[-21.23482669899994,70.67672490000007],[-21.23776369999996,70.68496760000005],[-21.240703199999928,70.69321020000007],[-21.24364829899997,70.70145320000006],[-21.246595900999978,70.70969610000003],[-21.24954360099997,70.71793760000008],[-21.25249379899998,70.72617900000006],[-21.25544549999995,70.73442159900003],[-21.258399598999972,70.74266400000005],[-21.258425600999942,70.74274400000007],[-21.261383200999944,70.75098540000005],[-21.264343200999974,70.75922670000006],[-21.267304600999978,70.76746910000003],[-21.27026860099994,70.77571139900004],[-21.273235900999964,70.78395270000004],[-21.276205800999946,70.79219380000006],[-21.27917709999997,70.80043610000007],[-21.282150899999976,70.80867820000003],[-21.282177100999945,70.80875830000008],[-21.285154398999964,70.81699939900005],[-21.28813409999998,70.82524040000004],[-21.291119598999956,70.83348180100006],[-21.29410760099995,70.84172300000006],[-21.29709379999997,70.84996510000008],[-21.300082500999963,70.85820699900006],[-21.303074597999966,70.86644790000008],[-21.306069297999954,70.87468870100008],[-21.30609569799998,70.87476880000008],[-21.30909289899995,70.88300960000004],[-21.31209259999997,70.89125030000008],[-21.315094801999976,70.89949110000003],[-21.318099502999928,70.90773170000006],[-21.32110569899993,70.91597350000006],[-21.324114399999928,70.92421510000008],[-21.32712669899996,70.93245570000005],[-21.33014140199998,70.94069619900006],[-21.330174600999953,70.94077689900007],[-21.33318860099996,70.94901710000005],[-21.336205098999983,70.95725719900008],[-21.33922649899995,70.96549870000007],[-21.342250399999955,70.97374010100003],[-21.345277799999963,70.98198050000008],[-21.34830779999993,70.99022080000003],[-21.351340300999937,70.99846099900003],[-21.35437529799998,71.00670120000007],[-21.354404098999964,71.00677910000007],[-21.357440698999937,71.01502040100007],[-21.360479898999927,71.02326160000007],[-21.363522599999953,71.03150170000004],[-21.36656790099994,71.03974170000004],[-21.36961250199994,71.04798140000008],[-21.372659599999963,71.05622110000007],[-21.375712497999928,71.06446100000005],[-21.378796998999974,71.07277880000004],[-21.38185519999996,71.08101860000005],[-21.384915900999943,71.08925840000006],[-21.38797919899997,71.09749820000008],[-21.39104509799995,71.10573790000007],[-21.394110198999954,71.11397720000008],[-21.39717799899995,71.12221650000004],[-21.40025160099998,71.13045610000006],[-21.403327899999965,71.13869570000003],[-21.403361701999927,71.13877630000007],[-21.406437197999935,71.14701550000007],[-21.40951539799994,71.15525460000003],[-21.41259950099993,71.16349400000007],[-21.41568610099995,71.17173340000005],[-21.418772098999966,71.17997240100004],[-21.421860700999957,71.18821140000006],[-21.424955198999953,71.19645060100004],[-21.428052398999966,71.20468980000004],[-21.428079698999966,71.20476979900008],[-21.43117959999995,71.21300890000003],[-21.43428199899995,71.22124800000006],[-21.437388100999954,71.22948600000007],[-21.44049679699998,71.23772390000005],[-21.44360379999995,71.24596250000008],[-21.446713399999965,71.25420110000005],[-21.44982909999993,71.26244000000008],[-21.452947300999938,71.27067880000004],[-21.45571210199995,71.27798420000005],[-21.458478999999954,71.28528960000006],[-21.46160569799997,71.29352720000003],[-21.464734998999973,71.30176470100008],[-21.467862599999933,71.31000300000005],[-21.470992898999953,71.31824120100003],[-21.474129200999982,71.32647970000005],[-21.477268197999933,71.33471810000003],[-21.477578897999933,71.33706630000006],[-21.478690497999935,71.34535770000008],[-21.48038079899993,71.35795440000004],[-21.481491499999947,71.36624540000008],[-21.482603101999928,71.37453640000007],[-21.483182200999977,71.37884170000007],[-21.484295199999963,71.38713269900006],[-21.485409299999958,71.39542380000006],[-21.48598949899997,71.39972910100005],[-21.48710499799995,71.40802010000004],[-21.488221499999952,71.41631110000003],[-21.488802998999972,71.42061640000003],[-21.48992100099997,71.42890740000007],[-21.491039799999953,71.43719840100005],[-21.49162260199995,71.44150370000006],[-21.492742998999972,71.44979470000004],[-21.493864298999938,71.45808560100005],[-21.494448398999964,71.46239090000006],[-21.495571198999983,71.47068190000005],[-21.49669499999993,71.47897280000007],[-21.497280300999932,71.48327810000006],[-21.498405599999955,71.49156910000005],[-21.499531797999964,71.49986000000007],[-21.500118399999963,71.50416530000007],[-21.501246098999957,71.51245620000003],[-21.50237479799995,71.52074710100004],[-21.50295589999996,71.52505180000003],[-21.504086100999928,71.53334270000005],[-21.505217198999958,71.54163360000007],[-21.505267499999945,71.54195710000005],[-21.505425901999956,71.54282530000006],[-21.505638001999955,71.54369150000008],[-21.50589500199993,71.54455730000006],[-21.50619880299996,71.54542040000007],[-21.50654750299998,71.54628320000006],[-21.50660030199998,71.54640770000003],[-21.509825300999978,71.55368100000004],[-21.513476399999945,71.56189890000007],[-21.517130700999928,71.57011680000005],[-21.520787199999972,71.57833570000008],[-21.524446801999943,71.58655460000006],[-21.528107201999944,71.59477190000007],[-21.531770697999946,71.60298920000008],[-21.535440799999947,71.61120670000008],[-21.539113998999937,71.61942420000008],[-21.542370698999946,71.62669750000003],[-21.546045499999934,71.63491560000006],[-21.54972350099996,71.64313360000006],[-21.553409098999964,71.65135080000005],[-21.56078650099994,71.66778460000006],[-21.564478299999962,71.67600120000003],[-21.56817669999998,71.68421810100006],[-21.57187829999998,71.69243490000008],[-21.575153197999953,71.69970700000005],[-21.578860799999973,71.70792370000004],[-21.58257169999996,71.71614030000006],[-21.586285800999974,71.72435680100006],[-21.593720297999937,71.74078920000005],[-21.59744059999997,71.74900519900007],[-21.60116770099995,71.75722140000005],[-21.60489789899998,71.76543750100006],[-21.608198200999936,71.77270900000008],[-21.611934597999948,71.78092500000008],[-21.615674300999956,71.78914090000006],[-21.61941269899995,71.79735750000003],[-21.623154400999965,71.80557390000007],[-21.626903900999935,71.81378959900007],[-21.634409198999947,71.83022040000003],[-21.63816499899997,71.83843550000006],[-21.641497799999968,71.84570700100005],[-21.645258799999965,71.85392299900008],[-21.649023101999944,71.86213900000007],[-21.652795198999968,71.87035410000004],[-21.65823529599993,71.88219402500005],[-21.66034579999996,71.88678370100007],[-21.661428989999933,71.88913926500004],[-21.825147266999977,71.89336558400004],[-21.82573608499996,71.89338053000006],[-21.898723398999948,71.89521899700003],[-21.958469992999937,71.89670309800005],[-22.45187379099997,71.90824280800007],[-22.663845222999953,71.91149802600006],[-22.886440722999964,71.94283613200008],[-23.00087653199995,71.92640290100007],[-23.131148603999975,71.89375430400008],[-23.303729380999982,71.92484851200004],[-23.429237411999964,71.92389835400007],[-23.53217532399998,71.89066930500007],[-23.904253405999953,71.87077795000005],[-24.091155653999976,71.83333154700006],[-24.15655440499995,71.83769976300005],[-24.19544493099994,71.83962105600006],[-24.299334261999945,71.84487313200003],[-24.33759439599993,71.84899102100007],[-24.339521228999956,71.84896797900007],[-24.342378354999937,71.84761800600006],[-24.345438177999938,71.84569500000003],[-24.345565397999962,71.84538195400006],[-24.34903920599993,71.84374200700006],[-24.34919926699996,71.84317701700007],[-24.35001729499993,71.84241393900004],[-24.354688323999937,71.84026998500008],[-24.356634218999943,71.83877500800008],[-24.358472210999935,71.83812700200008],[-24.36345443099998,71.83780598200008],[-24.364788291999957,71.83740902000005],[-24.366167335999933,71.83609700100004],[-24.370016223999983,71.83474696100006],[-24.37414935099997,71.83264102700008],[-24.378072224999983,71.83095499800004],[-24.38312137799994,71.82778097300007],[-24.385749265999948,71.82713298600004],[-24.387533434999966,71.82542395200005],[-24.391521368999975,71.82360801000004],[-24.39269432599997,71.82256996600006],[-24.395578261999958,71.82097595600004],[-24.398521419999952,71.81827495600004],[-24.400478396999972,71.81733699900008],[-24.401872425999954,71.81708496900006],[-24.40408335199993,71.81629098100007],[-24.404350267999973,71.81568095000006],[-24.403799248999974,71.81524596000008],[-24.40130623799996,71.81470398600004],[-24.40015628599997,71.81425399100004],[-24.40036238999994,71.81381195300008],[-24.40301741899998,71.81281197500005],[-24.40678921799997,71.81208797900007],[-24.408811381999953,71.81148495900004],[-24.411111301999938,71.81136998000005],[-24.412050362999935,71.81148494000007],[-24.415189407999947,71.81233900000007],[-24.41846024399996,71.81378094200005],[-24.42000543599994,71.81406395400006],[-24.421394221999947,71.81453701300006],[-24.42169939699994,71.81497900500005],[-24.420993282999973,71.81542193800004],[-24.420833223999978,71.81590194400007],[-24.421167237999953,71.81619198300007],[-24.422250232999943,71.81644399000004],[-24.423088254999982,71.81684801900008],[-24.42307827899998,71.81761896300003],[-24.423578217999932,71.81805397300008],[-24.42447842499996,71.81811494600004],[-24.424999425999943,71.81758794900003],[-24.42488839799995,71.81704699500006],[-24.423933215999966,71.81614600500006],[-24.42391523499998,71.81554401900007],[-24.42501627699994,71.81555900600006],[-24.425954261999948,71.81606194800008],[-24.426816213999928,71.81709996500007],[-24.42850427199994,71.81826693800008],[-24.429533251999942,71.81866401800005],[-24.430650223999976,71.81866398800008],[-24.431627227999968,71.81819101100007],[-24.43177727099993,71.81764893900004],[-24.42916630899998,71.81548993900003],[-24.429944272999933,71.81436901500007],[-24.42992734099994,71.81381894600008],[-24.428228244999957,71.81349101800004],[-24.42702832499998,71.81295701600004],[-24.426927327999977,71.81230896300008],[-24.427406255999983,71.81153794600004],[-24.425617387999978,71.81101896200005],[-24.42473922299996,71.81036294400008],[-24.425350270999957,71.80969195900008],[-24.42824337299993,71.80867700000005],[-24.428277325999943,71.80842502600007],[-24.42487134299995,71.80786795100005],[-24.426300254999944,71.80714401700004],[-24.42818832499995,71.80650300500008],[-24.429016316999935,71.80559500300006],[-24.429767225999967,71.80490094700008],[-24.431955425999945,71.80424396200004],[-24.435705363999944,71.80432096600003],[-24.43592820899994,71.80463397300008],[-24.435310304999973,71.80533498000005],[-24.435239224999975,71.80643399400003],[-24.435478239999952,71.80660199400006],[-24.436588410999946,71.80661700800005],[-24.439144348999946,71.80607601300005],[-24.440505215999963,71.80546495500005],[-24.441432263999957,71.80470199500007],[-24.44179521999996,71.80336697100006],[-24.441383292999944,71.80230695300008],[-24.44172238599998,71.80187897700006],[-24.443210291999947,71.80103998700008],[-24.443244316999937,71.80078794100007],[-24.44125539299995,71.80049800600005],[-24.438972382999964,71.80046801900005],[-24.43731623399998,71.80059800100008],[-24.435617270999956,71.80108601900008],[-24.433494459999963,71.80119994700004],[-24.432760370999972,71.80110898100008],[-24.433238210999946,71.80033799700004],[-24.437110291999943,71.79933101100005],[-24.440567277999946,71.79897296300004],[-24.443483389999983,71.79906399800007],[-24.445371248999948,71.79926301700004],[-24.447238367999944,71.79961301400004],[-24.449155367999936,71.80042995800005],[-24.451639322999938,71.80038400500007],[-24.453350177999937,71.79917100700004],[-24.453311310999936,71.79875100300006],[-24.45653329199996,71.79456301900007],[-24.456661259999976,71.79359401100004],[-24.457956260999936,71.79085493800005],[-24.45793939799995,71.78824598300008],[-24.457195358999968,71.78540796600004],[-24.45731122799998,71.78397299600005],[-24.457965310999953,71.78237897600007],[-24.458055273999946,71.77954800500004],[-24.45917739899994,71.77729699400004],[-24.458866219999948,71.77466500900005],[-24.459539246999952,71.77259797200003],[-24.45935030399994,71.77160593800005],[-24.45978330899993,71.76814996900004],[-24.461671226999954,71.76614297300006],[-24.462905219999982,71.76420501200005],[-24.46336721299997,71.76116897200006],[-24.46304534999996,71.76002497600007],[-24.462499229999935,71.75936100500007],[-24.46396637199996,71.75461495300004],[-24.463321294999957,71.75334101400006],[-24.46294924999995,71.75317297400005],[-24.46254534999997,71.75156396700004],[-24.46486621699995,71.74901496100006],[-24.46533317199993,71.74792401700006],[-24.465438335999977,71.74551299200004],[-24.46648425799998,71.74434599900007],[-24.46900527899993,71.74291194000006],[-24.469047003999947,71.74235002500006],[-24.479387645999964,71.73907012500007],[-24.468999010999937,71.73793696600006],[-24.459928155999933,71.73746392600003],[-24.458955097999933,71.73741094800005],[-24.456754002999958,71.73709100300005],[-24.45405518299998,71.73643392800005],[-24.449878017999936,71.73439000000008],[-24.448151240999948,71.73269976700004],[-24.457008163999944,71.72921104600005],[-24.448239841999964,71.72832649000003],[-24.44954662599997,71.72588579200004],[-24.450088146999974,71.72589794400005],[-24.451037974999963,71.72495996400005],[-24.452394153999933,71.72232800600005],[-24.45465410199995,71.72083194500004],[-24.455193963999932,71.71976399000005],[-24.457883160999927,71.71738396200004],[-24.461288164999928,71.71645295500008],[-24.46492117599996,71.71620092800003],[-24.49137308199994,71.71711700700007],[-24.496360168999956,71.71759693900003],[-24.500822295999967,71.71913417700006],[-24.501583366999967,71.71540801300006],[-24.501394389999973,71.71485902700005],[-24.500616391999984,71.71407296600006],[-24.50073236099996,71.71335600500004],[-24.50126628299995,71.71278297300006],[-24.502965227999937,71.71191394200008],[-24.503805200999977,71.71047197700005],[-24.503650369999946,71.70871694400006],[-24.503938451999943,71.70850295600007],[-24.507223272999966,71.70737396900006],[-24.508832430999973,71.70709195200004],[-24.511955324999974,71.70676399400008],[-24.512722337999946,71.70654200600006],[-24.51575435199993,71.70629799000005],[-24.52330036099994,71.70618395600007],[-24.52987819899994,71.70590900400003],[-24.527343345999952,71.70542095600007],[-24.524778373999936,71.70518402200008],[-24.519605385999967,71.70500096100005],[-24.51657835499998,71.70502393900006],[-24.51173922199996,71.70523800500007],[-24.507122425999967,71.70518395100004],[-24.50562838199994,71.70496295400005],[-24.504272319999927,71.70430696500006],[-24.50313942699995,71.70285698300006],[-24.50287227299998,71.70165198900008],[-24.503267420999975,71.69974495100007],[-24.502628227999935,71.69873797700006],[-24.502526994999982,71.69686193700005],[-24.50290618599996,71.69615950500008],[-24.502185252999936,71.69616893800003],[-24.50196628699996,71.69589900900007],[-24.49929434099994,71.69420598800008],[-24.499050310999962,71.69301600200004],[-24.50006642699998,71.69220695200005],[-24.500156279999942,71.69161902000008],[-24.49844341299996,71.68965095300007],[-24.498989350999977,71.68712600700007],[-24.498672254999974,71.68675196600003],[-24.498916255999973,71.68370795000004],[-24.498504219999973,71.68301299200004],[-24.498666294999964,71.68018293800003],[-24.498289351999972,71.67746694300007],[-24.499183408999954,71.67478895100004],[-24.498643442999935,71.67413296200004],[-24.495916312999952,71.67342300100006],[-24.494678289999968,71.67265296400006],[-24.494838330999983,71.67187502100006],[-24.497339284999953,71.67076794300004],[-24.497600319999947,71.67012000400007],[-24.495822293999936,71.66792996300006],[-24.49474928099994,71.66590102500004],[-24.494138221999947,71.66551894900005],[-24.493339273999936,71.66359702000005],[-24.492139401999964,71.66247496900007],[-24.489717369999937,71.66082001300003],[-24.488922418999948,71.65967494800003],[-24.487783397999976,71.65883598300007],[-24.488094280999974,71.65744694800003],[-24.48710630399995,71.65636394200004],[-24.48718222499997,71.65539499900007],[-24.488327333999962,71.65464000700007],[-24.488294370999938,71.65399095500004],[-24.48734424299994,71.65341097600003],[-24.486499348999928,71.65228197600004],[-24.484783229999948,71.65078693100008],[-24.48344426999995,71.64895602400003],[-24.48300540799994,71.64877996900003],[-24.482110429999977,71.64668997000007],[-24.481349330999933,71.64583498400003],[-24.480960263999975,71.64479799500003],[-24.480627349999963,71.64469095700008],[-24.479665371999943,71.64246294700007],[-24.47985024099995,71.64167699100005],[-24.48167240999993,71.63868699400007],[-24.48157322999998,71.63728295100003],[-24.48116140899998,71.63671099600003],[-24.480882221999934,71.63523098400003],[-24.480522230999952,71.63510794300004],[-24.48011035999997,71.63425394200004],[-24.480455331999963,71.63175195500008],[-24.482549348999953,71.63053095800007],[-24.48305533699994,71.62985198400008],[-24.48257234199997,71.62876096700006],[-24.482311334999963,71.62621995400008],[-24.481988309999963,71.62603701500007],[-24.481193238999936,71.62352700800005],[-24.481904320999945,71.62265001400004],[-24.483304198999974,71.62203898100006],[-24.485450232999938,71.62138300000004],[-24.48805619799998,71.62087997100008],[-24.49052237899997,71.61968896000008],[-24.49126621499994,71.61957499700003],[-24.492727315999957,71.61957494300003],[-24.494199255999945,71.61974299400003],[-24.49678839099994,71.62046001800007],[-24.499277381999946,71.62178800700008],[-24.500528377999956,71.62213799300008],[-24.50262820499995,71.62246701100008],[-24.505855271999962,71.62377094100003],[-24.512649357999976,71.62566299500008],[-24.520889318999934,71.62690699200004],[-24.523994238999933,71.62758600000006],[-24.525821312999938,71.62825702000004],[-24.527738387999932,71.62870698600005],[-24.530134421999946,71.62899695000004],[-24.535266252999975,71.62929499300003],[-24.542133284999977,71.63058401800004],[-24.550827400999935,71.63170600400008],[-24.557449392999956,71.63163697500005],[-24.562311244999933,71.63212497300003],[-24.569610325999975,71.63199600500008],[-24.573339227999952,71.63236894000005],[-24.57609933799995,71.63246900100006],[-24.591011197999933,71.63227799000003],[-24.597711242999935,71.63187396800004],[-24.59808928399997,71.63172099800005],[-24.59796119799995,71.63112599400006],[-24.59891135299995,71.63104200900005],[-24.60897218499997,71.63104201100003],[-24.615777299999934,71.63149998100005],[-24.62397130499994,71.63161394500008],[-24.625967269999933,71.63089701900003],[-24.629716387999963,71.63068303100005],[-24.63147145199997,71.63008094700007],[-24.631172386999935,71.62956195100003],[-24.628433378999944,71.62797498700007],[-24.62416619499993,71.62749398500006],[-24.61806131399993,71.62719694200007],[-24.612745184999937,71.62668599500006],[-24.60638834499997,71.62579297700006],[-24.60622043799998,71.62572857200007],[-24.60793019299996,71.62590838800008],[-24.59847239399994,71.62423701100005],[-24.59830422799996,71.62392396300004],[-24.598911303999955,71.62316795000004],[-24.597633246999976,71.62276396200008],[-24.597860331999982,71.62214595100005],[-24.596572248999962,71.62180298600003],[-24.589988423999955,71.62067399200004],[-24.584156337999957,71.62001796700008],[-24.580799234999972,71.61918593500008],[-24.579465264999953,71.61797299000006],[-24.578327248999983,71.61760701400004],[-24.56731038399994,71.61599695500007],[-24.56286629799996,71.61490593700006],[-24.56172727099994,71.61475297800007],[-24.559049270999935,71.61389102000004],[-24.554327290999936,71.61322694200004],[-24.552415198999938,71.61235799300005],[-24.543254195999964,71.60921399500006],[-24.541149289999964,71.60834497400003],[-24.540439181999943,71.60770401200006],[-24.540327401999946,71.60655895500008],[-24.539033419999953,71.60542199400004],[-24.53803827799993,71.60486597600004],[-24.536154351999983,71.60354934500003],[-24.536590183999976,71.60331219500006],[-24.53613827299995,71.60194294200005],[-24.53442125099997,71.60060798300003],[-24.533617382999978,71.59903697800007],[-24.531766449999964,71.59709095500006],[-24.531461234999938,71.59548093400008],[-24.530971385999976,71.59501598700007],[-24.530477274999953,71.59332197800006],[-24.528560223999932,71.59181897200006],[-24.52754436099997,71.59044602400007],[-24.52682335299994,71.58705102000005],[-24.526966355999946,71.57986400400006],[-24.525574045999974,71.57877630400003],[-24.52461250099998,71.57786868700003],[-24.526270861999933,71.57798967400004],[-24.52628836799994,71.57791099100007],[-24.527343430999963,71.57739194700008],[-24.531166290999977,71.57723200900006],[-24.532505277999974,71.57683502200007],[-24.532527184999935,71.57667498800004],[-24.52906631099995,71.57579800700006],[-24.528200440999967,71.57544695600006],[-24.52562736599998,71.57352398100005],[-24.52575437699994,71.57243296100006],[-24.526866302999963,71.57086901400004],[-24.52653319799998,71.57058699400005],[-24.526634266999963,71.56828999000004],[-24.524394395999934,71.56360600900007],[-24.524389336999945,71.55725799000004],[-24.523994390999974,71.55622099700008],[-24.522739299999955,71.55454994500008],[-24.522872270999983,71.55351993600004],[-24.52250436199995,71.55225300600006],[-24.52341619899994,71.55107098200006],[-24.524299282999948,71.55036098100004],[-24.524700275999976,71.54945296500006],[-24.52590532599993,71.54852993900005],[-24.52586725699996,71.54744693700007],[-24.525295358999983,71.54717994700007],[-24.52487728899996,71.54625698300003],[-24.523834358999977,71.54521902700003],[-24.523939388999963,71.54407499300004],[-24.524560402999953,71.54360099100006],[-24.52568830399997,71.54370100000006],[-24.52683819799995,71.54418099700007],[-24.527755311999954,71.54427301300007],[-24.528339371999948,71.54349494200005],[-24.527416365999954,71.54202997200008],[-24.52731119799995,71.54117498500005],[-24.528083201999948,71.54024498800004],[-24.529678222999962,71.53917598200007],[-24.52988229899995,71.53871095000005],[-24.531749239999954,71.53714694400003],[-24.532350435999945,71.53605596600005],[-24.534244212999965,71.53430895900004],[-24.53571136399995,71.53074595100003],[-24.535676225999964,71.52973093300005],[-24.537006189999943,71.52682399300005],[-24.536800376999963,71.52568801800004],[-24.536954272999935,71.52110999100006],[-24.536611337999943,71.52091200100006],[-24.536905327999932,71.52043096900007],[-24.538711341999942,71.51976000200006],[-24.53874936099993,71.51860799600007],[-24.53815027199994,71.51779899300004],[-24.538949308999975,71.51628094600005],[-24.538633302999983,71.51603601300008],[-24.536428290999936,71.51534200900005],[-24.536628306999944,71.51469399300004],[-24.537773245999972,71.51431995100006],[-24.538022326999965,71.51329802800007],[-24.536966305999954,71.51122195600004],[-24.537916361999976,71.50949000200006],[-24.539688371999944,71.50879595100008],[-24.54276023099993,71.50824701600004],[-24.54315523599996,71.50800298900003],[-24.540916196999945,71.50754497000008],[-24.539983253999935,71.50718600400006],[-24.53880538599998,71.50641595200005],[-24.538166414999978,71.50508095300006],[-24.53850523699998,71.50319596300005],[-24.538194286999953,71.50150199800004],[-24.538377251999975,71.50012199200006],[-24.537433324999938,71.49815302600007],[-24.53789532099995,71.49746696400007],[-24.538221266999983,71.49501000400005],[-24.537317375999976,71.49360601400008],[-24.53784335299997,71.49175996400004],[-24.537506264999934,71.49151594100005],[-24.537271330999943,71.48998996100005],[-24.53804927599998,71.48888295600005],[-24.53765428199995,71.48722798800003],[-24.539077365999958,71.48601501700006],[-24.53903319899996,71.48539700100008],[-24.538595259999965,71.48512995800007],[-24.53745430999993,71.48350496000006],[-24.53778822499993,71.48248194900003],[-24.538427378999927,71.48187997000008],[-24.53856034699993,71.48033898900007],[-24.535305294999944,71.47793502100006],[-24.535522380999964,71.47714201500008],[-24.53833340899996,71.47576095900007],[-24.538888361999966,71.47152696900008],[-24.54019336799996,71.47126701500008],[-24.540761369999927,71.47100798300005],[-24.541154372999983,71.47010798300005],[-24.544105189999982,71.46894000400005],[-24.545488344999967,71.46823095500008],[-24.54698322699994,71.46649095700008],[-24.547555271999954,71.46440797000008],[-24.54894422999996,71.46346996800008],[-24.550765372999933,71.46269902700004],[-24.553194257999962,71.46007501300005],[-24.555055404999962,71.45953299400003],[-24.55512239999996,71.45906798200008],[-24.553882272999942,71.45828200600005],[-24.553916260999983,71.45751897700006],[-24.55597341999993,71.45689295400007],[-24.556661212999927,71.45637500900006],[-24.556673388999968,71.45568001600003],[-24.55532828899993,71.45428394500004],[-24.55536625899998,71.45399402300006],[-24.55679527099994,71.45339894400007],[-24.561939306999932,71.45256797400003],[-24.564205202999972,71.45173600500004],[-24.56455040999998,71.45110296100006],[-24.563533262999954,71.45014102300007],[-24.561405261999937,71.44926401900005],[-24.560049228999958,71.44781396500008],[-24.559766415999945,71.44682296400003],[-24.55769533199998,71.44621199300008],[-24.550899431999937,71.44588395600005],[-24.550045291999936,71.44557900100006],[-24.549728393999942,71.44519800300003],[-24.549833261999936,71.44441197000003],[-24.551088266999955,71.44251999000005],[-24.55286025399994,71.44194698400008],[-24.554494206999948,71.44175701200004],[-24.55850025899997,71.44184797200006],[-24.56018228099998,71.44167999500007],[-24.562450213999966,71.44079494700003],[-24.565889237999954,71.43871293100005],[-24.566272384999934,71.43830103100004],[-24.569023267999967,71.43727100600006],[-24.57272120199997,71.43644699000004],[-24.577133299999957,71.43582895900005],[-24.578477292999935,71.43550796300008],[-24.579389164999952,71.43509601000005],[-24.579561396999964,71.43450898100008],[-24.577110236999943,71.43325795100003],[-24.576616198999943,71.43283797000004],[-24.576433238999982,71.43218195800006],[-24.57692740899995,71.43192998600006],[-24.57884925199994,71.43157893700004],[-24.579816235999942,71.43117495700005],[-24.57943918999996,71.43033501600007],[-24.579517287999977,71.42931300300006],[-24.58146634999997,71.42877901600008],[-24.58668326199995,71.42809998900003],[-24.588617299999953,71.42769602500005],[-24.59212627499994,71.42641394800006],[-24.59428934799996,71.42635301600006],[-24.596037835999937,71.42658839800004],[-24.595795752999948,71.42619935000005],[-24.60058946999993,71.42584980200007],[-24.60699374899997,71.42842065500008],[-24.60794280799996,71.43204983800007],[-24.618667425999945,71.43139938800005],[-24.62825047299998,71.42858592200008],[-24.63630010199995,71.42516212100003],[-24.635938308999982,71.42501798800004],[-24.63582239799996,71.42463595900006],[-24.636356184999954,71.42443799800003],[-24.63681064499997,71.42447104900003],[-24.638366536999968,71.42142289600008],[-24.63756735299995,71.42132500900004],[-24.637439384999936,71.42092099200005],[-24.638767298999937,71.42031800700005],[-24.63883932899995,71.41976901100003],[-24.639589264999927,71.41946401000007],[-24.642528312999957,71.41973094400004],[-24.643015882999975,71.41973096200007],[-24.647303518999934,71.41820914800007],[-24.647861229999933,71.41815003200003],[-24.647954376999962,71.41805195300003],[-24.650138396999978,71.41781599100005],[-24.650816326999973,71.41783705600005],[-24.65538681199996,71.41735283900005],[-24.66440160999997,71.41893815700007],[-24.67296511899997,71.41989563300007],[-24.684304993999945,71.42699130700004],[-24.72010197399993,71.44722259700006],[-24.745463529999938,71.46042345600006],[-24.756608868999933,71.46660795100007],[-24.76371658399995,71.46952111400003],[-24.77047977999996,71.46796540600008],[-24.770590281999944,71.46412412300003],[-24.777037424999946,71.45928671700005],[-24.77447364099993,71.45405636500004],[-24.773389193999947,71.45355410800005],[-24.772760252999944,71.45336894900004],[-24.77206715699998,71.45294175000004],[-24.76758151699994,71.45086371600007],[-24.76153775399996,71.44655105400005],[-24.759501588999967,71.44432203400004],[-24.75697723299993,71.44027873400006],[-24.75796849699998,71.43650476500005],[-24.75728044699997,71.43521797400007],[-24.756116255999927,71.43460802100003],[-24.755016378999983,71.43248702600005],[-24.752904285999932,71.43059500400005],[-24.75154443699995,71.42848195400006],[-24.75036630099993,71.42764998100006],[-24.750539326999956,71.42698601500007],[-24.75192272099997,71.42646813600004],[-24.744792668999935,71.41950164800005],[-24.742942703999972,71.41739684400005],[-24.742439385999944,71.41732702400003],[-24.741294351999954,71.41649599800007],[-24.74137131699996,71.41560854800008],[-24.738417382999955,71.41224620900005],[-24.737382242999956,71.41169694400008],[-24.73665638799997,71.41091103100007],[-24.736913775999938,71.41053408600004],[-24.73530600999993,71.40870316400003],[-24.73066791599996,71.39886899900006],[-24.731416957999954,71.39743510900007],[-24.730272353999965,71.39697199700004],[-24.730344352999964,71.39636901600005],[-24.731378296999935,71.39581201900006],[-24.73225825999998,71.39582411500004],[-24.73274962299996,71.39488287000006],[-24.73990094399994,71.39146823800007],[-24.738716350999937,71.39108197100006],[-24.738822294999977,71.39023500100006],[-24.740238227999953,71.38981593700004],[-24.74236627399995,71.39011298100007],[-24.74274513399996,71.39010985500005],[-24.742898760999935,71.39003646100008],[-24.744302361999928,71.38941760900008],[-24.744127253999977,71.38887001500007],[-24.746988379999948,71.38763397100007],[-24.74837885599993,71.38762037500004],[-24.75262116199997,71.38574935900004],[-24.777794598999947,71.38679403500004],[-24.799920484999973,71.38819394200004],[-24.815469013999973,71.38788666300007],[-24.838005833999944,71.38933022300006],[-24.851242982999963,71.38917658300005],[-24.85118235699997,71.38878596100005],[-24.851650418999952,71.38861797100003],[-24.85289921599997,71.38851900800006],[-24.854457380999975,71.38774460900004],[-24.854092643999934,71.38641345700006],[-24.866119736999963,71.38644249800006],[-24.89075732699996,71.39068666600008],[-24.91595198699997,71.39792891100006],[-24.936940168999968,71.40336808900008],[-24.958655831999977,71.41033880900005],[-24.973842556999955,71.41237430100006],[-24.99280246099994,71.41558063200006],[-25.019837378999966,71.41791306100004],[-25.02909088699994,71.41920086300007],[-25.03834595899997,71.42048815200008],[-25.05199818699998,71.42210508000005],[-25.06110101799993,71.42485886300005],[-25.067154436999942,71.42797514700004],[-25.071036608999975,71.43152009500005],[-25.075175697999953,71.43094268200008],[-25.086138912999957,71.42614314100007],[-25.101427470999965,71.42487442300006],[-25.11614206699994,71.42572439200006],[-25.13083450299996,71.42593377800006],[-25.14103650499993,71.42846894800005],[-25.155689136999968,71.43221985500003],[-25.177605381999967,71.43897190000007],[-25.19217645699996,71.44255193400005],[-25.210410381999964,71.44480520100007],[-25.232265149999932,71.44544120700004],[-25.25176133499997,71.44610665800008],[-25.27154089399994,71.44751470300008],[-25.292247307999958,71.44765375700007],[-25.319859012999927,71.45037850300008],[-25.335713165999948,71.45557725600008],[-25.347663901999965,71.46472865600003],[-25.352571635999936,71.46310805200005],[-25.353700424999943,71.46227200600003],[-25.356186308999952,71.46111744000007],[-25.35830658499998,71.45900630100004],[-25.36969301199997,71.45481579200003],[-25.38629286899993,71.44982404500007],[-25.40600625999997,71.44564977400006],[-25.438847171999953,71.44469505400008],[-25.469901378999964,71.44971120400004],[-25.48042767399994,71.45963290700007],[-25.495143536999933,71.46631217200007],[-25.506480996999983,71.46903811600004],[-25.521312201999933,71.46997780800007],[-25.530105572999958,71.47416429900005],[-25.540348825999956,71.47844098800005],[-25.547635340999932,71.48436891600005],[-25.568126435999943,71.48900688400005],[-25.58360059399996,71.50252255500004],[-25.60946589699995,71.51323669500005],[-25.62709899999993,71.52247129000006],[-25.654057359999968,71.52646369000007],[-25.67033992499995,71.52319622100003],[-25.701497752999956,71.51862444200003],[-25.731837016999975,71.51782754900006],[-25.77417587599996,71.52377734300006],[-25.819499263999944,71.53346715600003],[-25.832699687999934,71.53723970900006],[-25.836811831999967,71.54279681000008],[-25.837257086999955,71.54808179500003],[-25.841301946999977,71.55178088000008],[-25.851495522999983,71.55380981300004],[-25.864148562999958,71.55469714200007],[-25.88084077299993,71.55455308000006],[-25.890929575999962,71.55079411700007],[-25.898898789999976,71.54531082900007],[-25.903178797999942,71.54035743800006],[-25.915974621999965,71.53626194400005],[-25.94038016899998,71.53691490300008],[-25.963900998999975,71.53645279100004],[-25.992034597999975,71.54129670200007],[-26.024928946999978,71.54646510200007],[-26.045899772999974,71.55211579000007],[-26.078273501999945,71.56169915400005],[-26.10237719099996,71.56886960500003],[-26.11681687099997,71.57563532600005],[-26.14038288599994,71.57515164000006],[-26.15240190299994,71.57335035800008],[-26.15957832299995,71.56649377200006],[-26.16883788299998,71.53957462100004],[-26.170959554999968,71.50567002500003],[-26.187183938999965,71.47140062500006],[-26.23160059999998,71.40785831000005],[-26.332146799999975,71.34578919500007],[-26.958408559999953,71.25681322200006],[-27.474017513999968,71.18327696100005],[-27.745449548999943,71.14189972200006],[-27.88304307599998,71.12136651200007],[-28.01256914399994,71.09934585800005],[-28.821504534999974,70.99959007400008],[-28.988825292999934,70.99961542700004],[-29.99211824899993,70.99974045400006],[-30.994520971999975,70.99982775600006],[-31.996252031999973,70.99988777200008],[-32.997482393999974,70.99992847800007],[-33.99834276799993,70.99995537400008],[-34.99893387499998,70.99997288400004],[-35.999331979999965,70.99998400000004],[-36.99959383899994,70.99999090400007],[-37.99976135299994,70.99999498700004],[-38.154909808999946,71.00034778300005],[-38.93618739899995,71.00015756800008],[-38.99986543099993,70.99999741900007],[-39.99992790199997,70.99999863000005],[-40.99996338899996,70.99999943500006],[-41.99998275499996,70.99999973000007],[-42.99999252099997,70.99999987600006],[-43.99999720899996,71.00000003100007],[-43.999997280999935,70.18261178800003],[-43.99975308899997,69.43825549700006],[-43.99988562999994,69.14754693100008],[-44.00000011599997,69.00000004400005],[-43.99999736199993,68.79877806400003],[-43.999997415999985,68.53233438000007],[-43.999825888999965,67.92235142900006],[-43.99987948199998,67.75078940300006],[-43.99999741899995,67.54998156900007],[-43.99999742199998,67.09862183000007],[-43.99944171699997,66.10712266300004],[-43.99981926799995,65.51641372400007],[-43.99999748499994,65.36499440900008],[-44.99999975199995,65.36499434500007],[-46.000002464999966,65.36499439000005],[-47.00000686599998,65.36499432600004],[-47.66963255899998,65.36572933500008],[-48.00001589599998,65.36499406500008],[-49.000033506999955,65.36499367000005],[-49.41090422399998,65.36499349500008],[-49.99529115099995,65.36555829400004],[-50.026138824999975,65.36382978300003],[-50.06548015299995,65.36160531000007],[-50.09989583999993,65.35861635500004],[-50.13021096499995,65.35458339100006],[-50.17861666099998,65.34778700200008],[-50.22756973299994,65.33840955500006],[-50.27087468199994,65.32963604200006],[-50.31881244199997,65.31874542400004],[-50.366305283999964,65.30664191800008],[-50.413621847999934,65.29326916000008],[-50.45338071799995,65.28090712500006],[-50.49705813199995,65.26773659800006],[-50.54246110099996,65.25272844900007],[-50.57732552699997,65.23953873100004],[-50.61092474099996,65.22520174800007],[-50.63891344099994,65.21211770800005],[-50.68453476199994,65.19102338900007],[-50.723734899999954,65.17566429700008],[-50.75816419399996,65.16002560800007],[-50.81687912099994,65.14050181800008],[-50.856454989999975,65.12797326100008],[-50.86663758499998,65.12254554600008],[-50.86932077199998,65.12031521500006],[-50.87131374699993,65.11723125700007],[-50.87168714699993,65.11472137000004],[-50.87164761399998,65.11175645200007],[-50.87079848899998,65.10907849700004],[-50.86981496899995,65.10645802200008],[-50.86319477899997,65.09769279700004],[-50.85520449799998,65.08733405500004],[-50.84653968099997,65.07663399600006],[-50.840462307999985,65.06666907900006],[-50.83615925799995,65.05755530700003],[-50.83239209799996,65.04775584600003],[-50.82901438899995,65.03624478700004],[-50.82834977999994,65.02535518500008],[-50.828059709999934,65.01167071300006],[-50.82918642599998,64.99966707000004],[-50.82836915799999,64.99531295800006],[-50.83055369799996,64.98836191100008],[-50.83789802299998,64.98112426100005],[-50.84716901499996,64.97327843000005],[-50.85477655699998,64.96827279900003],[-50.864353705999974,64.96420282000008],[-50.87941108299998,64.96116291200008],[-50.94930565599998,64.94954502900003],[-50.97470215699997,64.94494342100006],[-50.978271329999984,64.94401370600008],[-50.98064307599998,64.94260220100006],[-50.98032781399996,64.93854042200007],[-50.978829495999946,64.93389516800005],[-50.98236425799996,64.92861422800007],[-50.988640041999986,64.92501861200003],[-50.994439314999966,64.92240685800004],[-51.01393843599993,64.91646543400003],[-51.030667241999936,64.91182772000008],[-51.04375104999997,64.90435193600007],[-51.05047125899995,64.90071761500008],[-51.06001107199995,64.89993402900006],[-51.070409552999934,64.89878927700005],[-51.08715355099997,64.89958530000007],[-51.106193118999954,64.90219630700005],[-51.21431974999996,64.90349501400004],[-51.460729399999934,64.87526603200007],[-51.459119043999976,64.86794153100004],[-51.46031852999994,64.86469306200007],[-51.467077564999954,64.85319762500006],[-51.46878189399996,64.84720995400005],[-51.468128295999975,64.84309168400006],[-51.46383257399998,64.83923427500008],[-51.45376144699998,64.83516541200004],[-51.449616796999976,64.83096564500005],[-51.458343387999946,64.82782638000003],[-51.46484250699996,64.82307180400005],[-51.48194475199995,64.81873123400004],[-51.49042604299996,64.81473165600005],[-51.49753653499994,64.81140809700008],[-51.508847800999945,64.81079720900004],[-51.51934008499995,64.81052286800008],[-51.52828235599998,64.80846668700008],[-51.53511955199997,64.80508265900005],[-51.53956520699995,64.80088331600007],[-51.54066624099994,64.79626252800006],[-51.537713113999985,64.79235874400007],[-51.53353064199996,64.78907550800005],[-51.527325582999936,64.78606470600005],[-51.52445526399998,64.78370372700005],[-51.523993092999945,64.78158676500004],[-51.52486501899995,64.77970703800008],[-51.52761379999998,64.77789668100007],[-51.53287961999996,64.77701653200006],[-51.54378050099996,64.77617215300006],[-51.557633306999946,64.77534539900006],[-51.56493524299998,64.77373423300003],[-51.56878640899998,64.77095870100004],[-51.571474180999985,64.76686182900005],[-51.57531781199998,64.76425762100007],[-51.58063438299996,64.76171952200008],[-51.60119821099994,64.75635961400008],[-51.63210262599995,64.72043736000006],[-51.64414819499996,64.70776800800007],[-51.65567155399998,64.69869353900003],[-51.667020296999965,64.69070296400008],[-51.67203105699997,64.68867444000006],[-51.68230245899997,64.68513245300005],[-51.68933718799997,64.68242904200008],[-51.69313472099998,64.68062170900004],[-51.694939845999954,64.67834675700004],[-51.69499179799993,64.67657612700003],[-51.69226346399995,64.67387649800008],[-51.69140670999997,64.67118714000003],[-51.69243153599996,64.66816509900008],[-51.69470549899995,64.66355064700008],[-51.69882912099996,64.65963159300003],[-51.706976974999975,64.65510561300005],[-51.709427405999975,64.65351937900004],[-51.709735645999956,64.65209291500008],[-51.70883701799994,64.65083150800007],[-51.70687021499998,64.64956433500004],[-51.70612340399998,64.64767513200007],[-51.70672200699994,64.64545073400006],[-51.71563295799996,64.64207092400005],[-51.720573108999986,64.63837387900003],[-51.72913658799996,64.63197452500003],[-51.732912358999954,64.62945505400006],[-51.74222749599994,64.62678741300005],[-51.75497661999998,64.62416768700007],[-51.77787989999996,64.62091180800007],[-51.796107259999985,64.61768728800007],[-51.807218331999934,64.61614065300006],[-51.816859988999965,64.61464367700006],[-51.82638645399993,64.61234578400007],[-51.84285345899997,64.60973588900004],[-51.854218411999966,64.60847263600004],[-51.88131592999997,64.60721842700008],[-51.91308637399993,64.60552113800003],[-51.93433292399993,64.60320577600004],[-51.952540564999936,64.59933421200003],[-51.99145524299996,64.59964541900007],[-52.00443830299997,64.59666311500007],[-52.03208630599994,64.59261488200008],[-52.036879871999986,64.59202845100003],[-52.043338207999966,64.59130588200003],[-52.04657039699998,64.58752866000003],[-52.05479528699993,64.58359252700006],[-52.06879959799994,64.57695592900006],[-52.083200664999936,64.57024467100007],[-52.09636045899998,64.56749772700005],[-52.104722133999985,64.56470552300004],[-52.110154713999975,64.56406893400003],[-52.11735794799995,64.56428906700006],[-52.12754119999994,64.56438424700008],[-52.143682299999966,64.56146835000004],[-52.16157744999998,64.56144270700008],[-52.181944735999934,64.55942733700005],[-52.20500256899993,64.55836390000007],[-52.22298309499996,64.55919479700003],[-52.25169591799994,64.56122256300006],[-52.29995210399994,64.54739280000007],[-52.31878977399998,64.54198613300008],[-52.34151237499998,64.53545847700008],[-52.372433497999964,64.51413701800004],[-52.38961976099995,64.50226976000005],[-52.40072078399999,64.49459810600007]]]}},{"type":"Feature","properties":{"municipalityCode":955,"name":"Kommune Kujalleq","kind":"municipality"},"geometry":{"type":"Polygon","coordinates":[[[-48.645687116999966,60.92097754000008],[-48.64578012399994,60.92097464400007],[-48.755199421999976,60.91752315500008],[-48.75286030099994,60.915044101000035],[-48.751860344999955,60.91398404200004],[-48.74573789899995,60.90749180000006],[-48.73861879999998,60.89993910000004],[-48.73150370099995,60.892386300000055],[-48.724391999999966,60.88483309900005],[-48.721690800999966,60.88196560100005],[-48.714584299999956,60.87441220000005],[-48.70748130099997,60.86685840000007],[-48.700381799999946,60.85930330000008],[-48.69328569999993,60.85174789900003],[-48.68619119999994,60.844192501000066],[-48.67910009899998,60.83663670000004],[-48.676413700999944,60.83377259900004],[-48.669327599999974,60.826215500000046],[-48.66224479999994,60.81865800000003],[-48.65516409999998,60.81110170000005],[-48.648086699999965,60.80354500000004],[-48.64101509999995,60.79598689900007],[-48.63394679899994,60.78842840000004],[-48.63331699999998,60.78775610100007],[-48.62625079899993,60.78019770000003],[-48.619187900999975,60.77263880000004],[-48.61212880099998,60.765079799000034],[-48.60507309999997,60.757520501000045],[-48.59802099999996,60.74995990000008],[-48.59097219999995,60.74239890000007],[-48.59081660099997,60.74217580000004],[-48.58993449899998,60.740922701000045],[-48.589056900999935,60.73966930100005],[-48.588174899999956,60.73841630000004],[-48.58729299899994,60.737163200000055],[-48.586415699999975,60.73590980000006],[-48.58553459999996,60.734658901000046],[-48.58465739999997,60.73340550000006],[-48.583775799999955,60.732152400000075],[-48.583714499999985,60.73206310000006],[-48.58311719999995,60.731244900000036],[-48.582493099999965,60.73042880000003],[-48.581839299999956,60.72961950000007],[-48.581155699999954,60.72881710000007],[-48.58044609899997,60.72801890000005],[-48.579706699999974,60.72722759900006],[-48.57893759899997,60.726443000000074],[-48.57814319999994,60.72566499900006],[-48.57732349899993,60.72489339900005],[-48.57646949999997,60.72412889900005],[-48.57559549999996,60.72337280100004],[-48.57469159899995,60.722623500000054],[-48.57376259899996,60.72188060000008],[-48.57280439899995,60.72114680000004],[-48.571822399999974,60.72042370000008],[-48.57081509999995,60.71970720000007],[-48.56977809899996,60.718997400000035],[-48.56872239899997,60.71830030000007],[-48.567636998999944,60.71761010100005],[-48.56653209899997,60.71693030000006],[-48.56539829899998,60.716259500000035],[-48.564244299999984,60.71559700000006],[-48.563066499999934,60.71494530000007],[-48.561942199999976,60.71434540000007],[-48.557019699999955,60.711761900000056],[-48.55210170099997,60.70917560000004],[-48.54718539999993,60.70659130100006],[-48.542269199999964,60.70400470100003],[-48.53735459899997,60.701420100000064],[-48.53243639899995,60.69883560000005],[-48.52752279899994,60.69624850000008],[-48.52261069899998,60.69366330000008],[-48.51769879999995,60.69107580000008],[-48.512783999999954,60.68849060000008],[-48.51265670099997,60.68842210000008],[-48.511433300999954,60.68779170000005],[-48.510185999999976,60.68717200000003],[-48.50891939999997,60.686562801000036],[-48.50763330099994,60.685964100000035],[-48.506323399999985,60.685376201000054],[-48.50499039999994,60.68480120000004],[-48.50364239899994,60.68423640000003],[-48.50227129999996,60.68368460000005],[-48.50088069999998,60.68314330000004],[-48.49947079899994,60.68261240000004],[-48.49804289999997,60.68209630000007],[-48.496600798999964,60.681592600000045],[-48.49513479999996,60.68109960000004],[-48.49365459999996,60.680619000000036],[-48.492160800999955,60.68015280000003],[-48.49064389899996,60.67969960000005],[-48.48911649899998,60.679256200000054],[-48.48757189999998,60.678829800000074],[-48.48601219999995,60.67841350000003],[-48.48443529899998,60.678014200000064],[-48.48284789899998,60.67762470000008],[-48.48246229899996,60.67753370000008],[-48.47909059999995,60.676738500000056],[-48.47571839899996,60.675941100000045],[-48.46897459999997,60.67434590100004],[-48.465602900999954,60.67354820000003],[-48.46223220099995,60.67275250100005],[-48.458860899999934,60.67195460000005],[-48.45548979999995,60.671156600000074],[-48.45211889999996,60.67035860000004],[-48.44874809999993,60.66956040000008],[-48.44748029899995,60.66926670000004],[-48.445867299999975,60.668907800000056],[-48.444240099999945,60.66856130000008],[-48.442603099999985,60.66822670100004],[-48.44095329999993,60.66790880000008],[-48.43928979899994,60.66760530000005],[-48.43761729999994,60.66731600000003],[-48.436512998999945,60.66713270000008],[-48.42719359999995,60.66561840000003],[-48.41787519999997,60.66410360000003],[-48.40180049899993,60.661489000000074],[-48.385728401999984,60.658872400000064],[-48.369659499999955,60.65625370100008],[-48.353593098999966,60.65363300000007],[-48.344282599999985,60.652113600000064],[-48.334972999999934,60.650593600000036],[-48.31891109999998,60.647969500000045],[-48.30285190099994,60.64534350000008],[-48.28679569999997,60.642715200000055],[-48.27074209799997,60.64008510000008],[-48.26144019999998,60.63855950000004],[-48.252139099999965,60.63703319900003],[-48.236092198999984,60.63439950000003],[-48.22004800099995,60.63176390000007],[-48.204004399999974,60.629125001000034],[-48.18796329999998,60.62648430000007],[-48.17866770099994,60.62495270000005],[-48.169372899999985,60.62342040000004],[-48.15333859899994,60.62077610000006],[-48.13730690099993,60.61812990100003],[-48.12127839999994,60.615481500000044],[-48.10525240099997,60.61283110000005],[-48.095965699999965,60.61129439900003],[-48.086679799999956,60.60975700000006],[-48.070658099999946,60.60710220000004],[-48.05463900099994,60.60444540000003],[-48.03862329999998,60.60178760000008],[-48.02261029999994,60.599127800000076],[-48.01333250099998,60.59758590000007],[-48.004055499999936,60.59604340000004],[-47.98804889899998,60.59337900100007],[-47.97204499999998,60.59071270000004],[-47.95604199999997,60.58804430100008],[-47.94004150099994,60.58537400000006],[-47.93077009999996,60.58382609900008],[-47.92149949999998,60.582277600000054],[-47.90550559999997,60.579602600000044],[-47.88951429999997,60.57692580000008],[-47.87352649999997,60.57424780000008],[-47.85754130099997,60.57156790000005],[-47.84827839999997,60.57001390000005],[-47.839016500999946,60.56845920000006],[-47.82303559999997,60.56577480100003],[-47.80705729999994,60.56308860000007],[-47.79108239899995,60.56040120000006],[-47.77511029999994,60.55771190000007],[-47.76585639999996,60.55615280000006],[-47.75660349899994,60.55459300000007],[-47.740637799999945,60.55189910000007],[-47.72467469999998,60.549203300000045],[-47.708712599999956,60.54650550000008],[-47.69275320099996,60.543805700000064],[-47.68143569899996,60.54189009900006],[-47.66548149999994,60.53918660000005],[-47.64952990099994,60.53648130000005],[-47.633581798999955,60.53377480000006],[-47.61763630099995,60.531066500000065],[-47.60824199899997,60.52864640000007],[-47.593298198999946,60.52479400100003],[-47.57835790099995,60.52093990100008],[-47.56342180099995,60.51708380000008],[-47.54848919999995,60.51322619900003],[-47.53356120099994,60.50936770000004],[-47.518636699999945,60.50550750000008],[-47.50371419999993,60.501645600000074],[-47.48879530099998,60.49778200000003],[-47.473882698999944,60.493916400000046],[-47.45897379899998,60.490049200000044],[-47.44406460099998,60.48618030000006],[-47.42915889899996,60.48230980000005],[-47.414259598999934,60.47843720100008],[-47.399363999999935,60.474563000000046],[-47.38330529899997,60.47038350000008],[-47.36841830099996,60.46650650000004],[-47.35353489999994,60.46262790000003],[-47.33865089899996,60.45874660000004],[-47.323770500999956,60.45486370000003],[-47.308896800999946,60.45097980000003],[-47.29402659899995,60.44709430000006],[-47.27915849999994,60.44320700000003],[-47.264293899999984,60.43931810000004],[-47.24943349899996,60.43542730000007],[-47.23457660099996,60.431534800000065],[-47.21972399899994,60.42764040000003],[-47.20487490199997,60.42374440000003],[-47.19002789999996,60.41984670000005],[-47.175184299999955,60.41594730000003],[-47.159184900999946,60.41174150000006],[-47.144347599999946,60.40783850000008],[-47.12951379899994,60.40393380000006],[-47.11468670099998,60.400028200000065],[-47.09986319899997,60.39612100000005],[-47.08504169999998,60.39221200000003],[-47.07022379999995,60.388301400000046],[-47.05540999899995,60.38438890000003],[-47.04059979999994,60.38047480000006],[-47.025791598999945,60.37655889900003],[-47.010986998999954,60.37264140000008],[-46.99618660099998,60.36872200000005],[-46.981389698999976,60.364801001000046],[-46.966597398999966,60.360879200000056],[-46.951808599999936,60.35695570000007],[-46.93586849899998,60.352723800000035],[-46.92108589999998,60.34879670000004],[-46.90630680099997,60.344868000000076],[-46.891531999999984,60.34093749900006],[-46.886225698999965,60.33952490000007],[-46.87676070099997,60.337005300000044],[-46.86199359899996,60.33307120000006],[-46.84723009999993,60.32913550000006],[-46.83246860099996,60.32519810000008],[-46.817710699999964,60.321259000000055],[-46.80295729899996,60.31731920000004],[-46.788207400999966,60.313377700000046],[-46.779673299999956,60.31109489900007],[-46.773461399999974,60.30943330100007],[-46.75871909899996,60.30548720000007],[-46.74397900099996,60.30154060000007],[-46.729242399999976,60.297592300000076],[-46.71335670099995,60.293332500000076],[-46.69862859999995,60.28938040000003],[-46.68390399899994,60.28542680000004],[-46.66918370099995,60.281471200000055],[-46.65446689999993,60.277514100000076],[-46.63975209899996,60.27355520000003],[-46.62504089999993,60.26959470000003],[-46.610333898999954,60.26563240000007],[-46.59563049999997,60.261668400000076],[-46.580931600999975,60.25770360100006],[-46.566236199999935,60.25373730000007],[-46.55154259999995,60.24976810000004],[-46.53685249999995,60.24579730000005],[-46.522166899999945,60.24182580000007],[-46.50748490099994,60.23785260000005],[-46.49165859899995,60.23356710000007],[-46.47698279999997,60.22959030000004],[-46.46231050099993,60.22561200100006],[-46.44764249999997,60.22163179900008],[-46.43297809999996,60.21764990000008],[-46.418318100999954,60.213667401000066],[-46.40366169999993,60.20968320000003],[-46.38900930099993,60.20569610000007],[-46.374360398999954,60.201707300000066],[-46.35971379999995,60.197718001000055],[-46.34507080099996,60.19372700000008],[-46.33043199999997,60.18973420000003],[-46.31579679999993,60.18573980000008],[-46.30116359999994,60.18174370000003],[-46.28653389899995,60.17774590000005],[-46.27076699999998,60.17343470000003],[-46.256145799999956,60.16943330000004],[-46.241528098999936,60.16543030000008],[-46.22691469999995,60.16142540000004],[-46.21230480099996,60.15741890000004],[-46.197697199999936,60.15341179900008],[-46.18309320199995,60.149403101000075],[-46.16849339999993,60.14539260000004],[-46.15389719999996,60.14138050000008],[-46.13930519999997,60.13736650000004],[-46.124716699999965,60.13335100000006],[-46.110130298999934,60.129333700000075],[-46.09554749999995,60.125314900000035],[-46.08096889999996,60.12129420000008],[-46.06639379899997,60.11727190100004],[-46.050681399999974,60.112933300000066],[-46.03611479999995,60.108907300000055],[-46.021551700999964,60.10487980100004],[-46.00699099999997,60.100851601000045],[-45.99243379999996,60.096821900000066],[-45.97788079999998,60.09279030000005],[-45.96333139999996,60.088757100000066],[-45.94878369899993,60.08472110100007],[-45.93423969999998,60.08068360000004],[-45.91970229999998,60.07664520000003],[-45.90516839899993,60.072605200000055],[-45.890634699999964,60.06856470000008],[-45.87610449899995,60.06452260000003],[-45.86158059999997,60.06047759900008],[-45.847060100999954,60.056430900000066],[-45.831407199999944,60.05206690000006],[-45.81689300099998,60.04801670000006],[-45.80238239899995,60.04396489900006],[-45.78787629999994,60.03991240100004],[-45.77337370099997,60.03585830000003],[-45.75887529999994,60.03180240000006],[-45.744380597999964,60.02774480000005],[-45.72988779999997,60.023685700000044],[-45.71539859999996,60.01962490000005],[-45.70091150099995,60.01556240000008],[-45.686427899999956,60.01149840000005],[-45.67195099899993,60.00743350000005],[-45.65747770099995,60.00336700000008],[-45.643006199999945,59.99929780000008],[-45.628538198999934,59.99522700000006],[-45.61720900199998,59.99203790000007],[-45.60274850099995,59.98796500000003],[-45.588291598999945,59.98389060000005],[-45.57383680099997,59.97981449900004],[-45.55938549999996,59.97573680000005],[-45.544938499999944,59.97165730000006],[-45.53049500099996,59.96757620000005],[-45.516053598999974,59.96349350000003],[-45.501615700999935,59.95940910100006],[-45.487184499999955,59.955324000000076],[-45.47275689999998,59.95123730000006],[-45.45832889999997,59.94714789900007],[-45.44390439999995,59.943056900000045],[-45.42948669899994,59.93896520000004],[-45.415072399999985,59.93487180000005],[-45.40851769899996,59.932555999000044],[-45.39497869999997,59.927769700000056],[-45.38144350199997,59.92298210000007],[-45.37090249999994,59.919251700000075],[-45.35737320099997,59.91446150000007],[-45.34384769899998,59.90966990000004],[-45.33331170099996,59.905936600000075],[-45.31979439999998,59.90114340000008],[-45.30628109899993,59.89634890000008],[-45.282251100999986,59.88781510000007],[-45.26874749899997,59.88301659900003],[-45.25823000099996,59.87927699900007],[-45.24473429999995,59.87447580000003],[-45.23124249899996,59.869673300000045],[-45.22073429899996,59.86593050000005],[-45.20724829999995,59.86112550100006],[-45.19376620099996,59.856319100000064],[-45.18326289899994,59.85257340000004],[-45.16978880099998,59.84776430000005],[-45.15631860099995,59.84295380000003],[-45.145824398999935,59.83920500100004],[-45.13236220099998,59.83439190000007],[-45.118903899999964,59.82957740000006],[-45.10841899899998,59.82582540000004],[-45.094966700999976,59.82100950000006],[-45.08151829999997,59.81619219900006],[-45.07104739999994,59.81243910000006],[-45.05760460099998,59.80761810000007],[-45.044165599999985,59.80279580000007],[-45.04344039999995,59.80253750000003],[-45.04201220099998,59.80204420000007],[-45.040573698999935,59.80156470000003],[-45.03911550099997,59.80109720000007],[-45.037642699999935,59.800643800000046],[-45.03615020099994,59.80020250000007],[-45.03464739899994,59.799774900000045],[-45.033129299999985,59.79935930000005],[-45.03159649999998,59.79895760000005],[-45.03004889999994,59.79857000000004],[-45.02849089999995,59.79819620000006],[-45.026918198999965,59.797836500000074],[-45.02533449899994,59.79748840000008],[-45.02373659899996,59.79715650000003],[-45.02213249999994,59.79683820000008],[-45.020513697999945,59.796534000000065],[-45.01888449899997,59.79624349900007],[-45.01724479999996,59.79596690000005],[-45.01559960099996,59.795706100000075],[-45.013943799999936,59.79545900000005],[-45.012278100999936,59.795227999000076],[-45.01118860099996,59.795083299000055],[-45.010172300999955,59.794952599000055],[-44.99419439999997,59.79289520000003],[-44.97821860099998,59.79083590000005],[-44.96224289899993,59.78877440100007],[-44.94626919899997,59.78671090000006],[-44.93029789999997,59.784645100000034],[-44.914328498999964,59.78257739900005],[-44.91331739999998,59.78244569900005],[-44.89735070099994,59.78037660100006],[-44.88138609899994,59.77830570000003],[-44.86542359799995,59.77623130000006],[-44.84946309999998,59.77415490000004],[-44.83350299899996,59.77207750000008],[-44.81754480099994,59.76999820000003],[-44.81653450099998,59.76986560000006],[-44.800579099999936,59.76778499900007],[-44.784625699999935,59.76570230100003],[-44.76867469999996,59.76361740100003],[-44.75272569899994,59.76153050100004],[-44.736779000999945,59.75944140000007],[-44.720834398999955,59.75735030000004],[-44.70387850099996,59.75512370000007],[-44.687938299999985,59.753028200000074],[-44.67199859999994,59.75093170000008],[-44.65606090099993,59.74883320100008],[-44.64012559899993,59.74673240000004],[-44.62419230099994,59.744629700000075],[-44.62318369999997,59.74449560000005],[-44.607253098999934,59.74239150000005],[-44.59132460099994,59.74028560000005],[-44.57539610099997,59.73817629900003],[-44.55946949899993,59.73606520000004],[-44.54354779999994,59.73395270000003],[-44.52762809899997,59.73183830000005],[-44.526620299999934,59.73170330000005],[-44.51070120099996,59.72958770000008],[-44.494783998999935,59.72747010000006],[-44.478869101999976,59.72534919900005],[-44.46295620099994,59.72322630000008],[-44.44704589999998,59.72110230000004],[-44.431137699999965,59.718976300000065],[-44.43012640099994,59.718840700000044],[-44.41421859899998,59.71671240000006],[-44.39831270099995,59.71458220000005],[-44.38241149999993,59.71244960000007],[-44.36651219999993,59.71031500000004],[-44.35061349999995,59.70817940000006],[-44.334716699999944,59.70604180000004],[-44.33371109899997,59.70590740100005],[-44.31781690099996,59.70376750000008],[-44.30192469999997,59.70162560000006],[-44.28603499999997,59.69948140000008],[-44.270147399999985,59.69733530000008],[-44.254260098999964,59.69518810000005],[-44.23837499999996,59.693039000000056],[-44.237369799999954,59.692901601000074],[-44.221487199999956,59.69075010000006],[-44.205606700999965,59.68859660000004],[-44.18972869999993,59.686442000000056],[-44.173852900999975,59.68428540000008],[-44.157979299999965,59.68212550000004],[-44.14210769899995,59.67996370000003],[-44.141103398999974,59.67982550000005],[-44.12523239999996,59.67766240000003],[-44.10936349999997,59.67549740000004],[-44.093499399999985,59.67333110000004],[-44.07763739999996,59.671163000000035],[-44.06177549999995,59.66899150000006],[-44.045915598999954,59.66681810000006],[-44.045610899999986,59.66677570000007],[-44.04394679999996,59.666558500000065],[-44.04227179999998,59.666354899000055],[-44.040590700999985,59.66616710000005],[-44.03890779899996,59.665994900000044],[-44.03721409999997,59.66583639900006],[-44.03551859899994,59.66569339900008],[-44.033816599999966,59.66556399900003],[-44.03210839999997,59.66545029900004],[-44.03040289899997,59.66535200000004],[-44.028686799999946,59.665269601000034],[-44.02697299899995,59.66520030100003],[-44.025257298999975,59.66514670100008],[-44.023535799999934,59.66511090000006],[-44.02181619899994,59.66508610100004],[-44.02009510099998,59.66507910000007],[-44.01837660099994,59.66508740000006],[-44.01665590099998,59.66510910000005],[-44.014938100999984,59.665148300000055],[-44.01322239999996,59.66520080000004],[-44.01150499999994,59.66526870000007],[-44.009794399999976,59.665351900000076],[-44.008081999999945,59.66545060000004],[-44.00637649999993,59.66556440100004],[-44.00467780099996,59.66569350100008],[-44.002981200999955,59.66583580000008],[-44.00128719999998,59.66599340100004],[-43.99960040099995,59.66616830000004],[-43.99792009999993,59.666356300000075],[-43.99624669899998,59.66655950000006],[-43.99458409999994,59.666775501000075],[-43.99292429999997,59.667009000000064],[-43.99127539899996,59.66725530000008],[-43.989633399999946,59.66751689900008],[-43.988640799999985,59.66768249900008],[-43.97682870099993,59.66969060000008],[-43.96501509999996,59.67169760000007],[-43.95319989899997,59.67370340000008],[-43.94138330099997,59.675708100000065],[-43.929565098999944,59.67771270000003],[-43.91774549999997,59.67971620000003],[-43.90592410099998,59.68171740000008],[-43.894101200999955,59.68371750100005],[-43.882276898999976,59.685717400000044],[-43.87045109999997,59.68771620100006],[-43.85862579899998,59.68971380000005],[-43.84679909999994,59.691710200000045],[-43.834968500999935,59.69370550000008],[-43.82313659999994,59.695699699000045],[-43.81130509999997,59.69769260000004],[-43.79947219999997,59.69968440000008],[-43.78763779999997,59.70167600000008],[-43.77580199999994,59.703666600000076],[-43.763964500999975,59.70565590000007],[-43.75212559999994,59.70764420000006],[-43.75114820099998,59.70780940000003],[-43.749524399999984,59.708099900000036],[-43.74791140099995,59.70840330100003],[-43.74630989999997,59.70872390000005],[-43.744718698999975,59.70905510100005],[-43.74313859999995,59.70940140100004],[-43.74156949999997,59.709762700000056],[-43.740015599999936,59.71013670000008],[-43.738472300999945,59.71052350100007],[-43.73694449899995,59.710925100000054],[-43.73568379999995,59.71126970100005],[-43.725922699999956,59.71397820000004],[-43.71615989999998,59.71668600000004],[-43.706397598999956,59.71939400000008],[-43.69663379899998,59.72210130000008],[-43.68686800099994,59.724807800000065],[-43.67710070099997,59.72751350000004],[-43.66732929999995,59.730218500000035],[-43.657556298999964,59.732922701000064],[-43.64778359999997,59.73562600100007],[-43.638009299999965,59.73832870000007],[-43.628233199999954,59.74103040000006],[-43.61845540099995,59.74373150000008],[-43.60867579999996,59.74643170000007],[-43.59889459899995,59.74913120000008],[-43.58911359999996,59.75182980000005],[-43.57933110099998,59.754527600000074],[-43.56954460099996,59.75722470000005],[-43.55975640099996,59.75992110000004],[-43.54996869799993,59.762617600000056],[-43.54017940099993,59.76531340000008],[-43.52847610099997,59.768516000000034],[-43.51398669899993,59.77247770000008],[-43.49949380099997,59.776437901000065],[-43.48757519999998,59.779693001000055],[-43.473077400999955,59.78365100000008],[-43.458576198999936,59.78760740000007],[-43.44665319999996,59.79085830000008],[-43.432144800999936,59.79481150000004],[-43.417632898999955,59.798763000000065],[-43.405701198999964,59.80201000000005],[-43.39118450099994,59.80595930000004],[-43.37666429899997,59.80990700000007],[-43.36472380099997,59.813150000000064],[-43.35019639999996,59.81709440000003],[-43.33566559999997,59.82103730100005],[-43.32371630099993,59.824276300000065],[-43.30918049999997,59.828215800000066],[-43.29464129999997,59.83215380000007],[-43.28268349999996,59.83539100000007],[-43.26813709999993,59.83932560100004],[-43.25358720099996,59.84325870100008],[-43.24162070099993,59.846491900000046],[-43.22706589899997,59.85042270000008],[-43.21250769999995,59.85435200000006],[-43.20053249999995,59.85758120000003],[-43.185966898999936,59.86150600000008],[-43.17139789999993,59.86542930100006],[-43.144840199999976,59.87257660000006],[-43.13026310099997,59.87649710000005],[-43.129002699999944,59.87684150000007],[-43.12749839899993,59.877269600000034],[-43.12600459999993,59.877710500000035],[-43.12452559899998,59.87816420000007],[-43.12306599899995,59.87863050000004],[-43.12162159899998,59.87911170000007],[-43.12019619999995,59.879603400000065],[-43.11878559999997,59.880107800000076],[-43.11738999999994,59.88062490000004],[-43.11601799899995,59.88115450000004],[-43.11466089999993,59.88169680000004],[-43.113322798999945,59.88224950100005],[-43.11200359999998,59.88281260000008],[-43.110708500999976,59.88339040000005],[-43.109427600999936,59.88397650100006],[-43.10817030099997,59.88457510000006],[-43.10693650199994,59.88518390000007],[-43.10572190099998,59.88580530000007],[-43.104525999999964,59.88643490000004],[-43.10335369999996,59.88707700000003],[-43.10220449999997,59.88772710000006],[-43.10107900099996,59.88838969900007],[-43.09997650099996,59.88906030000004],[-43.09889740099993,59.88974120000006],[-43.09784129999997,59.890430199000036],[-43.096808600999964,59.89112939900008],[-43.09579899999994,59.89183660000003],[-43.09481710099993,59.892554000000075],[-43.09471709999997,59.89262819900006],[-43.08828769999997,59.89742410000008],[-43.08185649999996,59.90221980000007],[-43.075420700999985,59.90701409900004],[-43.06898310099996,59.91180810000003],[-43.06254330099995,59.916603000000066],[-43.056101798999975,59.92139760100008],[-43.04965999999996,59.92619070000006],[-43.04321639999995,59.93098350000008],[-43.03677080099993,59.935777200000075],[-43.03032319999994,59.94057060000006],[-43.023873299999934,59.94536260000007],[-43.017421499999955,59.950154300000065],[-43.010967499999936,59.95494570000005],[-43.004511700999956,59.95973690000005],[-42.99805590099993,59.96452880000004],[-42.991598299999964,59.96932039900008],[-42.98513609899993,59.97411070000004],[-42.97867209899994,59.978900700000054],[-42.972207999999966,59.98369040000006],[-42.96574209999994,59.98847979900006],[-42.96573409999996,59.98848670000007],[-42.964773599999944,59.989211100000034],[-42.963836399999934,59.989945800000044],[-42.96292650099997,59.99068630000005],[-42.962044300999935,59.99143690000005],[-42.961184999999944,59.992193299000064],[-42.96035309999996,59.99295779900007],[-42.95954880099998,59.99373010000005],[-42.95877170099993,59.99450820000004],[-42.95802179999998,59.99529200000006],[-42.957299499999976,59.996083800000065],[-42.956857699999944,59.99658970000007],[-42.95616699999994,59.99738710000008],[-42.95547209999995,59.99818680000004],[-42.95478119999996,59.99898420000005],[-42.95409059999997,59.99978370000008],[-42.95339969999998,60.00058110000003],[-42.95317719999997,60.00083850000004],[-42.95292429999995,60.00113460000006],[-42.952256199999965,60.001937800000064],[-42.95161539999998,60.00274680100006],[-42.95100609999997,60.00356140000008],[-42.950424099999964,60.00438170100006],[-42.95002069999998,60.00497930100005],[-42.94945909899997,60.00582109900006],[-42.948902199999964,60.00666489900004],[-42.94834499899997,60.007506600000056],[-42.947783699999945,60.00835049900007],[-42.94722639999998,60.00919220000003],[-42.94666939999996,60.01003600000007],[-42.94610759899996,60.01087780000006],[-42.945550598999944,60.01172170000007],[-42.94499319899995,60.01256330000007],[-42.944431598999984,60.01340730000004],[-42.944280799999945,60.013640200000054],[-42.94375269899996,60.01446980000003],[-42.943260399999986,60.01530270000006],[-42.94279089999998,60.01614140000004],[-42.942367298999955,60.016958800000054],[-42.93914260199995,60.02337690000007],[-42.93269129999993,60.03621210000006],[-42.92946469999998,60.042629101000045],[-42.92623439999994,60.049046299000054],[-42.92300279999995,60.055463400000065],[-42.919772000999956,60.06188060000005],[-42.916539899999975,60.06829760000005],[-42.913306198999976,60.07471490000006],[-42.910071398999946,60.08113200100007],[-42.906834999999944,60.087549300000035],[-42.903597400999956,60.09396650000008],[-42.90035809999995,60.10038270000007],[-42.897117599999945,60.10679890000006],[-42.893875599999944,60.11321520000007],[-42.890632299999936,60.11963140000006],[-42.88738969999997,60.12604769900008],[-42.884145899999965,60.13246380000004],[-42.880898299999956,60.13888020100006],[-42.87764950099995,60.14529650000003],[-42.87761440099996,60.145368500000075],[-42.87753669999995,60.145523800000035],[-42.875371401999985,60.149887300000046],[-42.87320559999995,60.15425080000006],[-42.869197800999984,60.16231890000006],[-42.86518799999993,60.170386800000074],[-42.861175799999955,60.17845380000006],[-42.85716159899994,60.186520700000074],[-42.85314499899994,60.19458780100007],[-42.849126498999965,60.20265480000006],[-42.84510780099998,60.21072190000007],[-42.84108719999995,60.21878900000007],[-42.83891130099994,60.22315270000007],[-42.83673489999995,60.227516500000036],[-42.83270940099993,60.23558260100003],[-42.828681898999946,60.24364870000005],[-42.82465209999998,60.25171490000008],[-42.82062039899995,60.259781100000055],[-42.81658619999996,60.26784740000005],[-42.81255009999995,60.275913599000035],[-42.808513699999935,60.28397890000008],[-42.80229079999998,60.29640680000006],[-42.80010579899994,60.30076960000008],[-42.796062699999936,60.308835000000045],[-42.792017499999986,60.31690020000008],[-42.78797009899995,60.324965700000064],[-42.78392060099998,60.33303109900004],[-42.77986859999993,60.34109550000005],[-42.77176049999997,60.35722429900005],[-42.767704299999934,60.36528860000004],[-42.76550899999995,60.36965050100008],[-42.76331309899996,60.37401240000008],[-42.759249798999974,60.38207600000004],[-42.755184500999974,60.39013939900008],[-42.75111919999995,60.398204100000044],[-42.74705199999994,60.40626860100008],[-42.74298199899994,60.41433110000003],[-42.738909999999976,60.42239360000008],[-42.734835799999985,60.43045730000006],[-42.73075949999998,60.43852090000007],[-42.72855339899996,60.44288300000005],[-42.722267699999975,60.45530770000005],[-42.718186800999945,60.46337020000004],[-42.71410340099993,60.47143300000005],[-42.71001809999996,60.479495600000064],[-42.70593029899993,60.48755839900008],[-42.701840499999946,60.49562110000005],[-42.697748099999956,60.50368290000006],[-42.69143880099995,60.51610570000008],[-42.68922330099997,60.520466800000065],[-42.68512399999997,60.52852759900003],[-42.68102259999995,60.53658820000004],[-42.67692119999998,60.54465009900008],[-42.67281779999996,60.55271190000008],[-42.66871179999998,60.56077280100004],[-42.66460369899994,60.56883350000004],[-42.660493300999974,60.57689450000004],[-42.656380800999955,60.58495530000005],[-42.65415479999996,60.589315500000055],[-42.65192819999993,60.59367560000004],[-42.647810799999945,60.60173670000006],[-42.643691399999966,60.609797600000036],[-42.63957169899993,60.61785750000007],[-42.63544989999997,60.62591730000008],[-42.63132349899996,60.63397740100004],[-42.627194901999985,60.64203740000005],[-42.62306610099995,60.65009630000003],[-42.61893519999995,60.65815520000007],[-42.616700299999934,60.66251440000008],[-42.61446480099994,60.666873500000065],[-42.61032899899993,60.67493260100008],[-42.606191199999955,60.68299150000007],[-42.60205079999997,60.69104960000004],[-42.59790830099996,60.699107499000036],[-42.593763500999955,60.70716670000007],[-42.58961659999994,60.715225701000065],[-42.585469400999955,60.72328380000005],[-42.58132009999997,60.73134180000005],[-42.57907409999996,60.73570110000003],[-42.57682749899993,60.74006040000006],[-42.57267329899997,60.748118600000055],[-42.56851709899996,60.75617660000006],[-42.56435820099995,60.764233800000056],[-42.56019730099996,60.772290801000054],[-42.55603390099998,60.78034800000006],[-42.55186840099998,60.788405100000034],[-42.54770039999994,60.79646230000003],[-42.54353039999995,60.80451940000006],[-42.53933929999994,60.81261050000006],[-42.53516679799998,60.82066780000008],[-42.530992099999935,60.828724900000054],[-42.526814900999966,60.83678110000005],[-42.52263550099997,60.844837201000075],[-42.51845369999995,60.85289350000005],[-42.514269799999965,60.86094970000005],[-42.51008319999994,60.86900490000005],[-42.50589459899993,60.87706000000003],[-42.50553669899995,60.87768220000004],[-42.50092010099996,60.885681901000055],[-42.49630119999995,60.89368140000005],[-42.49168199999997,60.90168210000007],[-42.48706039999996,60.909682700000076],[-42.482435899999984,60.91768120000006],[-42.477809098999955,60.92567950100005],[-42.473179699999946,60.93367910000006],[-42.468547900999965,60.94167850100007],[-42.467828501999975,60.942918500000076],[-42.46319349999993,60.95091689900005],[-42.45855609999995,60.95891520100008],[-42.45391830099993,60.966913599000065],[-42.449278198999934,60.97491180000003],[-42.44463309899993,60.98291030000007],[-42.439985598999954,60.990908500000046],[-42.43533759999997,60.998905800000045],[-42.430687200999955,61.00690290000006],[-42.42996450099997,61.00814280000003],[-42.425310998999976,61.016140000000064],[-42.420655099999976,61.02413699900006],[-42.41599869899994,61.03213420000003],[-42.41133999999994,61.040131200000076],[-42.40667629999996,61.04812830000003],[-42.40201020099994,61.056125301000066],[-42.39734359999994,61.06412129900008],[-42.39267450099993,61.07211720000004],[-42.39194870099993,61.07335700100003],[-42.38727649899994,61.081353000000036],[-42.38260189999994,61.08934880000004],[-42.37792459899998,61.097344700000065],[-42.37324499899995,61.10534050000007],[-42.36856240199995,61.113335300000074],[-42.36387750099993,61.12132999900007],[-42.35918979999997,61.12932470000004],[-42.35449969999996,61.13731930100005],[-42.35377060099995,61.13855919900004],[-42.34907959999998,61.14655390000007],[-42.34438629899995,61.15454840000007],[-42.33969019999995,61.16254310000005],[-42.33499169999993,61.170537600000046],[-42.330290299999945,61.17853110000004],[-42.32558659999995,61.18652440000005],[-42.32088000099998,61.19451790000005],[-42.31617109899997,61.20251120000006],[-42.31543869899997,61.203751100000034],[-42.31072869899998,61.211743400000046],[-42.30601639899993,61.21973549900008],[-42.301299100999984,61.227728900000045],[-42.296579399999985,61.235722199000065],[-42.29185899999993,61.243714400000044],[-42.28713629999993,61.251706400000046],[-42.28241079899993,61.259698600000036],[-42.27768279999998,61.26769060000004],[-42.27694709899998,61.26893050100006],[-42.27221599999996,61.276922600000034],[-42.26748249999997,61.284914600000036],[-42.26274600099998,61.29290560000004],[-42.25800709999993,61.300896400000056],[-42.25326769999998,61.30888730000004],[-42.24852589899996,61.31687800000003],[-42.24377889899995,61.32486890000007],[-42.23902959999998,61.33285970000003],[-42.238295198999936,61.33409940000007],[-42.23354249999994,61.34208920000003],[-42.22878740099998,61.35007870000004],[-42.224031699999955,61.358068400000036],[-42.219273699999974,61.366057900000044],[-42.21451509999997,61.374047500000074],[-42.20975409999994,61.38203690000006],[-42.204987898999946,61.390026499000044],[-42.20021929999996,61.398015900000075],[-42.199481600999945,61.39925550000004],[-42.19470960099994,61.40724400000005],[-42.18993520099997,61.41523220000005],[-42.18516029999995,61.42322050000007],[-42.18038289899994,61.43120869900008],[-42.17560499899997,61.43919690000007],[-42.17082469899998,61.44718490000008],[-42.16603920099993,61.45517320000005],[-42.16125120099997,61.46316120000006],[-42.160509899999965,61.46439859900005],[-42.155718698999976,61.47238680000004],[-42.15092509899995,61.48037480100004],[-42.14612839999995,61.488361799000074],[-42.14132929999994,61.496348700000055],[-42.13652960099995,61.50433560000005],[-42.13172750099994,61.51232230000005],[-42.126922400999945,61.52030810000008],[-42.122114900999975,61.52829360000004],[-42.12172999999996,61.52894700000007],[-42.11851289899994,61.53457530000003],[-42.11529449999995,61.54020340100004],[-42.110709198999984,61.54822010000004],[-42.10290070199994,61.56186480000008],[-42.09967850099997,61.567492799000036],[-42.09508440099995,61.57550840000005],[-42.09048799999994,61.58352370000006],[-42.08726079899998,61.58915070000006],[-42.084032399999955,61.594777701000055],[-42.07942959899998,61.602793199000075],[-42.074824398999965,61.610808500000076],[-42.071590998999966,61.61643550000008],[-42.06835650099998,61.62206240000006],[-42.063744801999974,61.63007680000004],[-42.05913069999997,61.638090900000066],[-42.05589120099995,61.64371790000007],[-42.05265049999997,61.64934480000005],[-42.048032398999965,61.65735899900005],[-42.04016839899998,61.67099890000003],[-42.036923798999965,61.676624599000036],[-42.03229670099995,61.68463770000005],[-42.02766729999996,61.69265060100008],[-42.02441529999993,61.698276400000054],[-42.02116209899998,61.70390210000005],[-42.01652859899997,61.711915101000045],[-42.01189259999995,61.71992800000004],[-42.00863679899993,61.725553700000034],[-42.005379698999946,61.731179301000054],[-42.00073740099998,61.73919220000005],[-41.996092500999964,61.747205000000065],[-41.992830400999935,61.75282960000004],[-41.989566999999965,61.75845410000005],[-41.984915599999965,61.76646590000007],[-41.98026179999994,61.77447749900006],[-41.97699339899998,61.780102000000056],[-41.97372379899997,61.78572650000007],[-41.969065899999975,61.79373809900005],[-41.96440550099993,61.80174960000005],[-41.964254101999984,61.80200860000008],[-41.96379259999998,61.80285240000006],[-41.96335929999998,61.803697800000066],[-41.96313140099994,61.80416960000008],[-41.95924740099997,61.812433000000055],[-41.95543450099996,61.82054370000003],[-41.95161959999996,61.82865430000004],[-41.94780009899995,61.83676520000006],[-41.94015689899993,61.852986799000064],[-41.936333298999955,61.86109760000005],[-41.932507199999975,61.86920750000007],[-41.928679200999966,61.87731720000005],[-41.92484880099994,61.88542720100003],[-41.92101629899997,61.89353700000004],[-41.91718149999997,61.90164700000008],[-41.913344698999936,61.90975690000005],[-41.909436298999935,61.91801850100006],[-41.90559499899996,61.92612869900006],[-41.90175149899994,61.93423870000004],[-41.89790800199995,61.94234780000005],[-41.894062400999985,61.950456700000075],[-41.890214500999946,61.95856590000005],[-41.88636449999996,61.966674899000054],[-41.88251219999995,61.974784200000045],[-41.878657799999985,61.98289330000006],[-41.874800998999945,61.99100150000004],[-41.870942097999944,61.99910950100008],[-41.86708079799996,62.007217800000035],[-41.86321750099995,62.01532600000007],[-41.859279700999934,62.02358590000006],[-41.855411800999946,62.03169430000008],[-41.85154180099994,62.039802499000075],[-41.84767169999998,62.04790980000007],[-41.84379949999993,62.05601700100004],[-41.839922599999966,62.06412450000005],[-41.83216459999994,62.08033920000008],[-41.82828350099993,62.08844650000003],[-41.82440010099998,62.09655409900006],[-41.820514500999934,62.10466150000008],[-41.816626499999984,62.11276790000005],[-41.80877359999994,62.12913240000006],[-41.80487889899996,62.13723899900003],[-41.80098199899993,62.14534540000005],[-41.79708500099997,62.15345090000005],[-41.79318600099998,62.16155630000003],[-41.789282199999946,62.16966300000007],[-41.78537640099995,62.17776960000003],[-41.781470499999955,62.18587530100007],[-41.777562398999976,62.19398080000008],[-41.77365189899996,62.202085400000044],[-41.76973919899996,62.21018980100007],[-41.76582419899995,62.21829560000003],[-41.76190719999994,62.22640130000008],[-41.757914599999935,62.23465980000003],[-41.75399269999997,62.24276450000008],[-41.75006869899994,62.250869100000045],[-41.74614220099994,62.25897290000006],[-41.74221359999996,62.267076400000064],[-41.73828509899994,62.27518130000004],[-41.73435439999997,62.28328600000003],[-41.730418801999974,62.29138980000005],[-41.72254340099994,62.30759739900003],[-41.71860350099996,62.31570110000007],[-41.714661199999966,62.32380500100004],[-41.710716798999954,62.331908800000065],[-41.70669389899996,62.34016550100006],[-41.70274459999996,62.34826830000003],[-41.69484170199996,62.36447400000003],[-41.690888100999985,62.37257670000008],[-41.68692970099994,62.38067970000003],[-41.67900849899996,62.396885600000076],[-41.67504569999994,62.40498850000006],[-41.671077998999976,62.41309050000007],[-41.663138198999945,62.42929440000006],[-41.659166099999936,62.43739620100007],[-41.65511730099996,62.445651000000055],[-41.65114049999994,62.45375310000003],[-41.64862789899996,62.45886889900004],[-41.64716139999996,62.46185500000007],[-41.643179799999984,62.46995600000008],[-41.635212198999966,62.486158000000046],[-41.63122619899997,62.494258900000034],[-41.62723540199994,62.50236000000007],[-41.62145310099993,62.51409090000004],[-41.61125610099998,62.53476320000004],[-41.60725609999997,62.542863099000044],[-41.60317639999994,62.551116000000036],[-41.599171498999965,62.55921609900008],[-41.59756795699997,62.56245805100008],[-41.597495342999935,62.56260484100005],[-41.59735828699996,62.56288189600008],[-41.597175886999935,62.56325060700004],[-41.60664085299993,62.56350135500003],[-41.69003292799994,62.56568272100003],[-41.69022179899997,62.56568760500005],[-41.706464180999944,62.56610662400004],[-41.70652360399998,62.56610815400006],[-41.706564036999964,62.566109194000035],[-41.70657031199994,62.56610935600003],[-41.70669598899997,62.566112590000046],[-41.72510949499997,62.56658529400005],[-41.747067510999955,62.56714579800007],[-41.79556857599994,62.56837154700008],[-42.05526245799996,62.57464673900006],[-42.55966877199995,62.67513443200005],[-42.68074206399996,62.64867108400006],[-43.07625902399997,62.703065991000074],[-43.138960441999984,62.74821868500004],[-43.15259415099996,62.758014306000064],[-43.50946556499997,62.727150581000046],[-43.99998698999997,62.74719459000005],[-45.08036167599994,62.27280782000008],[-46.14015445499996,61.784396912000034],[-47.60490164399994,61.06955943100007],[-47.688780366999936,61.03789213300007],[-47.70341130999998,61.03374678800003],[-47.71649741099998,61.03159519700006],[-47.72687066399993,61.02989557600006],[-47.74088839299998,61.02951186200005],[-47.78695205699995,61.02847129100007],[-47.791070736999984,61.02837747900003],[-47.80166529799993,61.02813558100007],[-47.828629330999945,61.032485585000074],[-47.835106537999934,61.03340093600008],[-47.840996006999944,61.03368819800005],[-47.846179106999955,61.03277675000004],[-47.853060908999964,61.03087102300003],[-47.85977078899998,61.027522643000054],[-47.864236637999966,61.02375601000006],[-47.86516529099998,61.02216301200008],[-47.86505930299995,61.02097845800006],[-47.864917107999986,61.019389327000056],[-47.86271622199996,61.01877492400007],[-47.860395754999956,61.01894865300005],[-47.85788162999995,61.018263122000064],[-47.85620288599995,61.017805320000036],[-47.85658981499995,61.01694130000004],[-47.85889955099998,61.016083397000045],[-47.86409346099998,61.01419626300003],[-47.885169890999975,61.008788225000046],[-47.89385708499998,61.00697412200003],[-47.91960582099995,60.99908634900004],[-47.92928333499998,60.99624431400008],[-47.93303393899998,60.990120930000046],[-47.933405327999935,60.98359572500004],[-47.94236028499995,60.97842709300005],[-47.957601084999965,60.97075498000004],[-47.98494538899996,60.96489170000007],[-48.022886238999945,60.960050426000066],[-48.120691111999975,60.95125025100003],[-48.30270172599995,60.93530136700008],[-48.37608900599997,60.92911044500005],[-48.45968102299997,60.92664712200008],[-48.577383649999945,60.923089667000056],[-48.59906062799996,60.92242315300007],[-48.62063663599997,60.92175623900005],[-48.645687116999966,60.92097754000008]]]}},{"type":"Feature","properties":{"municipalityCode":999,"name":"Uden for kommuneinddeling","kind":"national_park"},"geometry":{"type":"MultiPolygon","coordinates":[[[[-15.924276900999928,79.28070490000005],[-15.91993150199994,79.28038660000004],[-15.91555509899996,79.28008270000004],[-15.911143200999959,79.27979530000005],[-15.90671580299994,79.27952090000008],[-15.902257499999962,79.27926100000008],[-15.89779460099993,79.27901500000007],[-15.896753197999942,79.27896080000005],[-15.896434100999954,79.27894170000008],[-15.89193139899993,79.27871420000008],[-15.890900999999928,79.27866080000007],[-15.890670597999929,79.27864830000004],[-15.886141300999952,79.27843310000003],[-15.881607500999962,79.27823180000007],[-15.877058199999965,79.27804360000005],[-15.87248429899995,79.27787270000005],[-15.86788379799998,79.27771410000008],[-15.863285298999926,79.27757240000005],[-15.858660097999973,79.27744290000004],[-15.854047997999942,79.27733120000005],[-15.849404697999944,79.27723380000003],[-15.844756798999981,79.27715030000007],[-15.839437001999954,79.27707380000004],[-15.834786401999963,79.27702110000007],[-15.830126599999971,79.27698450000008],[-15.82546210399994,79.27696180000004],[-15.823504500999945,79.27695590000008],[-15.821352899999965,79.27689700000008],[-15.819998902999941,79.27686220000004],[-15.81565780099993,79.27675580000005],[-15.814603001999956,79.27673150000004],[-15.809960300999933,79.27663350000006],[-15.809182402999966,79.27661810000006],[-15.808134199999927,79.27659670000008],[-15.80348239999995,79.27651470000006],[-15.800151201999938,79.27646500000003],[-15.797575799999947,79.27642910000003],[-15.792914597999982,79.27637510000005],[-15.790979500999981,79.27635860000004],[-15.786324598999954,79.27631930000007],[-15.781656100999953,79.27629810000008],[-15.776982697999927,79.27629080000008],[-15.776854199999946,79.27629070000006],[-15.776506100999939,79.27629080000008],[-15.776419698999973,79.27628910000004],[-15.776120300999935,79.27629050000007],[-15.776029398999981,79.27629080000008],[-15.775734600999954,79.27629010000004],[-15.771067496999933,79.27629760000008],[-15.766402195999945,79.27632200000005],[-15.761747697999965,79.27635900000007],[-15.75708379699995,79.27641210000007],[-15.752430597999933,79.27647790000003],[-15.747790196999972,79.27656150000007],[-15.743144898999958,79.27665890000003],[-15.742286296999964,79.27668040000003],[-15.737753599999962,79.27679110000008],[-15.733136098999978,79.27691690000006],[-15.728520199999934,79.27705960100008],[-15.723936998999932,79.27721670100004],[-15.719366499999978,79.27739150000008],[-15.714806599999974,79.27757900100005],[-15.710261700999979,79.27777720000006],[-15.70574690199993,79.27799680100003],[-15.701247199999955,79.27822709900005],[-15.696764598999948,79.27847310000004],[-15.692314601999954,79.27873350000004],[-15.687897101999965,79.27900820000008],[-15.68349010299994,79.27929579900007],[-15.679122200999927,79.27960060000004],[-15.674769200999947,79.27991609900005],[-15.670464298999946,79.28024480000005],[-15.666171798999926,79.28059130000008],[-15.661916401999974,79.28095010000004],[-15.65769789999996,79.28132120000004],[-15.653518499999961,79.28170970000008],[-15.649369501999956,79.28210770000004],[-15.645263997999962,79.28252090000007],[-15.641199896999979,79.28294450000004],[-15.637174896999966,79.28338530000008],[-15.633175698999935,79.28383780000007],[-15.629239999999982,79.28430220000007],[-15.625341298999956,79.28477900000007],[-15.62147499599996,79.28527020000007],[-15.61766119799995,79.28577260000003],[-15.613910898999961,79.28628700100006],[-15.610197396999979,79.28681380000006],[-15.606536497999969,79.28735180000007],[-15.602907898999945,79.28790420000007],[-15.599362897999981,79.28846530000004],[-15.595843694999928,79.28903800000006],[-15.592388096999969,79.28962270000005],[-15.588995902999955,79.29021950000003],[-15.585674303999951,79.29081910000008],[-15.585584800999982,79.29083630000008],[-15.585455000999957,79.29086010000003],[-15.582167802999948,79.29147920000008],[-15.578942003999941,79.29210540000008],[-15.575779701999977,79.29274349900004],[-15.572965799999963,79.29332900000009],[-15.570725700999958,79.29378280000003],[-15.567619801999967,79.29443010000006],[-15.564572900999963,79.29509150000007],[-15.561576503999959,79.29575910000005],[-15.558659198999976,79.29643750000008],[-15.55579230099994,79.29712220000005],[-15.553004602999977,79.29781760000003],[-15.550284902999977,79.29852310000007],[-15.54760669899997,79.29923890000003],[-15.546684297999946,79.29949290000008],[-15.544625200999974,79.30006850000007],[-15.542096597999944,79.30079820000003],[-15.53963620099995,79.30153780000006],[-15.537252901999977,79.30228330000006],[-15.53492670099996,79.30303790100004],[-15.533820402999936,79.30341000000004],[-15.532097200999942,79.30399680100004],[-15.529920798999967,79.30476530000004],[-15.528903298999978,79.30513210000004],[-15.527520902999981,79.30564640000006],[-15.52548980299997,79.30643080000004],[-15.523524798999972,79.30722020000007],[-15.521927499999947,79.30789580000004],[-15.521348900999953,79.30813999900005],[-15.51954950299995,79.30894200000006],[-15.519402102999948,79.30900280000003],[-15.517935799999975,79.30948440000003],[-15.515684302999944,79.31024480000008],[-15.513501001999941,79.31101520000004],[-15.51262940099997,79.31133310000007],[-15.512525300999982,79.31136839900006],[-15.511202501999946,79.31186090000006],[-15.509173701999941,79.31264300000004],[-15.507217602999958,79.31343310000005],[-15.505327700999942,79.31422830000008],[-15.50351520099997,79.31502940000007],[-15.501790997999933,79.31583720000003],[-15.500126603999945,79.31664720000003],[-15.49854599899993,79.31746590000006],[-15.497036298999944,79.31828770000004],[-15.495603900999981,79.31911530100007],[-15.494253500999946,79.31994680000008],[-15.492985098999952,79.32078220000005],[-15.49179860199996,79.32162140000008],[-15.490682999999933,79.32246360000005],[-15.489644902999942,79.32331170000003],[-15.488693402999957,79.32416160000008],[-15.487808302999952,79.32501660000008],[-15.487014400999954,79.32587130000007],[-15.486552599999982,79.32641260000008],[-15.486457798999936,79.32652550000006],[-15.485806901999979,79.32732150000004],[-15.485166001999971,79.32818310000005],[-15.484616402999961,79.32904440000004],[-15.484142401999975,79.32990660000007],[-15.483761602999948,79.33077360000004],[-15.483761000999948,79.33078560000007],[-15.483657300999937,79.33102510000003],[-15.483472903999939,79.33149390000005],[-15.48323960199997,79.33217750000006],[-15.48301010199998,79.33304640000006],[-15.482871899999964,79.33391500000005],[-15.482807499999979,79.33477960000005],[-15.482825402999936,79.33564810000007],[-15.482930000999943,79.33651840100003],[-15.483103896999978,79.33738670000008],[-15.483369296999967,79.33825480000007],[-15.48351970699997,79.33862622100008],[-15.483843684999954,79.33940130100007],[-15.484244996999962,79.34018050000003],[-15.484751495999944,79.34104530000008],[-15.485251085999948,79.34176574400004],[-15.48870638699998,79.34549315000004],[-15.48951520099996,79.34617760000003],[-15.489935398999933,79.34651450000007],[-15.489972401999978,79.34662059900006],[-15.489996900999927,79.34670890000007],[-15.490343398999983,79.34757589900005],[-15.49077490299993,79.34843970000009],[-15.491297997999936,79.34930320000007],[-15.491874799999948,79.35016600000006],[-15.492552298999954,79.35102449900006],[-15.493299199999967,79.35188100000005],[-15.494142301999943,79.35273520000004],[-15.495054898999967,79.35358740000004],[-15.496052598999938,79.35443650000008],[-15.497135497999977,79.35528240000008],[-15.497419599999944,79.35549370000007],[-15.497701201999973,79.35571200000004],[-15.498858198999926,79.35655390000005],[-15.500089297999978,79.35739180000007],[-15.501416700999982,79.35822730000007],[-15.501915399999973,79.35852930100003],[-15.50256589999998,79.35896770000005],[-15.503882502999943,79.35980240000004],[-15.505273299999942,79.36063320000005],[-15.505890198999964,79.36098730000003],[-15.506849701999954,79.36150910100008],[-15.508393302999934,79.36232980000005],[-15.51001570099993,79.36314430000004],[-15.510262501999932,79.36326150000008],[-15.51049810099994,79.36337780100007],[-15.512210400999948,79.36418720000006],[-15.513985701999957,79.36499160100004],[-15.51584440199997,79.36578800000007],[-15.517777403999958,79.36658040000003],[-15.519793702999948,79.36736460000003],[-15.520928500999958,79.36779630000007],[-15.52197409699994,79.36818039900004],[-15.524121200999957,79.36895279900006],[-15.526351697999928,79.36971709900007],[-15.52865449899997,79.37047249900007],[-15.53102699699997,79.37122580000005],[-15.533480997999959,79.37196609900008],[-15.535986898999965,79.37270060000003],[-15.538576397999975,79.37342710000007],[-15.540106897999976,79.37384530000008],[-15.540793095999959,79.37404600000008],[-15.543372002999945,79.37477160000003],[-15.546023298999955,79.37548809900005],[-15.548753401999932,79.37619860000007],[-15.551544800999977,79.37689920000008],[-15.554390699999942,79.37758710000008],[-15.557311101999971,79.37827100000004],[-15.560285998999973,79.37894210000007],[-15.56334450099996,79.37960510000005],[-15.56645310099998,79.38025730000004],[-15.56962280099998,79.38089980000007],[-15.572853800999951,79.38153240000008],[-15.576145999999937,79.38215520000006],[-15.57949739999998,79.38276310000003],[-15.582905400999948,79.38336330000004],[-15.586379301999955,79.38395160000005],[-15.589887503999933,79.38453040000007],[-15.593461499999933,79.38509730000004],[-15.597094595999977,79.38564929900008],[-15.600762096999972,79.38619190000009],[-15.604506499999957,79.38672350000007],[-15.60507429699993,79.38680220000003],[-15.608668395999928,79.38729590000008],[-15.612506397999937,79.38780310000004],[-15.616392296999948,79.38829470000007],[-15.620301396999935,79.38877590000004],[-15.624287401999936,79.38924610000004],[-15.628294497999946,79.38970090000004],[-15.632356200999936,79.39014300000008],[-15.636445500999969,79.39057280000003],[-15.640582698999935,79.39098680000006],[-15.644769998999948,79.39139010000008],[-15.64898489799998,79.39178110000006],[-15.65323650099998,79.39215550100005],[-15.657526898999947,79.39251830000006],[-15.661854001999927,79.39286470100006],[-15.666197499999953,79.39319780000005],[-15.670584399999939,79.39351730000004],[-15.675009903999978,79.39382520000004],[-15.677168583999958,79.39396611100005],[-15.68133576699995,79.39423207600004],[-15.683917194999935,79.39439230000005],[-15.688416697999969,79.39465520000005],[-15.692936996999947,79.39490280000007],[-15.697489400999928,79.39513590000007],[-15.70206259899993,79.39535370100003],[-15.706640997999955,79.39555740000003],[-15.711251299999958,79.39574660000005],[-15.715871197999945,79.39591980000006],[-15.720507396999949,79.39607960000006],[-15.725168799999949,79.39622210100003],[-15.729819599999928,79.39635180000005],[-15.734502198999962,79.39646690000006],[-15.739183198999967,79.39656510000003],[-15.743880400999956,79.39665000000008],[-15.748591499999975,79.39671680000004],[-15.753291801999978,79.39677060000008],[-15.758012802999929,79.39680920000006],[-15.762743202999957,79.39683160000004],[-15.767402300999947,79.39683900000006],[-15.767543498999942,79.39684000000005],[-15.767738401999964,79.39684020100003],[-15.767975999999976,79.39683870000005],[-15.768132898999966,79.39683840000004],[-15.768274103999943,79.39683940000003],[-15.768419798999957,79.39683830000007],[-15.768561000999966,79.39683920000004],[-15.768809700999952,79.39683860000008],[-15.773527502999968,79.39683120000007],[-15.773776201999965,79.39683060000004],[-15.774253602999977,79.39683260000004],[-15.778977604999966,79.39683990000003],[-15.77936760199998,79.39684030000006],[-15.779562600999952,79.39684040000003],[-15.779616402999977,79.39683970100003],[-15.779849403999947,79.39684030100005],[-15.784571700999948,79.39683060000004],[-15.78928299699993,79.39680810000004],[-15.793999197999938,79.39677140000003],[-15.798713498999973,79.39671780000003],[-15.803421298999979,79.39664930000004],[-15.808111499999939,79.39656500000007],[-15.808299796999961,79.39656230000008],[-15.808687598999938,79.39655759900006],[-15.813395299999968,79.39648890000007],[-15.818085397999937,79.39640450000007],[-15.822775600999933,79.39630810000006],[-15.827457200999959,79.39619170000003],[-15.832111999999938,79.39606380000004],[-15.836776098999962,79.39591970000004],[-15.84140659999997,79.39576110000007],[-15.846030600999939,79.39558750000003],[-15.850636799999961,79.39539820000005],[-15.855220698999972,79.39519520000005],[-15.859797898999943,79.39497730000005],[-15.864335000999972,79.39474200000006],[-15.868856300999937,79.39449590000004],[-15.873348599999929,79.39423320000003],[-15.877823000999967,79.39395480000007],[-15.882270496999979,79.39366470100003],[-15.886684299999956,79.39336010100004],[-15.891069100999971,79.39303900000004],[-15.891692602999967,79.39299190000008],[-15.892596302999948,79.39292960100005],[-15.89698070199995,79.39260840000009],[-15.90133359999993,79.39227760000006],[-15.905661900999974,79.39192820000005],[-15.909952001999955,79.39156630000008],[-15.914192596999953,79.39119120000004],[-15.916758095999967,79.39095760000004],[-15.918800995999959,79.39076660000006],[-15.92298539799998,79.39036330000005],[-15.927115897999954,79.38994870000005],[-15.931212596999956,79.38951970000005],[-15.935264398999948,79.38907530000006],[-15.939289198999973,79.38861930000007],[-15.94325989899994,79.38815220000004],[-15.947181196999964,79.38767170000006],[-15.951057498999944,79.38717590000005],[-15.954886599999952,79.38667180000004],[-15.95867059799997,79.38615240000007],[-15.962411799999927,79.38562259900004],[-15.966081199999962,79.38507790000006],[-15.96970319899998,79.38452500000005],[-15.97328689799997,79.38395950000006],[-15.97369029999993,79.38389359900003],[-15.975422699999967,79.38361730000008],[-15.978929800999936,79.38303899900006],[-15.982394098999976,79.38245039900005],[-15.985815602999935,79.38185130000005],[-15.989156200999957,79.38124160000007],[-15.992442800999982,79.38062060000004],[-15.995679799999948,79.37998640000006],[-15.99885390199995,79.37934510000008],[-16.001958298999966,79.37869390000003],[-16.005008697999926,79.37803150000008],[-16.007993899999974,79.37735710000004],[-16.010900499999934,79.37667690000006],[-16.013753099999974,79.37598550000007],[-16.016197896999927,79.37537410000004],[-16.01622249899998,79.37536870000008],[-16.01786740299997,79.37510740000005],[-16.02138090099993,79.37452950100004],[-16.024840301999973,79.37394040000004],[-16.028245598999945,79.37334010000006],[-16.031592502999956,79.37273070000003],[-16.03182739899995,79.37268820000008],[-16.035084498999936,79.37207210000008],[-16.03830770199994,79.37144160000008],[-16.041470198999946,79.37079700000004],[-16.04458089999997,79.37014620000008],[-16.047626401999935,79.36948340000004],[-16.05060230299995,79.36881070000004],[-16.05351520199997,79.36813089900005],[-16.056362900999943,79.36743910000007],[-16.059147698999936,79.36674030100005],[-16.061878500999967,79.36603040100005],[-16.06452399999995,79.36531170000006],[-16.067106601999967,79.36458600100008],[-16.069615200999976,79.36385250000006],[-16.07206519999994,79.36310990100003],[-16.074436800999933,79.36236140000005],[-16.076727603999927,79.36160230000007],[-16.07895549999995,79.36083610000009],[-16.081116101999953,79.36006490000005],[-16.083191501999977,79.35928510000008],[-16.085199598999964,79.35850030000006],[-16.08712920499994,79.35770980000007],[-16.088846600999943,79.35697530000004],[-16.08926810199995,79.35678630000007],[-16.089850102999947,79.35653500000006],[-16.091638399999965,79.35573170000004],[-16.09333700199994,79.35492170000003],[-16.094952801999966,79.35410799900006],[-16.096517003999963,79.35328810000004],[-16.097563999999977,79.35270760000003],[-16.09780010099996,79.35257430000007],[-16.098452702999964,79.35219430000006],[-16.099844503999975,79.35136410000007],[-16.10116910199997,79.35052899900006],[-16.102401999999927,79.34969420100003],[-16.10356100299998,79.34885170000007],[-16.104637301999958,79.34800540000003],[-16.105630901999973,79.34715550000004],[-16.10654839999995,79.34630470100007],[-16.10738330299995,79.34545020000007],[-16.108131001999936,79.34459410000005],[-16.10835720299997,79.34432130000005],[-16.10906160099995,79.34376100000003],[-16.109681398999953,79.34323990000007],[-16.11024989899994,79.34274840000006],[-16.11115560099995,79.34189680100008],[-16.11131100199998,79.34175280000005],[-16.11142860399997,79.34163230000007],[-16.112191803999963,79.34085870000007],[-16.11236920099998,79.34066850000005],[-16.113136297999972,79.33980900000006],[-16.113796201999946,79.33895120000005],[-16.114165800999956,79.33842600000008],[-16.114568301999952,79.33781950000008],[-16.115080898999963,79.33695800000004],[-16.115510899999947,79.33609280000007],[-16.115752999999927,79.33552470000006],[-16.115788300999952,79.33544830000005],[-16.116142398999955,79.33458230000008],[-16.11639840199996,79.33371390000008],[-16.11658530099993,79.33284750000007],[-16.116674201999956,79.33197860000007],[-16.116698403999976,79.33110979900005],[-16.116700200999958,79.33104299900003],[-16.116697599999952,79.33097820000006],[-16.11663280099998,79.33011470100007],[-16.116485500999943,79.32924760000003],[-16.116262398999936,79.32837960000006],[-16.11595480099993,79.32751490000004],[-16.115564898999935,79.32664660000006],[-16.115097099999957,79.32578440000003],[-16.114549198999953,79.32492350000007],[-16.113903396999945,79.32406010000005],[-16.11319539899995,79.32320170000008],[-16.11240290099994,79.32234660000006],[-16.111530396999967,79.32149270000008],[-16.111141398999962,79.32114580000007],[-16.110468499999968,79.32055310000004],[-16.10942719899998,79.31970590000003],[-16.108323696999946,79.31886360000004],[-16.108178597999938,79.31875719900006],[-16.10703320099998,79.31795240000008],[-16.10576109799996,79.31711679900008],[-16.104404597999974,79.31628440000003],[-16.102981497999963,79.31545900000003],[-16.10147860099994,79.31463490000004],[-16.09989819799995,79.31381700000009],[-16.098224496999933,79.31300650000009],[-16.096504396999933,79.31219979900004],[-16.095051997999974,79.31155629900007],[-16.094194398999946,79.31118180000004],[-16.092319304999933,79.31038740000008],[-16.090355503999945,79.30959830000006],[-16.08833640299997,79.30881710000006],[-16.086224202999972,79.30804329900008],[-16.084043399999928,79.30727160100008],[-16.082274500999972,79.30667390100007],[-16.08120440199997,79.30631460000006],[-16.07888650299998,79.30555890000005],[-16.07649779899998,79.30481230000004],[-16.074027198999943,79.30407390000005],[-16.071501398999942,79.30334340100006],[-16.068904799999927,79.30262190100007],[-16.066241900999955,79.30190740000006],[-16.06351939999996,79.30120280000006],[-16.06073049899993,79.30050510000007],[-16.057861997999964,79.29982070000005],[-16.056739998999944,79.29955780000006],[-16.053869799999973,79.29889230000003],[-16.05087999799997,79.29822270000005],[-16.04805039699994,79.29761030000003],[-16.045991699999945,79.29713660000004],[-16.04300939799998,79.29646970000005],[-16.03995650099995,79.29581190000005],[-16.036848298999928,79.29516190000004],[-16.033676097999944,79.29452380000004],[-16.030459897999947,79.29389440000006],[-16.027163997999935,79.29327810000007],[-16.026899895999975,79.29322729900008],[-16.026870994999967,79.29322280000008],[-16.02352670199997,79.29261720000005],[-16.02012270299997,79.29202150000003],[-16.016670201999943,79.29143640000007],[-16.01316480299994,79.29086410000008],[-16.009599702999935,79.29030160000008],[-16.00598170199993,79.28975190000006],[-16.00233060399995,79.28921170000007],[-15.998611102999973,79.28868540000008],[-15.994854099999941,79.28817060000006],[-15.99103299799998,79.28766770000004],[-15.98717450099997,79.28717630000006],[-15.985404997999979,79.28695810000005],[-15.982407099999932,79.28659310000006],[-15.980777400999955,79.28639960000004],[-15.980770699999937,79.28639669900008],[-15.978861800999937,79.28615370000006],[-15.975647200999958,79.28574610000004],[-15.971743297999978,79.28527010000005],[-15.967795299999977,79.28480290000005],[-15.963811998999972,79.28435200000007],[-15.959791200999973,79.28391260000006],[-15.955717397999933,79.28348600000004],[-15.951608197999974,79.28307580000006],[-15.947465898999951,79.28267509900007],[-15.945247496999968,79.28246839900004],[-15.944292297999937,79.28238020000003],[-15.941349198999944,79.28210970000003],[-15.937134202999971,79.28173690000006],[-15.932872700999951,79.28137960000004],[-15.928584802999978,79.28103470000008],[-15.924276900999928,79.28070490000005]]],[[[-66.41661929099996,80.82389829900006],[-66.41758864199994,80.82631631400005],[-66.41939840899994,80.82706981900003],[-66.41979593799994,80.82723531100004],[-66.42064878799994,80.82759033900004],[-66.43858539199994,80.82981828200008],[-66.44708449499996,80.83200828300005],[-66.45269938499996,80.83219132600004],[-66.45758246399998,80.83192430500003],[-66.45845955299995,80.83216835300004],[-66.46280035399997,80.83227530000005],[-66.47523201599995,80.83116590600008],[-66.47527917799994,80.83116169600004],[-66.47707540999994,80.83100134400007],[-66.48551354399996,80.82973432700004],[-66.49197518999995,80.82794931900008],[-66.49324131599997,80.82701829200005],[-66.49051825299995,80.82485132200003],[-66.48298831899996,80.82321932400004],[-66.47218451299995,80.82204436600006],[-66.45431646699996,80.82109036400004],[-66.44391847799994,80.82131470700006],[-66.44315010199995,80.82142800000008],[-66.43877529699995,80.82145750000007],[-66.43606829999999,80.82163010000005],[-66.43304899899994,80.82186419900006],[-66.43058065599996,80.82202249400007],[-66.42234258699995,80.82280731000003],[-66.41661929099996,80.82389829900006]]],[[[-21.82573608499996,71.89338053000006],[-21.825164711999946,71.89340277400004],[-21.825147266999977,71.89336558400004],[-21.661428989999933,71.88913926500004],[-21.66412430099996,71.89499830000005],[-21.66620878699996,71.89952277800006],[-21.667328814999962,71.90195303100006],[-21.667909599999973,71.90321300000005],[-21.67169819999998,71.91142770000005],[-21.675052199999982,71.91869580000008],[-21.678843599999936,71.92691010000004],[-21.68120320199995,71.93201779900005],[-21.68263829899996,71.93512420000008],[-21.68643880099995,71.94333960000006],[-21.690242702999967,71.95155499900005],[-21.694047498999964,71.95976890000003],[-21.69785559899998,71.96798270000005],[-21.701670499999977,71.97619669900007],[-21.705488799999955,71.98441070000007],[-21.70887399999998,71.99168090100005],[-21.712695098999973,71.99989440000007],[-21.716519697999956,72.00810780000006],[-21.71653749799998,72.00814590000005],[-21.720350001999975,72.01632250000006],[-21.72418369999997,72.02453710000003],[-21.72801840099993,72.03275020100006],[-21.73185639999997,72.04096329900005],[-21.73570129999996,72.04917660000007],[-21.73954970099993,72.05738980000007],[-21.74295449899995,72.06465870000005],[-21.746809200999962,72.07287170000006],[-21.754525396999952,72.08929720000003],[-21.75838689899996,72.09750960000008],[-21.762254299999938,72.10572340000004],[-21.766125098999964,72.11393700000008],[-21.769996798999955,72.12214920000008],[-21.773872000999972,72.13036130000006],[-21.77730369799997,72.13762950000006],[-21.781188897999982,72.14584179900004],[-21.785077599999966,72.15405390000006],[-21.78896969999994,72.16226600000005],[-21.792865200999927,72.17047790100008],[-21.79675969899995,72.17869059900005],[-21.80065759799993,72.18690310000005],[-21.80456359799996,72.19511480100005],[-21.80847300099998,72.20332640000004],[-21.811697700999957,72.21009550000008],[-21.81492480099996,72.21686460000006],[-21.81884349799998,72.22507600000006],[-21.822765699999934,72.23328720000006],[-21.826686799999948,72.24149920000008],[-21.830611398999963,72.24971100000005],[-21.83454410199994,72.25792200000006],[-21.838480301999937,72.26613290000006],[-21.833214901999952,72.27212860100008],[-21.82794610299993,72.27812420000004],[-21.82089609999997,72.28613970000004],[-21.81383999899998,72.29415500100004],[-21.808667697999965,72.30002880000006],[-21.801600898999936,72.30804360000008],[-21.79452779899998,72.31605809900003],[-21.78745219999996,72.32407270000004],[-21.78037029999996,72.33208699900007],[-21.77518079799995,72.33795550000008],[-21.768083597999976,72.34597010000005],[-21.76098019999995,72.35398450000008],[-21.753871599999968,72.36199750000003],[-21.746756798999968,72.37001019900003],[-21.741543499999977,72.37587990000003],[-21.734416797999927,72.38389330000007],[-21.72728389899993,72.39190630000007],[-21.720145699999932,72.39991810000004],[-21.713001298999927,72.40792950000008],[-21.707768399999964,72.41379610000007],[-21.700612098999954,72.42180810000008],[-21.693449398999974,72.42981990000004],[-21.686285098999974,72.43783070000006],[-21.679114398999957,72.44584110000005],[-21.673857597999927,72.45170890000003],[-21.666671399999927,72.45971970000005],[-21.65947879999993,72.46773010000004],[-21.65228099799998,72.47573920000008],[-21.64507679899998,72.48374810000007],[-21.63979799899994,72.48961490000005],[-21.632581698999957,72.49762429900005],[-21.62535909999997,72.50563350000004],[-21.61813110099996,72.51364120000005],[-21.610896799999978,72.52164880000004],[-21.605595897999933,72.52751460000007],[-21.598350498999935,72.53552159900005],[-21.591098599999953,72.54352840000007],[-21.583842897999943,72.55153620000004],[-21.576580698999976,72.55954380000003],[-21.571257498999955,72.56540870000003],[-21.563981699999943,72.57341440000005],[-21.556699400999946,72.58141980100004],[-21.54940960099998,72.58942589900005],[-21.542113299999983,72.59743180000004],[-21.537077697999962,72.60295320100005],[-21.52977149999998,72.61095749900005],[-21.52245880099997,72.61896160000003],[-21.515138598999954,72.62696640000007],[-21.507811900999968,72.63497090000004],[-21.50052779999993,72.64249449900007],[-21.493237500999953,72.65001770000003],[-21.485507198999983,72.65798950100003],[-21.477769999999964,72.66596100000004],[-21.47002699999996,72.67393100100003],[-21.462277098999948,72.68190069900004],[-21.45478899899996,72.68959520000004],[-21.44729450099993,72.69728940000005],[-21.43952079899998,72.70525790000005],[-21.431740198999933,72.71322600000008],[-21.423955298999942,72.72119530000003],[-21.41616339999996,72.72916420000007],[-21.40863460099996,72.73685790000008],[-21.401099399999964,72.74455130100006],[-21.393284600999948,72.75251790000004],[-21.38546279999997,72.76048410000004],[-21.37763670199996,72.76845140000006],[-21.369803499999932,72.77641840000007],[-21.362234798999964,72.78411020100003],[-21.354659699999957,72.79180180000003],[-21.346803500999954,72.79976640000007],[-21.338940200999957,72.80773069900005],[-21.33107249899996,72.81569610000008],[-21.323197698999934,72.82366110000004],[-21.315588900999956,72.83135110000006],[-21.307973500999935,72.83904080000008],[-21.30007440099996,72.84700450000008],[-21.292168298999968,72.85496790000008],[-21.284258700999942,72.86293130000007],[-21.276341998999953,72.87089440000005],[-21.268688999999938,72.87858210000007],[-21.26102930099995,72.88626960000005],[-21.253091900999948,72.89423160000007],[-21.245147200999952,72.90219340000004],[-21.237191799999948,72.91015450000003],[-21.22922929999993,72.91811520000005],[-21.221539099999973,72.92580140000007],[-21.21384219999993,72.93348720000006],[-21.20585860099993,72.94144700100003],[-21.19786789999995,72.94940640000004],[-21.189873601999977,72.95736580000005],[-21.181872100999954,72.96532490000004],[-21.17413709999994,72.97300880000006],[-21.166395398999953,72.98069240100006],[-21.158372800999928,72.98865040000004],[-21.15034289999994,72.99660820000008],[-21.142302101999974,73.00456520000006],[-21.134254101999943,73.01252200000005],[-21.12647759999993,73.02020389900008],[-21.11869429999996,73.02788550000008],[-21.110627499999964,73.03584260000008],[-21.102553300999944,73.04379940000007],[-21.09446939999998,73.05175440000005],[-21.08637810099998,73.05970910000008],[-21.08179500199998,73.06421440000008],[-21.07720950199996,73.06871960000007],[-21.06910149999993,73.07667460000005],[-21.06098609999998,73.08462930000007],[-21.052868201999956,73.09258280000006],[-21.044742801999973,73.10053600000003],[-21.039674701999957,73.10292060000006],[-21.02466800199994,73.10997779900003],[-21.009649199999956,73.11703400000005],[-20.994614698999953,73.12408870000007],[-20.979567998999983,73.13114230000008],[-20.97101369899997,73.13514950000007],[-20.962455398999964,73.13915630000008],[-20.947382798999968,73.14620750000006],[-20.932298001999982,73.15325770100003],[-20.917201099999943,73.16030659900008],[-20.90209200099997,73.16735450000004],[-20.893503298999974,73.17135730000007],[-20.88491069899993,73.17535979900003],[-20.86977810099995,73.18240670000006],[-20.85463319799993,73.18945240000005],[-20.839473599999963,73.19649560000005],[-20.824301697999942,73.20353770000008],[-20.815677395999955,73.20753720100004],[-20.80704899799997,73.21153640000006],[-20.791849801999945,73.21857720000008],[-20.77663830199998,73.22561679900008],[-20.761415600999953,73.23265410000005],[-20.746180597999967,73.23969040000003],[-20.73751920199993,73.24368769900008],[-20.728853800999957,73.24768460000007],[-20.71359249799997,73.25471850100007],[-20.69831880099997,73.26175110000008],[-20.683031599999936,73.26878370000003],[-20.667731898999932,73.27581520000007],[-20.65903560099997,73.27980810000008],[-20.650335300999927,73.28380060000006],[-20.635010399999942,73.29082860000005],[-20.619673000999967,73.29785540000006],[-20.604322099999933,73.30488210100003],[-20.588958598999966,73.31190760000004],[-20.580226099999948,73.31589720000005],[-20.571489398999972,73.31988640000003],[-20.556099399999937,73.32690950000006],[-20.540696796999953,73.33393140000004],[-20.52528179899997,73.34095219900007],[-20.50985419999995,73.34797180000004],[-20.50108400099998,73.35195900100007],[-20.492309700999954,73.35594590000005],[-20.476851701999976,73.36296270000008],[-20.461380900999927,73.36997830000007],[-20.44590150099998,73.37699310000005],[-20.430409397999938,73.38400680000007],[-20.421603697999956,73.38798950000006],[-20.41279389899995,73.39197189900005],[-20.397274898999967,73.39898310000007],[-20.381743202999928,73.40599310000005],[-20.36619520299996,73.41300150000006],[-20.350634500999945,73.42000880100005],[-20.341790699999933,73.42398920000005],[-20.332942799999955,73.42796919900007],[-20.31735509799995,73.43497400000007],[-20.30175460099997,73.44197759900004],[-20.28614149899994,73.44898000000006],[-20.27051549899994,73.45598120000005],[-20.26999399799996,73.45621640000007],[-20.26839839799993,73.45695689900003],[-20.26684519899993,73.45770360000006],[-20.265332099999966,73.45845869900006],[-20.26386889899993,73.45922070000006],[-20.262453397999934,73.45999180000007],[-20.261090197999977,73.46076770000008],[-20.25976709899993,73.46155200000004],[-20.258496398999966,73.46234110000006],[-20.25726819999994,73.46313640000005],[-20.25609759899993,73.46393930000005],[-20.254971798999975,73.46474640000008],[-20.254588696999974,73.46502720000007],[-20.251144498999963,73.46760970000008],[-20.24770159899998,73.47019000000006],[-20.24424789699998,73.47277160000004],[-20.24080299999997,73.47535169900004],[-20.23735699799994,73.47793180000008],[-20.233900096999946,73.48051330000004],[-20.230452098999933,73.48309320000004],[-20.227003098999944,73.48567310000004],[-20.223543098999983,73.48825440100006],[-20.220091898999954,73.49083420000005],[-20.219360697999946,73.49139220000006],[-20.219001297999966,73.49167290000008],[-20.21272349999998,73.49662560000007],[-20.206441998999935,73.50157810000007],[-20.19652949899995,73.50938320000006],[-20.186607898999966,73.51718780000004],[-20.180312500999946,73.52213840100006],[-20.174013499999944,73.52708890000008],[-20.16407520299998,73.53489270000006],[-20.154127701999982,73.54269600000003],[-20.14781230099993,73.54764660000006],[-20.14149329999998,73.55259700000005],[-20.131525199999942,73.56039920000006],[-20.12154800099995,73.56820080000006],[-20.115215000999967,73.57314940100008],[-20.10887820199997,73.57809770000006],[-20.098876599999983,73.58589780000005],[-20.088865700999975,73.59369750000008],[-20.082512400999974,73.59864599900004],[-20.07615550299994,73.60359440000008],[-20.06612760099995,73.61139320100006],[-20.05609050199996,73.61919150000006],[-20.04971699999993,73.62414000000007],[-20.04333970099998,73.62908840000006],[-20.03327799899995,73.63688520000005],[-20.023207001999936,73.64468150100004],[-20.01681550099994,73.64962789900005],[-20.01042039999993,73.65457410000005],[-20.000332200999935,73.66236950100006],[-19.99023459999995,73.67016450000006],[-19.983825200999945,73.67510880000003],[-19.977412098999935,73.68005280000006],[-19.96728849899995,73.68784730000004],[-19.95715550099993,73.69564130100008],[-19.95072559999994,73.70058560100006],[-19.94429189999994,73.70552960000003],[-19.934137800999963,73.71332240000004],[-19.923974301999976,73.72111470000004],[-19.917629699999964,73.72597540000004],[-19.911281500999962,73.73083590000005],[-19.901100799999938,73.73862730000008],[-19.890910598999938,73.74641820000005],[-19.875809500999935,73.75771940000004],[-19.86541559899996,73.76549010000008],[-19.855008501999976,73.77325990000008],[-19.844591699999967,73.78102910000007],[-19.834169199999963,73.78879810000007],[-19.823736999999937,73.79656660000006],[-19.81881059899996,73.80023430000006],[-19.808360499999935,73.80800160000007],[-19.79790060099998,73.81576840000008],[-19.78743369999995,73.82353600100004],[-19.77695700099997,73.83130310000007],[-19.766468197999927,73.83906820100003],[-19.755969600999947,73.84683280000007],[-19.751013700999977,73.85049880000008],[-19.74049959799993,73.85826360100003],[-19.729975598999943,73.86602790000006],[-19.719447099999968,73.87379090100006],[-19.70890879999996,73.88155330000006],[-19.69835569999998,73.88931590000004],[-19.687792599999966,73.89707800000008],[-19.682806897999967,73.90074220000008],[-19.67223079799993,73.90850230000007],[-19.661644800999966,73.91626200000007],[-19.65104779799998,73.92402200000004],[-19.64044089899994,73.93178159900003],[-19.62982409899996,73.93954050000008],[-19.619197398999972,73.94729890000008],[-19.614179097999966,73.95096359900003],[-19.603537898999946,73.95872120000007],[-19.59288669999995,73.96647819900005],[-19.582225798999957,73.97423460000005],[-19.571554695999964,73.98199050100004],[-19.560873899999933,73.98974580000004],[-19.550182898999935,73.99750050000006],[-19.54512910099993,74.00116059900006],[-19.53442359999997,74.00891450000006],[-19.52370789799994,74.01666780000005],[-19.512981097999955,74.02442160000004],[-19.50224419899996,74.03217480000006],[-19.49149860199998,74.03992640000007],[-19.48074289999994,74.04767740000005],[-19.47565839999993,74.05133580000006],[-19.464886701999944,74.05908700000003],[-19.454104799999982,74.06683760100003],[-19.443314203999932,74.07458660000003],[-19.43251330099997,74.08233510000008],[-19.42170120299994,74.09008400000005],[-19.410878802999946,74.09783230000005],[-19.405766100999926,74.10148680000003],[-19.394928902999936,74.10923420000006],[-19.384081399999957,74.11698110000003],[-19.373223800999938,74.12472740000004],[-19.362355899999955,74.13247310000008],[-19.351477898999974,74.14021820100004],[-19.340589601999966,74.14796280000007],[-19.33544040099997,74.15161970000008],[-19.32453720199993,74.15936340000007],[-19.313623501999928,74.16710650000005],[-19.30269580099997,74.17484860100006],[-19.291757701999927,74.18259010000008],[-19.28081329799994,74.19033140100004],[-19.269858501999977,74.19807220000007],[-19.25978299899998,74.20518260000006],[-19.249698800999965,74.21229250000005],[-19.238713401999973,74.22003260000008],[-19.227717500999972,74.22777210100008],[-19.21671269899997,74.23550990000007],[-19.205697399999963,74.24324720000004],[-19.18858679999994,74.25033520000005],[-19.179332599999952,74.25416650000005],[-19.170070298999974,74.25799710000007],[-19.16080359999995,74.26182720000008],[-19.151536497999928,74.26565730000004],[-19.142264999999952,74.26948700000008],[-19.13298919799996,74.27331630000003],[-19.123708996999937,74.27714530000003],[-19.114424502999952,74.28097380000008],[-19.105135599999983,74.28480190000005],[-19.095842501999982,74.28862960000004],[-19.086544901999957,74.29245690000005],[-19.07723900299993,74.29628340000005],[-19.067928801999926,74.30010950000008],[-19.058618199999955,74.30393560000005],[-19.04930319899995,74.30776130000004],[-19.035225399999945,74.31353750000005],[-19.017101598999943,74.31968220000005],[-18.998963999999944,74.32582540100003],[-18.979802199999938,74.33230830000008],[-18.960625001999972,74.33878950100006],[-18.957451901999946,74.33986290100006],[-18.93825849999996,74.34634110000007],[-18.919049599999937,74.35281760000004],[-18.899824199999955,74.35929350000004],[-18.880583299999955,74.36576770000005],[-18.87738909899997,74.36684140000006],[-18.858131899999933,74.37331250000005],[-18.83885910099997,74.37978200000003],[-18.819569899999976,74.38625080000008],[-18.800265000999957,74.39271790000004],[-18.797060199999976,74.39379030000003],[-18.77773899799996,74.40025440000005],[-18.758402200999967,74.40671680000008],[-18.73904479899994,74.41317810000004],[-18.719671898999934,74.41963769900008],[-18.716466998999977,74.42070759900008],[-18.69707620099996,74.42716530000007],[-18.67766980199997,74.43362120000006],[-18.65825199899996,74.44007570000008],[-18.638818498999967,74.44652860000008],[-18.635592299999928,74.44759870100006],[-18.616136998999934,74.45404920000004],[-18.596665997999935,74.46049790000006],[-18.577179598999976,74.46694490000004],[-18.557677499999954,74.47339020000004],[-18.554443300999935,74.47445700000003],[-18.53492579899995,74.48090170100005],[-18.51539250199994,74.48734470000005],[-18.495841198999926,74.49378450000006],[-18.476274098999966,74.50022259900004],[-18.473029199999928,74.50128820000003],[-18.453442696999957,74.50772530000006],[-18.433840300999975,74.51416060000008],[-18.414223901999947,74.52059320000006],[-18.394591498999944,74.52702400000004],[-18.39133579999998,74.52808840000006],[-18.37168399899997,74.53451820000004],[-18.352016298999956,74.54094630000003],[-18.332334397999944,74.54737160000008],[-18.312636596999937,74.55379510000006],[-18.309370095999952,74.55485830000003],[-18.289652700999966,74.56128080000008],[-18.26991940099998,74.56770160000008],[-18.25016789999995,74.57411910000008],[-18.23040039899996,74.58053500000005],[-18.229967000999977,74.58067700000004],[-18.227925098999947,74.58135420000008],[-18.225930000999938,74.58204300100005],[-18.223987499999964,74.58273920000005],[-18.222075898999947,74.58344540000007],[-18.22022489999995,74.58415990000003],[-18.218415498999946,74.58488310000007],[-18.218241499999976,74.58495220000003],[-18.20245449999993,74.59139869900008],[-18.185418297999945,74.59835030000005],[-18.168367097999976,74.60530060000008],[-18.151297301999932,74.61224920000006],[-18.134212499999933,74.61919640100007],[-18.118360699999982,74.62563470000003],[-18.101249998999947,74.63258080000008],[-18.08412420199994,74.63952560000007],[-18.06698119899994,74.64646760000005],[-18.04982309899998,74.65340820000006],[-18.03390049999996,74.65984250000008],[-18.016713797999955,74.66678060000004],[-17.99951199999998,74.67371730000008],[-17.982293898999956,74.68065370000005],[-17.96506069999998,74.68758880000007],[-17.949072500999932,74.69401480000005],[-17.931810500999973,74.70094730000005],[-17.91453329999996,74.70787840000008],[-17.89723730099996,74.71480770000005],[-17.879925901999968,74.72173570000007],[-17.863865997999937,74.72815770000005],[-17.846529799999928,74.73508340000006],[-17.829178197999966,74.74200780000007],[-17.811807698999928,74.74893050000003],[-17.79442180099994,74.75585170000005],[-17.778289900999937,74.76226960000008],[-17.760874999999942,74.76918820000003],[-17.743444599999975,74.77610540000006],[-17.72599920199997,74.78302130000003],[-17.708538399999952,74.78993580000008],[-17.692339799999957,74.79634520000008],[-17.67484829999995,74.80325810000005],[-17.657341299999928,74.81016970000007],[-17.63982059899996,74.81707870000008],[-17.622284401999934,74.82398640000008],[-17.60601589999993,74.83038950000008],[-17.588446398999963,74.83729410000007],[-17.570861198999978,74.84419740000004],[-17.55326340099998,74.85110060000005],[-17.535649898999964,74.85800250000005],[-17.519311098999935,74.86439920000004],[-17.50166409899998,74.87129800000008],[-17.484001298999942,74.87819540000004],[-17.466327397999976,74.88509180000005],[-17.44863770099994,74.89198680000004],[-17.43258190199998,74.89823920000003],[-17.414858798999944,74.90513110000006],[-17.39711990199993,74.91202160000006],[-17.379365698999948,74.91891070000008],[-17.361595699999953,74.92579830000005],[-17.347311700999967,74.93124730000005],[-17.332613797999954,74.93684750000006],[-17.31790229799998,74.94244880000008],[-17.303180398999928,74.94804909900006],[-17.28845089699996,74.95364640000008],[-17.27370789899993,74.95924469900007],[-17.25895430099996,74.96484220000008],[-17.244185200999937,74.97043570000005],[-17.22941049999997,74.97603120000008],[-17.214625200999933,74.98162570000005],[-17.21410199999997,74.98182610000003],[-17.212242898999932,74.98254980000007],[-17.210428999999976,74.98328030000005],[-17.208673500999964,74.98402130000005],[-17.206966498999975,74.98476710000006],[-17.205301598999938,74.98552190000004],[-17.203698301999964,74.98628500000007],[-17.20214040099995,74.98705500000005],[-17.200638899999944,74.98783060000005],[-17.199182699999938,74.98861300000004],[-17.19778809999997,74.98940380100004],[-17.196441900999957,74.99019930000003],[-17.195144099999936,74.99099960000007],[-17.193907799999977,74.99180840000008],[-17.192723100999956,74.99261980000006],[-17.19159180099996,74.99343880000004],[-17.19052009899997,74.99426129900007],[-17.18995800099998,74.99470950000006],[-17.188224998999942,74.99541450000004],[-17.186459001999935,74.99615460000007],[-17.184749599999975,74.99690020000008],[-17.18309050099998,74.99765560000003],[-17.181484801999943,74.99841860000004],[-17.17992450099996,74.99918840000004],[-17.17842079899998,74.99996380000005],[-17.17696240099997,75.00074600000005],[-17.175565500999937,75.00153670000003],[-17.174217098999975,75.00233210000005],[-17.172925299999974,75.00313310100006],[-17.17168690099993,75.00394170100003],[-17.17050010099996,75.00475300100004],[-17.169366797999942,75.00557190100005],[-17.168293098999982,75.00639430000007],[-17.16727599899997,75.00722220000006],[-17.166307399999937,75.00805490100004],[-17.16540650099995,75.00889179900008],[-17.16455720199997,75.00973149900005],[-17.163756501999956,75.01057580000008],[-17.163023498999962,75.01142440000007],[-17.162345201999926,75.01227360000007],[-17.16172359899997,75.01312840000008],[-17.16115660099996,75.01398370000004],[-17.160649401999933,75.01484250000004],[-17.160201899999947,75.01570470000007],[-17.159809098999972,75.01656750000006],[-17.159479200999954,75.01743170100008],[-17.159204000999978,75.01829640000005],[-17.158988499999964,75.01916460000007],[-17.15883089999994,75.02003130000008],[-17.158725000999937,75.02090070000008],[-17.158684999999934,75.02176930000007],[-17.158710999999983,75.02263720000008],[-17.158780600999933,75.02350700000005],[-17.15885870099993,75.02404200000007],[-17.158379399999944,75.02452720100007],[-17.15758060099995,75.02536940000005],[-17.156846601999973,75.02621800000003],[-17.156164299999944,75.02706930000005],[-17.15554480299994,75.02792190000008],[-17.15497390099995,75.02877930000005],[-17.154465802999937,75.02963800000003],[-17.154020601999946,75.03049810000005],[-17.153627100999927,75.03136090000004],[-17.153296501999932,75.03222510000006],[-17.15301760099993,75.03309190000004],[-17.15280470199997,75.03395800000004],[-17.152643500999943,75.03482670000005],[-17.152548399999944,75.03569480000004],[-17.152508000999944,75.03656340000003],[-17.152522499999975,75.03743260000005],[-17.152603002999967,75.03830100000005],[-17.15274150299996,75.03916800000007],[-17.152845999999954,75.03969120000005],[-17.152315101999932,75.04018580000007],[-17.151463399999955,75.04102530000006],[-17.150668398999926,75.04187040100004],[-17.149936398999955,75.04271680100004],[-17.149252899999965,75.04356800000005],[-17.148629296999957,75.04442270000004],[-17.14806049999993,75.04527800000005],[-17.147551496999938,75.04613670000003],[-17.147102399999937,75.04699889900007],[-17.146708099999955,75.04786160000003],[-17.14637679799995,75.04872570000003],[-17.146100299999944,75.04959039900007],[-17.145883697999977,75.05045859900008],[-17.145733099999973,75.05132610000004],[-17.14562929799996,75.05219330000006],[-17.14558859799996,75.05306190000005],[-17.14561079799995,75.05393180000004],[-17.14568289799996,75.05479949900007],[-17.145817997999927,75.05566850000008],[-17.14593059899994,75.05619250000007],[-17.145398797999974,75.05668710000003],[-17.144542798999964,75.05752860000007],[-17.143749696999976,75.05837160000004],[-17.143013397999937,75.05922010000006],[-17.14232889899995,75.06007130000006],[-17.14170729899996,75.06092380000007],[-17.141134398999952,75.06178110100007],[-17.140624497999966,75.06263980100005],[-17.14017759799998,75.06349990000007],[-17.139782499999967,75.06436260000004],[-17.13945039799995,75.06522670000004],[-17.139178296999944,75.06609430000003],[-17.138964199999975,75.06696029900007],[-17.138801899999976,75.06782899900008],[-17.138705700999935,75.06869700000004],[-17.138664499999948,75.06956560000003],[-17.138681299999973,75.07043270000008],[-17.138758197999948,75.07130320000005],[-17.138896098999965,75.07217010000005],[-17.13900660099995,75.07268910000005],[-17.13846480199993,75.07318990000005],[-17.13761060099995,75.07402940000003],[-17.13681319799997,75.07487440000006],[-17.13607880099994,75.07572070000003],[-17.135393198999964,75.07657190000003],[-17.134767500999942,75.07742650000006],[-17.134196697999982,75.07828170000005],[-17.13369400099998,75.07914110000007],[-17.133234998999967,75.08000250000003],[-17.132850300999962,75.08086390000005],[-17.132514397999955,75.08173000000005],[-17.132236599999942,75.08259470000007],[-17.132018700999936,75.08346280000006],[-17.131859000999953,75.08432940000006],[-17.131762298999945,75.08519740100007],[-17.131720702999928,75.08606589900006],[-17.13174220199994,75.08693589900008],[-17.131821800999944,75.08780430000007],[-17.13195639999998,75.08867330000004],[-17.132060901999978,75.08917730000007],[-17.131511099999955,75.08968940000005],[-17.130652400999963,75.09053089900004],[-17.129856900999982,75.09137369900003],[-17.12911829999996,75.09222220000004],[-17.128431501999955,75.09307330000007],[-17.12780779899998,75.09392580000008],[-17.12723300199997,75.09478300000006],[-17.12672939999993,75.09564240000003],[-17.12628069999994,75.09650240000008],[-17.125884002999953,75.09736510000005],[-17.125550499999974,75.09822910000008],[-17.12526890099997,75.09909590000007],[-17.125053500999968,75.09996190000004],[-17.12489820099995,75.10083130000004],[-17.124801098999967,75.10169930000006],[-17.124758998999937,75.10256780000003],[-17.124775099999965,75.10343480000006],[-17.12485130099998,75.10430530100007],[-17.12498880199996,75.10517220000008],[-17.125098201999947,75.10567920000005],[-17.124547502999974,75.10619120000007],[-17.123690701999976,75.10703060000003],[-17.122890801999972,75.10787550000003],[-17.12215410099998,75.10872180000007],[-17.12146630099994,75.10957280000008],[-17.12083850199997,75.11042740000005],[-17.12027379999995,75.11128330000008],[-17.11976120299994,75.11214190000004],[-17.119308600999943,75.11300390000008],[-17.11891110199997,75.11386660000005],[-17.11857680199995,75.11473060000003],[-17.11830569899996,75.11559600000004],[-17.118086597999934,75.11646410000003],[-17.117925699999944,75.11733060000006],[-17.117828096999972,75.11819859900004],[-17.117785598999944,75.11906710000005],[-17.11780639799997,75.11993700000005],[-17.117885396999952,75.12080540000005],[-17.11802259999996,75.12167220000003],[-17.11812989899994,75.12217420000007],[-17.117572198999937,75.12269040100006],[-17.116710998999963,75.12353180100007],[-17.115912999999978,75.12437459900008],[-17.11517209999994,75.12522289900005],[-17.114483098999926,75.12607400000007],[-17.11385729799997,75.12692640000006],[-17.113288600999965,75.12778439900006],[-17.112774999999942,75.12864289900006],[-17.112324598999976,75.12950279900008],[-17.111926298999947,75.13036549900005],[-17.11159129999993,75.13122949900003],[-17.11131639799993,75.13209690000008],[-17.111099799999977,75.13296290000005],[-17.110946499999955,75.13383020000003],[-17.110845298999948,75.13470020000005],[-17.110802400999944,75.13556870000008],[-17.110817698999938,75.13643570000005],[-17.110896398999955,75.13730410000005],[-17.111030297999946,75.13817300000005],[-17.111230699999965,75.13904130000003],[-17.11148119799998,75.13990720000004],[-17.111798197999974,75.14077240100005],[-17.11217359899996,75.14163610000008],[-17.112599097999976,75.14249750000005],[-17.113094298999954,75.14335610000006],[-17.11363660099994,75.14421450000003],[-17.114240398999982,75.14506920000008],[-17.114913801999933,75.14592120000003],[-17.115629298999977,75.14677000000006],[-17.116417599999977,75.14761389900008],[-17.11725309899998,75.14845760000003],[-17.11814500099996,75.14929480000006],[-17.119098400999974,75.15012840000003],[-17.120105199999955,75.15095760000008],[-17.121173598999974,75.15178320000007],[-17.122290198999963,75.15260150000006],[-17.123468499999944,75.15341610000007],[-17.12470019999995,75.15422640000008],[-17.12598830199994,75.15503010000003],[-17.127333100999977,75.15582740000008],[-17.12873430299993,75.15661810000006],[-17.130180801999927,75.15740360100006],[-17.13060420299996,75.15762940000008],[-17.13131950099995,75.15824550100007],[-17.132327498999928,75.15907460000005],[-17.13339709899998,75.15990010000007],[-17.13451189699998,75.16072040000006],[-17.13569139699996,75.16153500000007],[-17.136927397999955,75.16234310000004],[-17.13821689699995,75.16314680000005],[-17.139559899999938,75.16394600100006],[-17.14095429799994,75.16473590000004],[-17.142402198999946,75.16552130000008],[-17.143906598999934,75.16630020000008],[-17.145467596999936,75.16707260000004],[-17.14707710199997,75.16783770000006],[-17.14873800199996,75.16859340000008],[-17.15045240099994,75.16934460000004],[-17.15221840099997,75.17008649900004],[-17.153855401999976,75.17075110000007],[-17.17011450299998,75.17722070000008],[-17.186387399999944,75.18368920000006],[-17.203952598999933,75.19066350000008],[-17.221533901999976,75.19763639900003],[-17.237849799999935,75.20410120000008],[-17.254179499999964,75.21056480000004],[-17.271806099999935,75.21753370000005],[-17.289448899999968,75.22450140000007],[-17.305821698999978,75.23096120000008],[-17.322208601999932,75.23741990100007],[-17.339895298999977,75.24438460000005],[-17.357598200999973,75.25134800000006],[-17.374028401999965,75.25780290000006],[-17.390472597999974,75.26425660000007],[-17.408226898999942,75.27121530000005],[-17.42599749799996,75.27817269900004],[-17.442489397999964,75.28462300000007],[-17.45899540199997,75.29107210000006],[-17.47681179799997,75.29802550000005],[-17.494644799999946,75.30497750000006],[-17.511194501999967,75.31142280000006],[-17.52775829799998,75.31786690000007],[-17.545635799999957,75.32481590000003],[-17.563529802999938,75.33176360000004],[-17.580137598999954,75.33820380000003],[-17.596759599999928,75.34464300000008],[-17.614705501999936,75.35158590100008],[-17.632668099999933,75.35852740000007],[-17.649338400999966,75.36496300000005],[-17.666023000999928,75.37139750000006],[-17.684026297999935,75.37833560100006],[-17.70204630199993,75.38527230000005],[-17.71877520199996,75.39170280000008],[-17.735518599999978,75.39813220000008],[-17.75359089999995,75.40506420000008],[-17.77168010099996,75.41199470000004],[-17.78322019799998,75.41641350000003],[-17.801336099999958,75.42334160000007],[-17.819468900999937,75.43026840000005],[-17.825071699999967,75.43790849900006],[-17.83068039899996,75.44554850000003],[-17.836680099999967,75.45370550100006],[-17.842686302999937,75.46186240000003],[-17.84869740099998,75.47002010000006],[-17.85471509799993,75.47817749900008],[-17.857996498999967,75.48262199900006],[-17.861279800999966,75.48706650000008],[-17.867310999999972,75.49522340000004],[-17.873348702999976,75.50338010000007],[-17.87939709799997,75.51153690000007],[-17.885452199999975,75.51969360000004],[-17.891509499999927,75.52784950000006],[-17.897573401999978,75.53600530000006],[-17.900882699999954,75.54045030000003],[-17.91026999999997,75.55305150000004],[-17.916352797999934,75.56120750000008],[-17.922443500999975,75.56936220000006],[-17.928541001999974,75.57751680100006],[-17.93464770099996,75.58567239900003],[-17.94076119899995,75.59382790000006],[-17.944096000999934,75.59827200000007],[-17.947432898999978,75.60271600000004],[-17.95356160299997,75.61086980000005],[-17.959697199999937,75.61902350000008],[-17.96583770099994,75.62717790000005],[-17.971985099999927,75.63533210000008],[-17.978139099999964,75.64348600100004],[-17.98429989899995,75.65163969900004],[-17.987658997999972,75.65608390000006],[-17.991020198999934,75.66052800000006],[-17.99719499899993,75.66868110000007],[-18.003376598999978,75.67683410000006],[-18.009567499999946,75.68498810000006],[-18.015765400999953,75.69314200000008],[-18.02196719899996,75.70129410000004],[-18.02817589899996,75.70944610000004],[-18.031562701999974,75.71388820100003],[-18.03495160199998,75.71833030000005],[-18.041174498999965,75.72648160000006],[-18.04740419799998,75.73463280000004],[-18.053643398999952,75.74278510000005],[-18.05988960199994,75.75093720000007],[-18.066142498999966,75.75908889900006],[-18.072402497999974,75.76724050000007],[-18.07581849899998,75.77168310000008],[-18.079236598999955,75.77612570100007],[-18.08551080199993,75.78427660000006],[-18.09179199999994,75.79242740000007],[-18.09807849699996,75.80057890100005],[-18.104371998999966,75.80873029900005],[-18.110673900999927,75.81688020000007],[-18.11698290399994,75.82503000000008],[-18.120425600999965,75.82947160000003],[-18.123870500999942,75.83391310000007],[-18.130192397999963,75.84206330000006],[-18.136521400999982,75.85021330000006],[-18.142858798999953,75.85836190000003],[-18.149203300999943,75.86651040000004],[-18.15555749999993,75.87465990000004],[-18.161918899999932,75.88280920100004],[-18.16538880199994,75.88724980000006],[-18.168860800999937,75.89169040000007],[-18.175232500999982,75.89983870000003],[-18.18161129799995,75.90798690000008],[-18.187999899999966,75.91613610000007],[-18.194395697999937,75.92428520000004],[-18.20080009999998,75.93243280000007],[-18.20721169899997,75.94058030000008],[-18.210481098999935,75.94473360000006],[-18.21690179799998,75.95288160000007],[-18.223329699999965,75.96102950000005],[-18.229770601999974,75.96917630100006],[-18.236218900999972,75.97732289900006],[-18.24266819899998,75.98546990000006],[-18.24912489999997,75.99361670100006],[-18.249139499999956,75.99409120100006],[-18.249217099999953,75.99496120000003],[-18.249367999999947,75.99582799900008],[-18.249574301999928,75.99669719900004],[-18.249845300999937,75.99756260000004],[-18.25017490199997,75.99842820000003],[-18.25056920199995,75.99929000000003],[-18.25094220099993,76.00000000000006],[-18.251022100999933,76.00015200000007],[-18.25153660199993,76.00101230000007],[-18.251868600999956,76.00150480000008],[-18.251504099999977,76.00202970000004],[-18.250959499999965,76.00288850000004],[-18.250479001999963,76.00375040000006],[-18.250056900999937,76.00461270000005],[-18.24970190199997,76.00547610000007],[-18.24941100199993,76.00634260100003],[-18.249178599999937,76.00720950000004],[-18.249004698999954,76.00807660000004],[-18.248898001999976,76.00894490100006],[-18.24885850299995,76.00981420000005],[-18.248877599999958,76.01068380000004],[-18.24895830099996,76.01155160000008],[-18.24909760299994,76.01241980000003],[-18.24930719899993,76.01328690000008],[-18.24957859899996,76.01415220100006],[-18.249908500999936,76.01501790000003],[-18.25030010399996,76.01588170000008],[-18.250765299999955,76.01674239900007],[-18.25128039799995,76.01760269900007],[-18.251607198999977,76.01809230000003],[-18.25123599899996,76.01862130000006],[-18.25069949799996,76.01948089900003],[-18.250209696999946,76.02034210000005],[-18.24979579899997,76.02120509900004],[-18.249440397999933,76.02206840000008],[-18.249140499999953,76.02293420000007],[-18.248907797999948,76.02380100000005],[-18.248742396999944,76.02466890000005],[-18.248635496999952,76.02553710000007],[-18.24858729899995,76.02640560000003],[-18.24860629999995,76.02727520000008],[-18.248687099999927,76.02814300000006],[-18.248835197999938,76.02901190000006],[-18.249045097999954,76.02987900000005],[-18.249316798999928,76.03074430100008],[-18.249646998999935,76.03160990000003],[-18.250039097999945,76.03247380100004],[-18.25049299799997,76.03333580000003],[-18.251020498999935,76.03419470000006],[-18.25134449799998,76.03468640000006],[-18.250975998999934,76.03521330000007],[-18.25043329899995,76.03607000000005],[-18.249951598999928,76.03693190000007],[-18.24952849799996,76.03779410000004],[-18.249169601999938,76.03865949900006],[-18.24888109999995,76.03952389900007],[-18.24864820099998,76.04039070000005],[-18.24847069799995,76.04126000000008],[-18.24836369999997,76.04212820000004],[-18.24832730099996,76.04299530000003],[-18.24834630099997,76.04386490000007],[-18.24842719999998,76.04473270000005],[-18.24856669899998,76.04560080000005],[-18.248776798999927,76.04646780000007],[-18.249045601999967,76.04733520000008],[-18.249379400999942,76.04819870000006],[-18.249771899999928,76.04906250000005],[-18.25023499899993,76.04992530100003],[-18.250503899999956,76.05038130000008],[-18.250522300999933,76.05059450000005],[-18.250673897999945,76.05146120100005],[-18.250881100999948,76.05233040000007],[-18.251153200999966,76.05319570000006],[-18.25148409899998,76.05406130100005],[-18.251880102999962,76.05492290000007],[-18.252334701999928,76.05578490000005],[-18.252860002999967,76.05664590000003],[-18.253441702999964,76.05750220000004],[-18.25408520299993,76.05835670000005],[-18.254790700999934,76.05920940000004],[-18.255561202999957,76.06005820000007],[-18.25638810199996,76.06090240000003],[-18.25702230299993,76.06151110000008],[-18.25689140199995,76.06191120000005],[-18.256658500999947,76.06277790000007],[-18.25649310199998,76.06364580000007],[-18.25638650099995,76.06451400000003],[-18.25633850199995,76.06538240000003],[-18.256361202999926,76.06624990000006],[-18.25643959599995,76.06711970000003],[-18.25658859799995,76.06798860000004],[-18.256790698999964,76.06885480000005],[-18.25706349899997,76.06972010000004],[-18.257395196999937,76.07058560000007],[-18.257788698999946,76.07144940000006],[-18.25825619799997,76.07231000000007],[-18.25877369699998,76.07317020000005],[-18.259356298999933,76.07402640000004],[-18.25999779899996,76.07488300000006],[-18.260707500999956,76.07573360000004],[-18.261479299999962,76.07658230000004],[-18.262304299999983,76.07742859900003],[-18.262953898999967,76.07804090000008],[-18.262823597999954,76.07843390000005],[-18.262590897999928,76.07930060000007],[-18.26242560099996,76.08016849900008],[-18.26231919999998,76.08103660000006],[-18.262271599999963,76.08190510000003],[-18.262294698999938,76.08277250000003],[-18.262373498999978,76.08364230000007],[-18.26251419999994,76.08451040000006],[-18.26272569799994,76.08537740000008],[-18.26299919799993,76.08624260000005],[-18.263331599999958,76.08710810000008],[-18.26372589999994,76.08797180000005],[-18.26418229999996,76.08883370000007],[-18.264703899999972,76.08969180000008],[-18.265293198999927,76.09055090000004],[-18.26593889999998,76.09140530000008],[-18.266649799999982,76.09225580000003],[-18.26741089999996,76.09310590000007],[-18.26824910199997,76.09395070000005],[-18.26890469899996,76.09457300000008],[-18.268775000999938,76.09495880100008],[-18.268542397999965,76.09582560100006],[-18.268368599999974,76.09669270000006],[-18.26826239999997,76.09756080000005],[-18.268223802999955,76.09843000000006],[-18.268235398999934,76.09929870000008],[-18.268317700999944,76.10016640000003],[-18.26846779999994,76.10103520000007],[-18.268671101999928,76.10190140000003],[-18.268942100999936,76.10276870000007],[-18.26927829999994,76.10363210000008],[-18.26967350299998,76.10449580000005],[-18.270139600999983,76.10535840000006],[-18.270659000999956,76.10621850100006],[-18.27124360199997,76.10707470000006],[-18.27189040199994,76.10792910100008],[-18.27259940199997,76.10878170000007],[-18.273373600999946,76.10963040000007],[-18.274204298999962,76.11047440000004],[-18.275097296999945,76.11131660000007],[-18.27605549699996,76.11215500000003],[-18.277070298999945,76.11298860000005],[-18.278141697999956,76.11381760100005],[-18.278561697999976,76.11412710000008],[-18.27933879899996,76.11485470100007],[-18.280288698999982,76.11569220100006],[-18.281312798999977,76.11652660000004],[-18.282384699999966,76.11735560000005],[-18.283522001999927,76.11818060000007],[-18.28471899999994,76.11899889900008],[-18.285978198999942,76.11981540000005],[-18.287288399999966,76.12062430000003],[-18.288667198999974,76.12142730000005],[-18.290102600999944,76.12222550000007],[-18.291589001999967,76.12301620000005],[-18.292912000999934,76.12369070000005],[-18.29304400099994,76.12396109900004],[-18.293506399999956,76.12482079900008],[-18.294027901999982,76.12568090000008],[-18.29461159899995,76.12653910000006],[-18.29526059899996,76.12739340000007],[-18.295971900999973,76.12824590000008],[-18.296739699999932,76.12909370000006],[-18.29757859999995,76.12994050000003],[-18.29846840099998,76.13077980000008],[-18.299429301999965,76.13161800000006],[-18.30044370199994,76.13245360000008],[-18.301517898999975,76.13328250000006],[-18.302657502999978,76.13410740000006],[-18.30385690099996,76.13492560000003],[-18.305118600999947,76.13574200100004],[-18.306431398999962,76.13655080100006],[-18.307812699999943,76.13735360000004],[-18.309242001999962,76.13815090000008],[-18.31073670099994,76.13894440100006],[-18.312093395999966,76.13963090100003],[-18.31221269799994,76.13988360000008],[-18.312673700999937,76.14074529900006],[-18.31319690099997,76.14160529900005],[-18.313782300999947,76.14246349900003],[-18.31443319799996,76.14331770000007],[-18.315146400999936,76.14417010000005],[-18.315916197999968,76.14501790000008],[-18.31674839799996,76.14586379900004],[-18.31764599899998,76.14670579900007],[-18.318600197999956,76.14754320000003],[-18.31961999899994,76.14837660000006],[-18.320705199999963,76.14920620000004],[-18.321838397999954,76.15003020000006],[-18.323037100999954,76.15085040000008],[-18.324301299999945,76.15166660000006],[-18.32561649799993,76.15247540000007],[-18.32700049999994,76.15327800000006],[-18.328432301999953,76.15407530000004],[-18.329920999999956,76.15486780000003],[-18.331299599999966,76.15556780000003],[-18.331426299999976,76.15580910100005],[-18.331880100999967,76.15667010000004],[-18.332405000999927,76.15753000000007],[-18.332992297999965,76.15838810000008],[-18.333644999999933,76.15924220100004],[-18.33435130199996,76.16009380000008],[-18.335131899999965,76.16094230100003],[-18.33596609999995,76.16178810100007],[-18.33685700099994,76.16262930000005],[-18.337822202999973,76.16346729900005],[-18.338841100999957,76.16430280000003],[-18.33991980099995,76.16513139900007],[-18.341055299999937,76.16595540000003],[-18.34225639999994,76.16677550000003],[-18.34352619999993,76.16758950000008],[-18.34484090099994,76.16840019900008],[-18.346218602999954,76.16920200000004],[-18.347658802999945,76.17000190000005],[-18.348776398999973,76.17059860000006],[-18.348380695999936,76.17130380000003],[-18.347959499999945,76.17216600000006],[-18.347603197999945,76.17303140000007],[-18.347305998999957,76.17389700000007],[-18.34706799999998,76.17476300000004],[-18.346894798999926,76.17563210000003],[-18.346792696999955,76.17650020000008],[-18.346741098999928,76.17736770000005],[-18.346766197999955,76.17823710000005],[-18.34684499699995,76.17910390000003],[-18.346988599999975,76.17997390000005],[-18.347197697999945,76.18084000000005],[-18.34747499699995,76.18170710000004],[-18.347805797999968,76.18257160000007],[-18.34816989799998,76.18336050000005],[-18.347956800999953,76.18359660000004],[-18.347216298999967,76.18444589900008],[-18.346537599999976,76.18530050000004],[-18.345926797999937,76.18615610000006],[-18.345380898999963,76.18701479900005],[-18.344890998999972,76.18787600000007],[-18.34446909999997,76.18873820000005],[-18.344103298999983,76.18960279900006],[-18.34380560099993,76.19046840000004],[-18.34357590199994,76.19133510000006],[-18.34340230099997,76.19220420000005],[-18.34329109999993,76.19307150000003],[-18.34324800099995,76.19393980000007],[-18.343272997999975,76.19480910000004],[-18.343348397999932,76.19567810000007],[-18.343495100999974,76.19654590000005],[-18.343704297999977,76.19741190000008],[-18.343981697999936,76.19827900000007],[-18.344312699999932,76.19914350100004],[-18.344671897999945,76.19992250000007],[-18.344445900999972,76.20016700000008],[-18.343710100999942,76.20101910000005],[-18.343033498999944,76.20187150000004],[-18.342421800999944,76.20272710100005],[-18.34187190199998,76.20358790000006],[-18.341384398999935,76.20444700000007],[-18.340958701999966,76.20531120000004],[-18.340595401999963,76.20617370000008],[-18.340293901999928,76.20704140000004],[-18.34006380099993,76.20790810000005],[-18.339892901999974,76.20877500000006],[-18.339781399999936,76.20964230000004],[-18.339734800999963,76.21051270000004],[-18.33975080199997,76.21138130000008],[-18.33983809999995,76.21224880000005],[-18.339984799999968,76.21311660000003],[-18.340190899999982,76.21398470000008],[-18.34047149999998,76.21484970100005],[-18.34079950299997,76.21571630000005],[-18.341201999999953,76.21657970000007],[-18.34166720099995,76.21744130100006],[-18.342194898999935,76.21830110100007],[-18.34277949999995,76.21915620000004],[-18.34307469999993,76.21955190000006],[-18.343032002999962,76.22034660000008],[-18.343060098999956,76.22121380100003],[-18.343135700999937,76.22208270100003],[-18.343282700999964,76.22295050000008],[-18.343489102999968,76.22381859900008],[-18.34377010099996,76.22468350000008],[-18.344101700999943,76.22554799900007],[-18.344501600999934,76.22641350000004],[-18.34496719799995,76.22727510000004],[-18.345495496999945,76.22813490000004],[-18.34608069799998,76.22898999900008],[-18.346734296999955,76.22984610000003],[-18.34745369999996,76.23069830000003],[-18.34823009799993,76.23154590000007],[-18.34906909999995,76.23239160000008],[-18.349387199999967,76.23269890000006],[-18.349147397999957,76.23340560000008],[-18.348914099999945,76.23427430000004],[-18.348743500999944,76.23514120000004],[-18.348632297999927,76.23600840000006],[-18.348586199999943,76.23687880000006],[-18.348602798999934,76.23774740000005],[-18.34869079799995,76.23861480000005],[-18.348838297999976,76.23948260000003],[-18.349045196999953,76.24035070000008],[-18.349314898999978,76.24121690100003],[-18.34965600099997,76.24208210000006],[-18.350059898999973,76.24294550000008],[-18.350517499999967,76.24380629900008],[-18.351046699999927,76.24466610000007],[-18.351638700999956,76.24552400000005],[-18.352296499999966,76.24637799900006],[-18.353008199999977,76.24722939900005],[-18.353782600999978,76.24807900000008],[-18.354622997999968,76.24892470000003],[-18.35495869999994,76.24924060000006],[-18.35471630199993,76.24994220000008],[-18.35448630099995,76.25080880000007],[-18.35431579799996,76.25167570000008],[-18.354201601999932,76.25254500000005],[-18.354158998999935,76.25341330000003],[-18.354175900999962,76.25428180000006],[-18.354264298999965,76.25514930000008],[-18.354409199999964,76.25601910000006],[-18.354619899999932,76.25688510100008],[-18.354890199999943,76.25775130000005],[-18.355232100999956,76.25861650100006],[-18.35562780099997,76.25947900000006],[-18.35609519999997,76.26034060100005],[-18.356625399999928,76.26120030100003],[-18.357209500999943,76.26205740100005],[-18.35786520099998,76.26291350100007],[-18.358578100999978,76.26376490000007],[-18.359365799999978,76.26461310000008],[-18.360207403999937,76.26545870000007],[-18.36053480199996,76.26577380000003],[-18.36029550099994,76.26647339900006],[-18.360065599999928,76.26734000000005],[-18.35988630099996,76.26820610000004],[-18.35978130099994,76.26907610000006],[-18.359738899999968,76.26994430000008],[-18.35975620199997,76.27081280000004],[-18.35983300399994,76.27168160000008],[-18.359981498999957,76.27254940000006],[-18.360192796999968,76.27341530000007],[-18.360472598999934,76.27428220000007],[-18.360806396999976,76.27514660000008],[-18.36120859899995,76.27601200000004],[-18.361667998999962,76.27687270000007],[-18.362199198999974,76.27773240000005],[-18.36279309799994,76.27859030000008],[-18.363444297999933,76.27944340000005],[-18.36416709899993,76.28029550100007],[-18.36494399999998,76.28114510000006],[-18.365786997999976,76.28199070000005],[-18.366687096999954,76.28283160000007],[-18.36766219699996,76.28366930100003],[-18.36868249799994,76.28450370000007],[-18.369771997999976,76.28533210000006],[-18.37092770099997,76.28615649900007],[-18.372140599999966,76.28697629900006],[-18.373410700999955,76.28779130000004],[-18.374738099999945,76.28860170000007],[-18.376125901999956,76.28940530000006],[-18.376918101999934,76.28984510000004],[-18.377200001999938,76.29028450000004],[-18.377795401999947,76.29114230000005],[-18.378444798999965,76.29199749900005],[-18.379160299999967,76.29284880000006],[-18.379950901999962,76.29369690000004],[-18.380786501999978,76.29454170000008],[-18.381694101999926,76.29538540000004],[-18.38266200199996,76.29622230000007],[-18.383696099999952,76.29705530000007],[-18.384784298999932,76.29788570000005],[-18.385933001999945,76.29870930000004],[-18.38714779999998,76.29952900000006],[-18.388419899999974,76.30034390000003],[-18.389749301999927,76.30115420000004],[-18.391139201999977,76.30195770000006],[-18.39259850299993,76.30275510100006],[-18.394106199999953,76.30354710000006],[-18.395074702999977,76.30403720000004],[-18.395297897999967,76.30450960000007],[-18.39576909599998,76.30537100000004],[-18.396294497999975,76.30622980000004],[-18.39689169899998,76.30708750000008],[-18.39754299799995,76.30794259900006],[-18.398260397999934,76.30879390000007],[-18.399040898999942,76.30964319900005],[-18.39988749799994,76.31048870000006],[-18.40079149899998,76.31132939900004],[-18.40176159999993,76.31216630000006],[-18.40279479999998,76.31300120000003],[-18.40388539999998,76.31383150000005],[-18.40503639999997,76.31465500000007],[-18.40625370099997,76.31547460000007],[-18.407528299999967,76.31628940000007],[-18.408860301999937,76.31709960000006],[-18.410252799999967,76.31790299900007],[-18.411705797999957,76.31869950000004],[-18.413216300999977,76.31949140000006],[-18.414215301999945,76.31999560000008],[-18.414443699999936,76.32045170100008],[-18.414904499999977,76.32131440000006],[-18.41543159899993,76.32217320000007],[-18.416030601999978,76.32303080000008],[-18.416683800999976,76.32388590000005],[-18.417403200999956,76.32473700000008],[-18.418185698999935,76.32558630000005],[-18.419034400999976,76.32643170100005],[-18.41994049999994,76.32727240100007],[-18.420909698999935,76.32811120100007],[-18.42193630099996,76.32894530100003],[-18.423032298999942,76.32977340100007],[-18.424182602999963,76.33059890000004],[-18.425402301999952,76.33141830000005],[-18.426679400999944,76.33223310000005],[-18.42801400099995,76.33304310000005],[-18.429409100999976,76.33384639900004],[-18.430861703999938,76.33464490000006],[-18.43237809799996,76.33543450000008],[-18.43340769699995,76.33595299900009],[-18.43362019899996,76.33639340000008],[-18.434082799999942,76.33725600000008],[-18.434611598999936,76.33811470000006],[-18.43521239699993,76.33897230000008],[-18.435867497999936,76.33982729900004],[-18.436588898999958,76.34067840000006],[-18.437119399999972,76.34126180000004],[-18.437411896999947,76.34156880000006],[-18.438253800999973,76.34241330000003],[-18.43915889899995,76.34325600000005],[-18.440133499999945,76.34409260000007],[-18.44117130099994,76.34492740000007],[-18.442257498999936,76.34575680100005],[-18.44341339799996,76.34658000000007],[-18.444632398999943,76.34740150000005],[-18.44591209999993,76.34821610000006],[-18.44724919999993,76.34902600100008],[-18.447586996999974,76.34922280000006],[-18.44778569899995,76.35002760000003],[-18.44806019899994,76.35089570000008],[-18.448401097999977,76.35175990000005],[-18.44880509999996,76.35262220000004],[-18.44926910099997,76.35348480000005],[-18.44979940199994,76.35434340000006],[-18.45039289899995,76.35520020000007],[-18.451049699999942,76.35605510000005],[-18.451769599999977,76.35690820000008],[-18.452555901999972,76.35775740000008],[-18.453408599999932,76.35860260000004],[-18.454318700999977,76.35944310000008],[-18.45528319899995,76.36028100000004],[-18.456323101999942,76.36111570000008],[-18.457411501999957,76.36194490000008],[-18.458578402999933,76.36276880000008],[-18.459790802999976,76.36358940000008],[-18.461072800999943,76.36440400000004],[-18.46240340099996,76.36521300000004],[-18.462750101999973,76.36541770000008],[-18.46295360099998,76.36621320000006],[-18.46322940099998,76.36708130100004],[-18.463571601999945,76.36794540000005],[-18.463973799999962,76.36880980100005],[-18.46444239799996,76.36967020000003],[-18.464971099999957,76.37053090000006],[-18.465566198999966,76.37138760100004],[-18.466224599999975,76.37224250000008],[-18.46694939599996,76.37309340000007],[-18.46773749999994,76.37394250000006],[-18.468583099999933,76.37478690000006],[-18.469491998999956,76.37562939900005],[-18.470467499999927,76.37646799900006],[-18.471500399999968,76.37730180000005],[-18.472599901999956,76.37813169900005],[-18.473760099999936,76.37895480000003],[-18.474974697999983,76.37977530000006],[-18.47625009899997,76.38058900000004],[-18.47759199799998,76.38139870000003],[-18.477974100999973,76.38162040000003],[-18.478165101999934,76.38239820000007],[-18.47844209999994,76.38326620000004],[-18.478785598999934,76.38413030000004],[-18.479189197999972,76.38499460000008],[-18.47965929999998,76.38585500000005],[-18.479956500999947,76.38635440000007],[-18.479925498999933,76.38644210000007],[-18.479692000999933,76.38730780000003],[-18.479515400999958,76.38817600000004],[-18.479407797999954,76.38904510000003],[-18.479363499999977,76.38991250100008],[-18.47937920199996,76.39078000000006],[-18.47946399799997,76.39164860100004],[-18.479608998999936,76.39251740000003],[-18.479826199999934,76.39338520100006],[-18.48009769999993,76.39425030000007],[-18.480438400999958,76.39511650100008],[-18.480845599999952,76.39597870000006],[-18.48131300299997,76.39684110000007],[-18.48184680199995,76.39769960000007],[-18.482440899999972,76.39855840000007],[-18.483101601999977,76.39941319900004],[-18.483701700999973,76.40012060000004],[-18.483533199999954,76.40042690000007],[-18.483104500999957,76.40128830000003],[-18.482732702999954,76.40215200000006],[-18.482426800999974,76.40301890000006],[-18.48219320299995,76.40388470000005],[-18.482016501999965,76.40475280000004],[-18.48190889999995,76.40562190000009],[-18.48186470099995,76.40648920000007],[-18.481877501999975,76.40735890000008],[-18.48196250199993,76.40822740100003],[-18.482111002999943,76.40909410000006],[-18.48232860199994,76.40996180100007],[-18.482597401999953,76.41082910100005],[-18.482941799999935,76.41169310100008],[-18.483346498999936,76.41255740000008],[-18.48381769899993,76.41341770100007],[-18.48434919899995,76.41427830000003],[-18.484947295999973,76.41513490000006],[-18.485608898999942,76.41598969900008],[-18.48621510099997,76.41670689900008],[-18.486050199999966,76.41700410000004],[-18.485621097999967,76.41786539900005],[-18.485249100999965,76.41872920000003],[-18.48494299999993,76.41959600000007],[-18.484705996999935,76.42046380000005],[-18.484532500999933,76.42132980000008],[-18.484424898999976,76.42219900000003],[-18.48437759799998,76.42306829900008],[-18.48439369999994,76.42393590000006],[-18.48447909999993,76.42480440000008],[-18.48462459899997,76.42567320000006],[-18.484842698999955,76.42654090000008],[-18.48511519899995,76.42740600000008],[-18.485460100999944,76.42826990000003],[-18.485865398999977,76.42913420000008],[-18.486334099999965,76.42999660100008],[-18.48686959899993,76.43085500000007],[-18.487468600999932,76.43171160000009],[-18.488131100999965,76.43256640000004],[-18.488732297999945,76.43328070000007],[-18.48856410099995,76.43358000000006],[-18.488134696999964,76.43444130000006],[-18.487768098999936,76.43530790000005],[-18.487465000999975,76.43617259900003],[-18.48721889899997,76.43703970000007],[-18.487045300999966,76.43790569900005],[-18.486937798999975,76.43877480000003],[-18.48689060099997,76.43964409900008],[-18.486906898999962,76.44051160000004],[-18.48699249899994,76.44138010000006],[-18.48713840099998,76.44224890000004],[-18.487356801999965,76.44311650000003],[-18.48762980099997,76.44398160000003],[-18.487972101999958,76.44484770000008],[-18.48838120299996,76.44570980000003],[-18.488850699999944,76.44657220000005],[-18.48938370099995,76.44743270000004],[-18.489983500999926,76.44828920000003],[-18.490647000999957,76.44914390000008],[-18.490660699999978,76.44916170000005],[-18.49080240199993,76.44935620000007],[-18.49146589999998,76.45021090000006],[-18.492196200999956,76.45106160100005],[-18.492981199999974,76.45190970100003],[-18.493829800999947,76.45275600100007],[-18.494745300999966,76.45359840100008],[-18.495730799999933,76.45443460000007],[-18.496770899999945,76.45526830100005],[-18.497868899999958,76.45609720100003],[-18.49903379899996,76.45692220000007],[-18.50024560099996,76.45772969900008],[-18.500247697999953,76.45789589900005],[-18.500334196999972,76.45876440000006],[-18.500484299999982,76.45963099900007],[-18.500694798999973,76.46049790000006],[-18.500974799999938,76.46136579900008],[-18.501312498999937,76.46222900000004],[-18.501719798999943,76.46309310000004],[-18.50219059699998,76.46395550000005],[-18.502728297999965,76.46481379900007],[-18.50332649799998,76.46567240000007],[-18.50399159799997,76.46652710000006],[-18.504720298999928,76.46737990000008],[-18.505506898999954,76.46822800000007],[-18.506360497999935,76.46907210000006],[-18.50727769899993,76.46991430000008],[-18.50826189999998,76.47075260000008],[-18.50930399899994,76.47158620000005],[-18.51040399799996,76.47241510000003],[-18.511570999999947,76.47324000000003],[-18.51279009899997,76.47405730000008],[-18.51280259899994,76.47421020000007],[-18.51288669799993,76.47508070000003],[-18.51303780099994,76.47594730100008],[-18.51324929799995,76.47681420100008],[-18.513521297999944,76.47768130000003],[-18.513869299999953,76.47854510000008],[-18.51427770099997,76.47940930000004],[-18.51474989899998,76.48027150000007],[-18.51527679999998,76.48113120000005],[-18.515879601999927,76.48198770000005],[-18.516546199999937,76.48284220000005],[-18.51727649999998,76.48369500000007],[-18.518064799999934,76.48454300000003],[-18.518916899999965,76.48538920000004],[-18.519839201999957,76.48622920000008],[-18.520816201999935,76.48706670000007],[-18.521857102999945,76.48790230000003],[-18.522968100999947,76.48873190000006],[-18.52412820199993,76.48955590000008],[-18.525147801999935,76.49023790000007],[-18.524963801999945,76.49050740000007],[-18.524395802999948,76.49136670000007],[-18.523897198999975,76.49222700000007],[-18.523465000999977,76.49309050100004],[-18.52309330199995,76.49395410000005],[-18.522787901999948,76.49482090000004],[-18.522546201999944,76.49568580100004],[-18.522370801999955,76.49655380000007],[-18.52226499699998,76.49742280000004],[-18.52221979799998,76.49829210100006],[-18.52223829999997,76.49915949900003],[-18.522314198999936,76.50002929900006],[-18.522466099999974,76.50089580000008],[-18.522687598999937,76.50176339900008],[-18.522721499999932,76.50187530000005],[-18.51457629799995,76.50692780000008],[-18.506944596999972,76.51165740000005],[-18.499307597999973,76.51638680100007],[-18.491667200999927,76.52111480000008],[-18.48402159999995,76.52584260000003],[-18.476369295999973,76.53057110000003],[-18.46871170099996,76.53529950000006],[-18.461049097999933,76.54002750000006],[-18.453381198999978,76.54475530000008],[-18.445709896999972,76.54948170100005],[-18.438033299999972,76.55420789900006],[-18.43034999899993,76.55893489900006],[-18.422661497999968,76.56366160000005],[-18.414967798999953,76.56838800000008],[-18.407268899999963,76.57311419900003],[-18.399560298999972,76.57783969900004],[-18.391846398999974,76.58256500000005],[-18.384131998999976,76.58729040000003],[-18.376412198999958,76.59201550000006],[-18.37566709999993,76.59248090000006],[-18.374399998999934,76.59329980000007],[-18.373238397999955,76.59409640000007],[-18.366208899999947,76.59904020000005],[-18.359180295999977,76.60398660000004],[-18.352149899999972,76.60893070000003],[-18.34510229999995,76.61387580000007],[-18.338061897999978,76.61881940000006],[-18.33100429899997,76.62376409900008],[-18.32395399899997,76.62870719900008],[-18.31689539699994,76.63365220000003],[-18.30982269699996,76.63859620000005],[-18.30284599999993,76.64347470000007],[-18.29384639699998,76.64963020000005],[-18.284507996999935,76.65601210000005],[-18.275157797999952,76.66239569900006],[-18.26580809799998,76.66877959900006],[-18.256440699999928,76.67516240100008],[-18.247064697999974,76.68154480000004],[-18.237680099999977,76.68792680100006],[-18.228286899999944,76.69430830000005],[-18.218884997999965,76.70068940000004],[-18.209474496999974,76.70707020000003],[-18.20882359799998,76.70752010000007],[-18.207981898999947,76.70812530000006],[-18.20139779999994,76.71293529900004],[-18.194808997999928,76.71774520000008],[-18.18821410099997,76.72255590000003],[-18.181614499999966,76.72736640100004],[-18.175005797999972,76.73217629900006],[-18.168392396999934,76.73698600000006],[-18.161780798999928,76.74179480000004],[-18.155164499999955,76.74660340000008],[-18.148541997999928,76.75141280000008],[-18.141914800999928,76.75622210000006],[-18.135283199999947,76.76103110000008],[-18.12864670299996,76.76583989900007],[-18.122005799999954,76.77064850000005],[-18.115360100999965,76.77545700000007],[-18.10870529999994,76.78026470100008],[-18.095386299999973,76.78988010000006],[-18.088722098999938,76.79468770000005],[-18.082051599999943,76.79949610000006],[-18.07537640199996,76.80430430000007],[-18.074928099999966,76.80463330000003],[-18.073829599999954,76.80546500000008],[-18.072798598999952,76.80629990000006],[-18.07183200199995,76.80714000000006],[-18.070929800999977,76.80798560000005],[-18.07009850199995,76.80883220000004],[-18.069322400999965,76.80968340000004],[-18.068617398999947,76.81053560000004],[-18.067976698999928,76.81139330000008],[-18.067939398999954,76.81144960000006],[-18.067080698999973,76.81189930000005],[-18.06561260099994,76.81270050000006],[-18.064196297999956,76.81350840000005],[-18.062856800999953,76.81432020100004],[-18.061569198999962,76.81513870000003],[-18.06034920099995,76.81596040000005],[-18.059190199999932,76.81678950000008],[-18.05810219999995,76.81761970000008],[-18.05706609899994,76.81845660100004],[-18.05610689899993,76.81929750100005],[-18.055196999999964,76.82013999900005],[-18.05436070099995,76.82098870000004],[-18.05359550199995,76.82183850000007],[-18.052885499999945,76.82269280000008],[-18.052237401999946,76.82354750000007],[-18.05166300199994,76.82440830000007],[-18.05115380199993,76.82526730000006],[-18.05099050299998,76.82556050000005],[-18.04956460099993,76.82624170000008],[-18.047968199999957,76.82703000000004],[-18.046442098999933,76.82782650000007],[-18.04497110099993,76.82862750000004],[-18.04356450199998,76.82943390100007],[-18.042209699999944,76.83024690000008],[-18.040931797999974,76.83106390000006],[-18.039705897999966,76.83188760000007],[-18.038547600999948,76.83271450000007],[-18.03745379999998,76.83354670100005],[-18.036415199999965,76.83438350000006],[-18.03545369799997,76.83522430000005],[-18.034550699999954,76.83606750000007],[-18.03371549999997,76.83691400000004],[-18.03293549899996,76.83776500100004],[-18.032226799999933,76.83861720000004],[-18.031582499999956,76.83947459900008],[-18.031009498999936,76.84033320000003],[-18.03049509899995,76.84119430000004],[-18.03034870199997,76.84146990000005],[-18.028878198999962,76.84216410000005],[-18.02728469999994,76.84295509900005],[-18.02575889999997,76.84374940000004],[-18.024284999999963,76.84455029900005],[-18.022872201999974,76.84535860000005],[-18.02152720299995,76.84617020000007],[-18.02023410099997,76.84698840000004],[-18.01901799999996,76.84781060000006],[-18.017853798999965,76.84863950000005],[-18.01675750199996,76.84947160000007],[-18.015719797999964,76.85030620000003],[-18.014755798999943,76.85114690100005],[-18.013850498999943,76.85199000100005],[-18.01300969899995,76.85283850000008],[-18.01224019899996,76.85368810100005],[-18.011525998999957,76.85454230000005],[-18.010882998999932,76.85539760100005],[-18.01030470099994,76.85625820000007],[-18.009791702999962,76.85711710000004],[-18.009650602999955,76.85736939900005],[-18.00814040299997,76.85808660000004],[-18.006547199999943,76.85887540000004],[-18.00501510099997,76.85967160000007],[-18.003538298999956,76.86047230000008],[-18.002125999999976,76.86127840000006],[-18.00077479899994,76.86209200000008],[-17.99949160099993,76.86290870000005],[-17.998260198999958,76.86373220000007],[-17.99709680199993,76.86455880000005],[-17.996007198999962,76.86539160000007],[-17.99496370199995,76.86622820000008],[-17.993997299999933,76.86706870000006],[-17.993089699999928,76.86791180000006],[-17.992250000999945,76.86875810100008],[-17.991474898999968,76.86960970000007],[-17.990767801999937,76.87046450000008],[-17.990122800999927,76.87131980000004],[-17.989545799999973,76.87217820100005],[-17.98902759899994,76.87303920000005],[-17.988890099999935,76.87328230000008],[-17.987363700999936,76.87400770000005],[-17.985764100999972,76.87479840000003],[-17.98422309999995,76.87559160000006],[-17.98275260099996,76.87639300000006],[-17.98133409999997,76.87720110000004],[-17.97998350299997,76.87801240000005],[-17.978694099999927,76.87883110000007],[-17.97746929999994,76.87965519900007],[-17.976303300999973,76.88048170000008],[-17.97520190299997,76.88131360000006],[-17.974168499999962,76.88214880000004],[-17.973199699999952,76.88298920000005],[-17.972286400999963,76.88383430100004],[-17.971453700999973,76.88468120000005],[-17.970676399999945,76.88553280000008],[-17.969961300999955,76.88638470000006],[-17.96931090099997,76.88724190000005],[-17.96873199999993,76.88810030000008],[-17.968224499999963,76.88895990100008],[-17.967772500999956,76.88982400100008],[-17.967395300999954,76.89068710000004],[-17.96707700099995,76.89155280000006],[-17.96683029999997,76.89241960100003],[-17.966655001999982,76.89328750000004],[-17.96654200399996,76.89415580000008],[-17.96650490199994,76.89464980000008],[-17.96620930299997,76.89508930000005],[-17.96570140199998,76.89594880000004],[-17.96524900199995,76.89681290000004],[-17.964871503999973,76.89767600000005],[-17.964552900999934,76.89854170000007],[-17.96430579799994,76.89940840000008],[-17.964130298999976,76.90027640000005],[-17.964017095999964,76.90114470000003],[-17.963966196999934,76.90201330000008],[-17.96398699699995,76.90288320000008],[-17.96407339899997,76.90375130000007],[-17.96422559699994,76.90461770000007],[-17.964440096999965,76.90548440000003],[-17.96472629699997,76.90635240000006],[-17.964764199999934,76.90645300000006],[-17.96469419899995,76.90651620000006],[-17.963788096999963,76.90736190000007],[-17.96294409799998,76.90820810000008],[-17.962164996999945,76.90905950000007],[-17.961457398999983,76.90991210000004],[-17.96080539899998,76.91076930000008],[-17.96022489799998,76.91162770000005],[-17.959712598999943,76.91248929900007],[-17.959262597999953,76.91335120000008],[-17.958884299999966,76.91421430000008],[-17.95856490099993,76.91507990000008],[-17.958317200999943,76.91594670000006],[-17.95814109899993,76.91681460000007],[-17.958027398999945,76.91768280000008],[-17.95797610099993,76.91855150000004],[-17.957996399999956,76.91942130000007],[-17.958082597999976,76.92028940000006],[-17.958231198999954,76.92115790000008],[-17.958454899999936,76.92202540000005],[-17.958735198999932,76.92289040000009],[-17.958778999999936,76.92299390000005],[-17.958708899999976,76.92305710000005],[-17.957795300999976,76.92389990000004],[-17.956959300999927,76.92474680000004],[-17.956178800999965,76.92559820000008],[-17.955460698999957,76.92645000000005],[-17.954816797999968,76.92730790000007],[-17.95423519899998,76.92816620000008],[-17.95372199899998,76.92902780000003],[-17.95327109899995,76.92988970100004],[-17.952888498999982,76.93075490000007],[-17.95257179899994,76.93161830000008],[-17.952320002999954,76.93248710000006],[-17.952143298999943,76.93335499900007],[-17.95202900099997,76.93422320000008],[-17.951980700999968,76.93508979900008],[-17.952000701999964,76.93595950000008],[-17.952086600999962,76.93682760000007],[-17.952234999999973,76.93769600000007],[-17.952441698999962,76.93852170000008],[-17.952330899999936,76.93936169900007],[-17.952291800999944,76.94022900000004],[-17.952302498999927,76.94109800000007],[-17.95239780099996,76.94196680000005],[-17.952546301999973,76.94283520000005],[-17.95276999899994,76.94370270000007],[-17.953050300999962,76.94456770000005],[-17.95340590099994,76.94543180000005],[-17.95383339999995,76.94629700000007],[-17.95432089999997,76.94715760000008],[-17.954874402999963,76.94801650000005],[-17.955493900999954,76.94887370100008],[-17.95590089999996,76.94939230000006],[-17.955568101999972,76.94989290000007],[-17.95505750199993,76.95075230000003],[-17.954602600999976,76.95161630100006],[-17.95422290099998,76.95247940000007],[-17.953902402999972,76.95334490000005],[-17.953653603999953,76.95421160000006],[-17.953476700999943,76.95507940000005],[-17.95336240299997,76.95594760000006],[-17.953310702999943,76.95681620000005],[-17.95333080299997,76.95768590000006],[-17.953416902999948,76.95855390000008],[-17.953565599999934,76.95942240000005],[-17.95378969999996,76.96028980000006],[-17.954079698999976,76.96115550000007],[-17.954435796999974,76.96201960000008],[-17.95485459799994,76.96288400000003],[-17.955342696999935,76.96374460000004],[-17.955896996999968,76.96460340000004],[-17.95651739599998,76.96546060000003],[-17.956922297999938,76.96597420000006],[-17.95658579899998,76.96647690000003],[-17.95607119799996,76.96733840100006],[-17.955619198999955,76.96820030000003],[-17.955235796999943,76.96906540100008],[-17.95491489999995,76.96993090000007],[-17.954665897999973,76.97079760000008],[-17.954488899999944,76.97166540100005],[-17.95437439899996,76.97253349900006],[-17.954322699999977,76.97340209900005],[-17.954342898999982,76.97427180000005],[-17.954429196999968,76.97513980000008],[-17.954581600999973,76.97600610000006],[-17.95480589999994,76.97687350000007],[-17.95509299899993,76.97774130000005],[-17.955449597999973,76.97860530000008],[-17.95586889799995,76.97946970000004],[-17.956357797999942,76.98033020000008],[-17.95691280099993,76.98118910000005],[-17.957533999999953,76.98204620000007],[-17.957941898999934,76.98256480000003],[-17.957608497999956,76.98306540000004],[-17.957093398999973,76.98392690000003],[-17.956640901999947,76.98478870000008],[-17.956257000999926,76.98565380100007],[-17.95594510099994,76.98652000000004],[-17.955695899999967,76.98738670100005],[-17.955509399999983,76.98825370100008],[-17.955394896999962,76.98912180100007],[-17.955343097999958,76.98999030100003],[-17.95536679999998,76.99085790000004],[-17.955390299999976,76.99115710000007],[-17.955409997999936,76.99179840100004],[-17.955496400999948,76.99266640000008],[-17.95564570199997,76.99353480000008],[-17.95587040299995,76.99440220000008],[-17.95616130299993,76.99526780000008],[-17.956514999999968,76.99613390000007],[-17.956938401999935,76.99699610000005],[-17.95742450299997,76.99785880000007],[-17.957980299999974,76.99871760000008],[-17.95860239999996,76.99957470000004],[-17.958888800999944,76.99993340000003],[-17.95844460099994,77.00059380000005],[-17.95792289999997,77.00145240000006],[-17.957466499999953,77.00231630000007],[-17.957085501999927,77.00317930000006],[-17.956773299999952,77.00404550000007],[-17.956523800999946,77.00491210000007],[-17.95633370099995,77.00578110100008],[-17.956219202999932,77.00664930000005],[-17.95616739999997,77.00751780000007],[-17.956191201999957,77.00838530100003],[-17.95627780199993,77.00925320000005],[-17.95643660099995,77.01012230100008],[-17.956652297999938,77.01098890000003],[-17.956943595999974,77.01185460000005],[-17.957297797999956,77.01272059900003],[-17.95772170099997,77.01358279900006],[-17.958208497999976,77.01444540000006],[-17.958765100999926,77.01530419900007],[-17.95939729899993,77.01616200000007],[-17.95967479999996,77.01652000000007],[-17.959229999999934,77.01718040000003],[-17.958704298999976,77.01804100000004],[-17.95825679899997,77.01890570000006],[-17.957875399999978,77.01976860000008],[-17.95755350099995,77.02063400000003],[-17.957303699999954,77.02150060000008],[-17.95711689999996,77.02236750000003],[-17.956998797999972,77.02323770000004],[-17.956959798999947,77.02410490000005],[-17.95697089999993,77.02497370000003],[-17.95705769999995,77.02584170000006],[-17.957216700999936,77.02671070000008],[-17.957432697999934,77.02757730000008],[-17.957724498999937,77.02844290000007],[-17.958079200999975,77.02930890000005],[-17.958503597999936,77.03017110000008],[-17.959000397999944,77.03103440000007],[-17.959557699999948,77.03189320100006],[-17.96018129999993,77.03275019900008],[-17.960459199999946,77.03310819900008],[-17.960014000999934,77.03376850000006],[-17.959496998999953,77.03462990000008],[-17.959042998999962,77.03549170000008],[-17.95865780099996,77.03635670000006],[-17.95833559999994,77.03722209900008],[-17.958085599999947,77.03808860000004],[-17.95790790199993,77.03895630000005],[-17.957793099999947,77.03982430000008],[-17.957741299999952,77.04069280000004],[-17.95776190199996,77.04156240000003],[-17.957848800999955,77.04243030000004],[-17.957998697999926,77.04329850000005],[-17.958224401999928,77.04416580000003],[-17.958507201999964,77.04503070000004],[-17.958862401999966,77.04589660000005],[-17.959296800999937,77.04675960000003],[-17.959784901999967,77.04762210000007],[-17.960342900999933,77.04848080000005],[-17.96096739899997,77.04933780100004],[-17.961245600999973,77.04969580100004],[-17.96079979999996,77.05035610000004],[-17.96028230199994,77.05121750000006],[-17.95982780199995,77.05207920000004],[-17.959442199999955,77.05294420000007],[-17.959119602999976,77.05380950000006],[-17.958869299999947,77.05467610000005],[-17.958691500999976,77.05554369900005],[-17.958576601999937,77.05641170000007],[-17.958524802999932,77.05728020000004],[-17.95854540199997,77.05814970000006],[-17.958632501999944,77.05901760000006],[-17.95878270099996,77.05988580000007],[-17.959008702999938,77.06075310000006],[-17.95930130299996,77.06161870000005],[-17.95965690299994,77.06248460100005],[-17.960082498999952,77.06334670000007],[-17.960571296999944,77.06420920000005],[-17.961129995999954,77.06506790000003],[-17.961755297999957,77.06592490000008],[-17.962042398999927,77.06629070000008],[-17.96159699699996,77.06694390000007],[-17.96108229999993,77.06780310000005],[-17.960623900999963,77.06866700000006],[-17.96023779999996,77.06953190000007],[-17.959924297999976,77.07039800000007],[-17.959673797999926,77.07126450000004],[-17.959486296999955,77.07213140000005],[-17.959371398999963,77.07299940000007],[-17.95931959899997,77.07386779900008],[-17.95934029999995,77.07473729900005],[-17.959427499999947,77.07560510000008],[-17.959577898999953,77.07647329900004],[-17.959804297999938,77.07734060000007],[-17.960097296999948,77.07820610000005],[-17.96045339799997,77.07907200000005],[-17.960879598999952,77.07993410000006],[-17.961368998999944,77.08079659900005],[-17.961928498999953,77.08165530000008],[-17.962554600999965,77.08251220000005],[-17.96284289999994,77.08287090000005],[-17.962396099999978,77.08353120000004],[-17.961868097999968,77.08439170000008],[-17.96141849999998,77.08525630000008],[-17.96102609999997,77.08611830000007],[-17.960712199999932,77.08698440100005],[-17.96045800199994,77.08785290000003],[-17.960270401999935,77.08871980000004],[-17.960155398999973,77.08958780000006],[-17.960112898999967,77.09045690000005],[-17.96012430099995,77.09132560100005],[-17.96013790099994,77.09144800000007],[-17.96012929999995,77.09154480100005],[-17.960150098999975,77.09241430000003],[-17.96023749999995,77.09328210000007],[-17.960397498999953,77.09415100000007],[-17.96061480299994,77.09501750000004],[-17.96090820099994,77.09588300000007],[-17.961264900999936,77.09674890000008],[-17.96169169999996,77.09761090000006],[-17.962181802999964,77.09847340000005],[-17.96274200199997,77.09933200000006],[-17.963378398999964,77.10018970000004],[-17.96343479899997,77.10027270000006],[-17.963380900999937,77.10035150000004],[-17.962792398999966,77.10120960000006],[-17.962273099999948,77.10207080000004],[-17.96181349899996,77.10293460000008],[-17.96142999999995,77.10379740000008],[-17.961106298999937,77.10466270000006],[-17.96085180299997,77.10553120000003],[-17.96066400199993,77.10639800100006],[-17.96054890199997,77.10726590000007],[-17.960506402999954,77.10813500000006],[-17.960517799999934,77.10900380000004],[-17.960605400999953,77.10987150000005],[-17.960765600999935,77.11074040000005],[-17.960983299999953,77.11160680100005],[-17.961277002999964,77.11247230100008],[-17.96163420299996,77.11333820000004],[-17.962061503999962,77.11420020000008],[-17.962561596999933,77.11506340000005],[-17.963122599999963,77.11592200000007],[-17.963750398999935,77.11677890000004],[-17.96381279899998,77.11686480000003],[-17.963756299999943,77.11693860000008],[-17.96316709699994,77.11779660000008],[-17.962647198999946,77.11865789900008],[-17.962190496999938,77.11951950000008],[-17.961803096999972,77.12038440000003],[-17.961479096999938,77.12124959900007],[-17.961224296999944,77.12211810000008],[-17.961045697999964,77.12298560000005],[-17.96093039799996,77.12385360000007],[-17.960878497999943,77.12472190000005],[-17.960899396999935,77.12559130000005],[-17.960986998999942,77.12645910000003],[-17.96113809899998,77.12732720000008],[-17.96136539799994,77.12819430000008],[-17.961659598999972,77.12905980000005],[-17.962017198999945,77.12992560100008],[-17.962445097999932,77.13078760000008],[-17.962936499999955,77.13165000000004],[-17.96349809999998,77.13250860000005],[-17.96412330199996,77.13336750000008],[-17.964192700999945,77.13344920000003],[-17.964129200999935,77.13352729900004],[-17.96353929999998,77.13438530000008],[-17.96301879899994,77.13524649900006],[-17.962561599999958,77.13610809900007],[-17.962173698999948,77.13697289900006],[-17.961858697999958,77.13783890000008],[-17.961607098999934,77.13870520000006],[-17.961415401999943,77.13957410000006],[-17.961299999999937,77.14044200000006],[-17.96124809899993,77.14131030000004],[-17.96126900099995,77.14217970000004],[-17.96135679899993,77.14304740000006],[-17.961508098999957,77.14391550000005],[-17.961735699999963,77.14478260000004],[-17.96203030199996,77.14564800000005],[-17.96238829899994,77.14651380000004],[-17.962813298999947,77.14737790000004],[-17.963308798999947,77.14823820000004],[-17.96386769999998,77.14909880000005],[-17.96449709899997,77.14995560000006],[-17.964566598999966,77.15003730000006],[-17.96450909899994,77.15011820000007],[-17.963918401999933,77.15097620100005],[-17.96338779799993,77.15183660000008],[-17.962939500999937,77.15269890100006],[-17.962541802999965,77.15356300000008],[-17.962226401999942,77.15442890000008],[-17.961974502999965,77.15529530000003],[-17.96178260299996,77.15616410000007],[-17.961667099999943,77.15703190000005],[-17.96161509999996,77.15790020000003],[-17.961636102999933,77.15876960000008],[-17.961724001999983,77.15963730000004],[-17.961885002999963,77.16050610000008],[-17.96210340099998,77.16137240000006],[-17.962398401999963,77.16223780000007],[-17.962756902999956,77.16310360000006],[-17.96318250199994,77.16396760000003],[-17.963678501999937,77.16482780000007],[-17.96423820299998,77.16568850000004],[-17.964877899999976,77.16654600000004],[-17.96494400199998,77.16662980000007],[-17.964883803999953,77.16670580000005],[-17.964292497999963,77.16756370000007],[-17.963770696999973,77.16842480000008],[-17.963312395999935,77.16928640000003],[-17.962923694999972,77.17015120000008],[-17.96259849699993,77.17101630000008],[-17.962346199999956,77.17188260000006],[-17.96215419699996,77.17275140000004],[-17.962038500999938,77.17361929900005],[-17.961995999999942,77.17448819900005],[-17.96200749899998,77.17535680000003],[-17.96209559999994,77.17622450000005],[-17.962256799999977,77.17709330000008],[-17.962475499999982,77.17795960000007],[-17.962770899999953,77.17882490000005],[-17.963129898999966,77.17969070000004],[-17.963556000999972,77.18055469900008],[-17.964062098999932,77.18141570000006],[-17.96462249999996,77.18227620000005],[-17.96525350099995,77.18313300000005],[-17.96595169999995,77.18398800000006],[-17.966720496999926,77.18483930000008],[-17.967546997999932,77.18568800000008],[-17.96768119899997,77.18581530000006],[-17.967927997999936,77.18629870000007],[-17.968431197999962,77.18716180000007],[-17.96899559899998,77.18802020000004],[-17.969623700999932,77.18887910000007],[-17.97032589899993,77.18973200100004],[-17.971091798999964,77.19058530100006],[-17.971919000999947,77.19143400100006],[-17.972816799999976,77.19227890000008],[-17.973785301999953,77.19312000000008],[-17.974821100999975,77.19395930000007],[-17.97592160299996,77.19479200000006],[-17.977083299999947,77.19562010000004],[-17.97831230299994,77.19644639900008],[-17.978824000999964,77.19677520000005],[-17.978844298999945,77.19744950000006],[-17.978933600999937,77.19831710000005],[-17.979086602999928,77.19918510000008],[-17.979312901999947,77.20005420000007],[-17.979609799999935,77.20091949900007],[-17.97997050099997,77.20178520000007],[-17.98040180199996,77.20264700000007],[-17.98089700199995,77.20350920000004],[-17.98145939999995,77.20436980000005],[-17.982092499999965,77.20522640000007],[-17.982792898999946,77.20608140000007],[-17.98355460199997,77.20693180000006],[-17.984393000999944,77.20778120100005],[-17.98529269599993,77.20862600000004],[-17.986259796999946,77.20946910000004],[-17.98730099599993,77.21030630000007],[-17.98840019599993,77.21114090000003],[-17.98956409999994,77.21196890000004],[-17.99079539899998,77.21279520100006],[-17.991322597999954,77.21313470000007],[-17.991345296999953,77.21379480000007],[-17.991435498999977,77.21466240000007],[-17.991589597999962,77.21553030000007],[-17.991807498999947,77.21639859900006],[-17.992105498999933,77.21726390000003],[-17.992467499999975,77.21812950000003],[-17.99289669899997,77.21899340000004],[-17.99339669999995,77.21985349900007],[-17.993960597999944,77.22071389900003],[-17.994595301999937,77.22157060000006],[-17.99529740099996,77.22242549900005],[-17.996057298999972,77.22327790000008],[-17.99690099999998,77.22412510000004],[-17.997799201999953,77.22497200000004],[-17.998771700999953,77.22581290000005],[-17.99888839999994,77.22590540000004],[-17.990463098999953,77.23216440000004],[-17.98202970099993,77.23842319900007],[-17.97130570099995,77.24637210000003],[-17.960568601999967,77.25432070000005],[-17.95076709799997,77.26156990000004],[-17.940010498999982,77.26951760000003],[-17.92924070199996,77.27746500000006],[-17.918451800999946,77.28541230100006],[-17.907649701999958,77.29335910000003],[-17.897787000999926,77.30060790000005],[-17.886960399999964,77.30855360000004],[-17.876120499999956,77.31649890000006],[-17.86526790199997,77.32444340000006],[-17.854402001999972,77.33238760000006],[-17.844484401999978,77.33963180000006],[-17.833587302999945,77.34757540000004],[-17.822676700999978,77.35551850000007],[-17.81175819899994,77.36346130000004],[-17.80082609699997,77.37140370000003],[-17.790849696999942,77.37864540000004],[-17.77988629999993,77.38658730000003],[-17.76890919899995,77.39452870100007],[-17.757925799999953,77.40246870000004],[-17.74692869599994,77.41040830000003],[-17.736889599999927,77.41764950000004],[-17.72586089699996,77.42558860000008],[-17.71481849999998,77.43352720100006],[-17.703767900999935,77.44146540000008],[-17.69270360099995,77.44940330000003],[-17.682604598999944,77.45664190000008],[-17.671510200999933,77.46457810100003],[-17.660401900999943,77.47251380000006],[-17.649283599999933,77.48045030100008],[-17.63815140099996,77.48838639900003],[-17.627978698999982,77.49562370000007],[-17.61682099999996,77.50355850100004],[-17.60564930099997,77.51149280000004],[-17.594459597999958,77.51942600000007],[-17.58325579999996,77.52735880000006],[-17.573022202999937,77.53459350000008],[-17.56179100099996,77.54252610000003],[-17.550545599999964,77.55045820000004],[-17.539286902999947,77.55838960000005],[-17.528013999999928,77.56632050000007],[-17.517718901999956,77.57355250000006],[-17.506424899999956,77.58148260000007],[-17.495116802999974,77.58941210000006],[-17.483788499999946,77.59734160000005],[-17.472445900999958,77.60527070000006],[-17.47143590099995,77.60599260000004],[-17.47033780099997,77.60682890000004],[-17.46931150299997,77.60766860000007],[-17.46892360099997,77.60800670100008],[-17.468615301999932,77.60826080000004],[-17.46765689999995,77.60910590100008],[-17.466760499999964,77.60995360000004],[-17.465939401999947,77.61080260000006],[-17.46518640299996,77.61165710100005],[-17.464508802999944,77.61251280000005],[-17.46389329799996,77.61337110000005],[-17.463349496999967,77.61423280000008],[-17.462871400999973,77.61509500000005],[-17.462468697999952,77.61595850000003],[-17.462241499999948,77.61651680000006],[-17.46134129899997,77.61696399900006],[-17.459779899999944,77.61776569900007],[-17.458276695999928,77.61857210000005],[-17.45684169799995,77.61938390000006],[-17.455484396999964,77.62020189900005],[-17.454185499999937,77.62102460000006],[-17.452944996999975,77.62185200000005],[-17.45178589699998,77.62268360000007],[-17.450685196999927,77.62351980000005],[-17.449656195999978,77.62435940000006],[-17.448695398999973,77.62520440000003],[-17.447800296999958,77.62604990000006],[-17.446982998999943,77.62690170000008],[-17.44622789899995,77.62775610000006],[-17.445538399999975,77.62861100000003],[-17.444920899999943,77.62946920000007],[-17.444375097999966,77.63033090000005],[-17.44390489899996,77.63119380000006],[-17.443500497999935,77.63205720000008],[-17.44328909899997,77.63259300000004],[-17.442337196999972,77.63306240000009],[-17.44077269899998,77.63386390000005],[-17.439266499999974,77.63467009900006],[-17.437838196999962,77.63548260000005],[-17.436468300999934,77.63629969900006],[-17.435166599999945,77.63712230000004],[-17.433932999999968,77.63795040000008],[-17.43276149999997,77.63878100000005],[-17.431667897999944,77.63961789900003],[-17.430636499999935,77.64045740000006],[-17.429673197999932,77.64130240000003],[-17.428785499999947,77.64214860000004],[-17.427956199999983,77.64299950000003],[-17.427198897999972,77.64385380000004],[-17.426517100999945,77.64470940000007],[-17.42589739699997,77.64556760000005],[-17.425349796999967,77.64642910000003],[-17.424877696999943,77.64729200000005],[-17.42447150099997,77.64815530000004],[-17.424263896999946,77.64868190100003],[-17.42329919799994,77.64915750000006],[-17.42173149799993,77.64995890000006],[-17.420222296999953,77.65076500000004],[-17.418790998999953,77.65157729900005],[-17.41741819899994,77.65239440000005],[-17.416123398999957,77.65321759900007],[-17.414877297999965,77.65404480000007],[-17.413712800999974,77.65487610000008],[-17.412616700999934,77.65571290000008],[-17.41158269799996,77.65655230000004],[-17.410616999999945,77.65739710000008],[-17.409726900999942,77.65824330000004],[-17.408895298999937,77.65909410000006],[-17.408135699999946,77.65994830000005],[-17.407451796999965,77.66080380000005],[-17.406839996999963,77.66166270000008],[-17.406293999999946,77.66252210000005],[-17.40581999999995,77.66338490000004],[-17.40540840099993,77.66425030000005],[-17.405205799999976,77.66476070000004],[-17.40420009999997,77.66525210000003],[-17.40263909899994,77.66605410100004],[-17.40112679599997,77.66686010100005],[-17.399692499999958,77.66767230100004],[-17.398326598999972,77.66849000100007],[-17.397019099999966,77.66931230000006],[-17.395779998999956,77.67014019900006],[-17.39461290099996,77.67097140000004],[-17.393514100999937,77.67180810000008],[-17.39247759999995,77.67264739900008],[-17.391509398999972,77.67349210000003],[-17.390617001999942,77.67433820000008],[-17.389792900999964,77.67518970000003],[-17.389031100999944,77.67604380000006],[-17.38834510099997,77.67689930000006],[-17.38773109999994,77.67775810000006],[-17.38718319999998,77.67861740000006],[-17.386707399999977,77.67948010000003],[-17.386293898999952,77.68034540000008],[-17.386097700999926,77.68083260000003],[-17.385049599999945,77.68134690100004],[-17.38348549899996,77.68214880100004],[-17.381979797999975,77.68295540000008],[-17.38053280099996,77.68376670100008],[-17.379163897999945,77.68458430000004],[-17.377853596999955,77.68540650100005],[-17.376621498999953,77.68623500000007],[-17.375451700999974,77.68706610100008],[-17.37434049899997,77.68790190000004],[-17.373311198999943,77.68874189900004],[-17.372340598999926,77.68958649900003],[-17.37144569999998,77.69043250000004],[-17.37061940199993,77.69128390000003],[-17.369855401999928,77.69213800000006],[-17.369176998999933,77.69299409900003],[-17.368551201999935,77.69385210000007],[-17.368011102999958,77.69471210000006],[-17.367533399999957,77.69557480000003],[-17.36711810199995,77.69644000000005],[-17.36692580199997,77.69691800000004],[-17.365864700999964,77.69743850000003],[-17.364297300999965,77.69824030000007],[-17.36278859999993,77.69904670100004],[-17.361348401999976,77.69985870000005],[-17.359966699999973,77.70067530000006],[-17.358663398999965,77.70149830000008],[-17.357418700999972,77.70232590100005],[-17.356246201999966,77.70315690000007],[-17.35624489999998,77.70316390000005],[-17.355656300999954,77.70340280000005],[-17.353830201999926,77.70417920000006],[-17.35205900099993,77.70496240100005],[-17.350356198999975,77.70575100000008],[-17.348708401999943,77.70654640000004],[-17.347138900999937,77.70734809900006],[-17.345628101999978,77.70815450000003],[-17.344185702999937,77.70896630000004],[-17.34281180299996,77.70978360000004],[-17.341506401999936,77.71060640000007],[-17.340259699999933,77.71143400000005],[-17.33908159899994,77.71226700000005],[-17.33797930099996,77.71310130000006],[-17.336942000999954,77.71394310000005],[-17.33598049899996,77.71478630000007],[-17.335149199999933,77.71556840000005],[-17.334520398999928,77.71578510000006],[-17.332440900999927,77.71653180000004],[-17.330416500999945,77.71728520100004],[-17.328466600999946,77.71804700100006],[-17.326558201999944,77.71881690000004],[-17.32472809999996,77.71959310000005],[-17.322956700999953,77.72037390000008],[-17.32124639899996,77.72116440000008],[-17.31960829999997,77.72195840100005],[-17.318035099999975,77.72275980100005],[-17.316516897999975,77.72356810000008],[-17.315080802999944,77.72438059900009],[-17.31370340199993,77.72519770000008],[-17.31238469899995,77.72601960000003],[-17.311144501999934,77.72684770000006],[-17.30997660099996,77.72767930000003],[-17.30886739999994,77.72851550000007],[-17.30783059999993,77.72935520000004],[-17.30685250099998,77.73019950000008],[-17.306049197999982,77.73095770000003],[-17.305368699999974,77.73119650000007],[-17.303285097999947,77.73194300000006],[-17.30125279899994,77.73269829900005],[-17.299289000999977,77.73345910100005],[-17.29738999999995,77.73422740000007],[-17.29555599899993,77.73500340000004],[-17.293786798999975,77.73578690000005],[-17.29207639899994,77.73657510000004],[-17.290430799999967,77.73737090000003],[-17.288853898999946,77.73817220000007],[-17.287335698999982,77.73897820100007],[-17.285892300999933,77.73979260000004],[-17.28451139799995,77.74060960100007],[-17.28319910299996,77.74143210000005],[-17.28195549999998,77.74226000000004],[-17.280784299999937,77.74309140000008],[-17.279671900999972,77.74392750000004],[-17.278631899999937,77.74476709900006],[-17.27766060099998,77.74561210000007],[-17.27687440099993,77.74635269900006],[-17.27614689899997,77.74660440000008],[-17.27405529999993,77.74735270000008],[-17.272032399999944,77.74810650000006],[-17.27006450199997,77.74886710000004],[-17.268157800999973,77.74963730000007],[-17.266319798999973,77.75041300000004],[-17.264546698999936,77.75119630000006],[-17.262832397999944,77.75198430000006],[-17.26119289899998,77.75278070000007],[-17.25961220099998,77.75358180000006],[-17.258100199999944,77.75438840000004],[-17.256647100999942,77.75519980000007],[-17.25526869999993,77.75601950100008],[-17.25395299799993,77.75684180000007],[-17.252709696999943,77.75766750100007],[-17.251531499999942,77.75850080000004],[-17.25041579899994,77.75933679900004],[-17.249382498999978,77.76017699900007],[-17.24841179999993,77.76101980000004],[-17.247637999999938,77.76173279900007],[-17.246837399999947,77.76201220000007],[-17.24474529899993,77.76275810000004],[-17.242714399999954,77.76351380000006],[-17.240752301999976,77.76427489900004],[-17.23884530099997,77.76504280000006],[-17.237009400999966,77.76582120000006],[-17.235226198999953,77.76660139900008],[-17.233514200999934,77.76739210000005],[-17.23186469899997,77.76818540000005],[-17.23029010099998,77.76898710000006],[-17.22877079999995,77.76979560000007],[-17.227323799999965,77.77060750000004],[-17.225935897999932,77.77142420000007],[-17.224626499999943,77.77224710100006],[-17.22337609799996,77.77307480000007],[-17.222194496999975,77.77390800100005],[-17.221079300999975,77.77474170100004],[-17.220039098999962,77.77558380100004],[-17.219065301999933,77.77642650000007],[-17.218160299999965,77.77727470000008],[-17.217331702999957,77.77812420000004],[-17.21656209899993,77.77897840000009],[-17.21586889899993,77.77983400000005],[-17.21524829899994,77.78069300000004],[-17.214703998999937,77.78155340000006],[-17.21422259899998,77.78241640000005],[-17.213807697999982,77.78328000000005],[-17.213469201999942,77.78414490000006],[-17.213207100999966,77.78501110000008],[-17.21300789999998,77.78588000000008],[-17.212888901999975,77.78674820000003],[-17.21283650199996,77.78761690000005],[-17.21285450099998,77.78848410100005],[-17.212948900999947,77.78935260000003],[-17.213110100999927,77.79022170100006],[-17.21334159999998,77.79108920100003],[-17.213643498999943,77.79195520000007],[-17.214025800999934,77.79282050100005],[-17.214468599999975,77.79368350000004],[-17.214995399999964,77.79454360000005],[-17.215579099999957,77.79540350100007],[-17.216246903999945,77.79626050000007],[-17.21697540399998,77.79711530000003],[-17.217778003999967,77.79796640000006],[-17.218651300999966,77.79881600000004],[-17.21959869899996,77.79966190000005],[-17.22061059699996,77.80050349900006],[-17.22169679999996,77.80134140000007],[-17.222847397999942,77.80217490000007],[-17.224062398999934,77.80300400000004],[-17.22535180099993,77.80382950000006],[-17.226709400999937,77.80464850000004],[-17.22814139999997,77.80546380000004],[-17.229631697999935,77.80627190000007],[-17.231186400999945,77.80707550000005],[-17.232819400999972,77.80787340000006],[-17.23450689699996,77.80866620000006],[-17.236266498999953,77.80945030000004],[-17.238080698999966,77.81022920000004],[-17.239973100999975,77.81100240000006],[-17.241917700999977,77.81176540000007],[-17.243926898999973,77.81252400000005],[-17.24600819999995,77.81327390000007],[-17.247663398999975,77.81385170000004],[-17.248730800999965,77.81462570000008],[-17.249958598999967,77.81545550000004],[-17.25125099899998,77.81628080100006],[-17.252611499999944,77.81709970000009],[-17.254036699999972,77.81791410100004],[-17.25552629999993,77.81872410000005],[-17.257084301999953,77.81952750000005],[-17.25871050199993,77.82032449900004],[-17.260411199999965,77.82111780000008],[-17.26216420299994,77.82190100000008],[-17.263991703999977,77.82268050000005],[-17.265877600999943,77.82345270000008],[-17.267831800999943,77.82421840000006],[-17.26984829999998,77.82497459900003],[-17.271923199999947,77.82572360000006],[-17.27406649699998,77.82646610000006],[-17.276258299999938,77.82720050000006],[-17.277462499999956,77.82758930000006],[-17.27810009799998,77.82811200000003],[-17.279188698999974,77.82895170000006],[-17.280345600999965,77.82978500000007],[-17.28156709899997,77.83061380000004],[-17.282853097999975,77.83143810000007],[-17.28421359799995,77.83225890000006],[-17.28564240099996,77.83307310000004],[-17.287139597999953,77.83388080000003],[-17.288707600999942,77.83468690000007],[-17.290337799999975,77.83548370000005],[-17.292032597999935,77.83627600000005],[-17.293785901999968,77.83706100000006],[-17.29561739999997,77.83784030100009],[-17.29750749899995,77.83861230000008],[-17.299459798999976,77.83937480000003],[-17.301476799999932,77.84013300000004],[-17.30355240199998,77.84088380000003],[-17.305700100999957,77.84162600000008],[-17.307896399999947,77.84236010100005],[-17.30915990099993,77.84276760000006],[-17.309779800999934,77.84326960000004],[-17.310865597999964,77.84410630100007],[-17.312022200999934,77.84494140000004],[-17.313247200999967,77.84577010000004],[-17.314536800999974,77.84659429900006],[-17.315901002999965,77.84741480000008],[-17.31733360399994,77.84822890000004],[-17.318830800999933,77.84903850000006],[-17.320392797999943,77.84984360000004],[-17.322026897999933,77.85064019900005],[-17.323725698999965,77.85143230000006],[-17.325482997999927,77.85221709900003],[-17.32730879899998,77.85299530000003],[-17.329203099999972,77.85376700000006],[-17.331165797999972,77.85453220000005],[-17.333177200999955,77.85528930000004],[-17.33526699899994,77.85604069900006],[-17.337409197999932,77.85678180000008],[-17.339609999999936,77.85751570000008],[-17.340955401999963,77.85794840000005],[-17.34152899999998,77.85842020000007],[-17.342618199999947,77.85925680000008],[-17.343778198999928,77.86009180000008],[-17.345006799999965,77.86092020000007],[-17.346296198999937,77.86174640000007],[-17.347667797999975,77.86256460000004],[-17.34910040099993,77.86338060100007],[-17.350591598999927,77.86418920000006],[-17.352161101999968,77.86499210100004],[-17.353795498999943,77.86579050000006],[-17.355498301999944,77.86658240000008],[-17.35725969799995,77.86736690100008],[-17.359085900999958,77.86814710000004],[-17.36098439999995,77.86891859900004],[-17.36294140299998,77.86968270000006],[-17.36496710199998,77.87044039900007],[-17.367051302999982,77.87119070000006],[-17.36852959999993,77.87170260000005],[-17.371215897999946,77.87991810000005],[-17.373905796999964,77.88813360000006],[-17.37662219799995,77.89640890000004],[-17.379342298999973,77.90468420000008],[-17.382060801999955,77.91295870000005],[-17.384782997999935,77.92123320000007],[-17.387513698999953,77.92950780000007],[-17.390248000999975,77.93778230000004],[-17.392985902999953,77.94605650000005],[-17.39572739999994,77.95433070000007],[-17.398140300999955,77.96162250000003],[-17.400893596999936,77.96989660000008],[-17.40365049899998,77.97817050000003],[-17.406404100999964,77.98644480000007],[-17.409161499999982,77.99471909900006],[-17.411927401999947,78.00299340100008],[-17.414696999999933,78.01126770000008],[-17.417465198999935,78.01954120000005],[-17.420237200999964,78.02781470000008],[-17.423015799999973,78.03608929900008],[-17.42579829899995,78.04436380000004],[-17.42825619699994,78.05165460000006],[-17.431040500999927,78.05992819900007],[-17.433828501999926,78.06820180000005],[-17.43662329899996,78.07647650000007],[-17.439421900999946,78.08475110000006],[-17.442226000999938,78.09302440000005],[-17.445033999999964,78.10129760000007],[-17.447848798999928,78.10957190000005],[-17.45066739999993,78.11784610000007],[-17.453484601999946,78.12611960000004],[-17.45630570299994,78.13439310000007],[-17.458795597999938,78.14168409900003],[-17.461626897999963,78.14995850000008],[-17.46446199899998,78.15823280000006],[-17.467302700999937,78.16650570000007],[-17.470147401999952,78.17477860000008],[-17.472993801999962,78.18305220000008],[-17.475844096999936,78.19132570000005],[-17.478696299999967,78.19959990100006],[-17.481552398999952,78.20787410000008],[-17.484414199999947,78.21614680000005],[-17.487279801999932,78.22441960000003],[-17.489806398999974,78.23170869900008],[-17.49268239999998,78.23998230000007],[-17.495562500999938,78.24825590000006],[-17.49844110099997,78.25652870000005],[-17.50132380399998,78.26480150000003],[-17.50421539699994,78.27307430000008],[-17.507110999999952,78.28134710000006],[-17.510008497999934,78.28962060000003],[-17.51290999899993,78.29789400000004],[-17.515815300999975,78.30616699900008],[-17.51872469999995,78.31444000000005],[-17.521291298999927,78.32173210000008],[-17.52420799799995,78.33000460000005],[-17.527128799999957,78.33827700000006],[-17.530056599999966,78.34655050000003],[-17.532988601999932,78.35482390000004],[-17.535921197999983,78.36309550000004],[-17.538857796999935,78.37136710000004],[-17.541799700999945,78.37964080000006],[-17.544745801999966,78.38791440000006],[-17.54769760099998,78.39618670000004],[-17.55065359599996,78.40445890000007],[-17.553258497999934,78.41174899900005],[-17.55621999899995,78.42002170000006],[-17.559185697999965,78.42829430100005],[-17.562155400999927,78.43656660000005],[-17.565129199999944,78.44483880000007],[-17.56810699899995,78.45311060000006],[-17.571088997999937,78.46138240000005],[-17.574073098999975,78.46965480100005],[-17.577061303999926,78.47792730000003],[-17.58005879999996,78.48619970100003],[-17.58306049899994,78.49447209900006],[-17.58571110099996,78.50176300000004],[-17.588720398999953,78.51003480000008],[-17.59173409999994,78.51830660000007],[-17.59475170099995,78.52657800000003],[-17.597773703999962,78.53484930000008],[-17.60079769999993,78.54312130000005],[-17.603826099999935,78.55139330100008],[-17.60685659899997,78.55966590000008],[-17.60989140299995,78.56793840000006],[-17.612937502999955,78.57620999900007],[-17.615987898999947,78.58448140000007],[-17.618678598999963,78.59177040000003],[-17.621734897999943,78.60004230000004],[-17.62479560099996,78.60831420000005],[-17.627853199999947,78.61658640000007],[-17.630915095999967,78.62485850000007],[-17.63399379799995,78.63312990100007],[-17.63707679999993,78.64140140000006],[-17.640156798999953,78.64967300000006],[-17.643241099999955,78.65794470000003],[-17.646329700999956,78.66621590000005],[-17.649422697999967,78.67448710000008],[-17.65249199799996,78.68267640000005],[-17.655565800999966,78.69086560000005],[-17.658669601999975,78.69913700000006],[-17.661777901999926,78.70740840000008],[-17.664895695999974,78.71567970000007],[-17.668018100999973,78.72395100000006],[-17.671144700999946,78.73222190000007],[-17.674275799999975,78.74049280000008],[-17.677409200999932,78.74876430000006],[-17.680547196999953,78.75703570000007],[-17.676802599999974,78.76024150000006],[-17.667339398999957,78.76832710000008],[-17.657862799999975,78.77641240000008],[-17.651709298999947,78.78165629900008],[-17.645550199999946,78.78690020000005],[-17.636041900999942,78.79498530000006],[-17.626520100999983,78.80307000000005],[-17.620336599999973,78.80831400000005],[-17.614147401999958,78.81355790000003],[-17.604601099999968,78.82164180000007],[-17.595041201999948,78.82972540000003],[-17.588831402999972,78.83496729900008],[-17.58261589999995,78.84020910000004],[-17.573018598999965,78.84829210000004],[-17.563407600999938,78.85637470000006],[-17.55716739999997,78.86161670000007],[-17.550921400999982,78.86685850000003],[-17.541278102999968,78.87494090000007],[-17.531620903999965,78.88302300000004],[-17.52535209499996,78.88826390000008],[-17.519077495999966,78.89350470000005],[-17.50938439899994,78.90158510000003],[-17.49967749999996,78.90966520000006],[-17.493377798999973,78.91490610000005],[-17.487072299999966,78.92014690000008],[-17.47733799899993,78.92822709900008],[-17.46758979899994,78.93630700000006],[-17.461261099999945,78.94154690000005],[-17.454926401999955,78.94678660000005],[-17.445147297999938,78.95486520000003],[-17.43535400099995,78.96294350100004],[-17.428995998999937,78.96818230000008],[-17.422632100999977,78.97342090000006],[-17.41280029899997,78.98149860100006],[-17.402954201999933,78.98957580000007],[-17.396562702999972,78.99481570000006],[-17.390165200999945,79.00005540000006],[-17.380293301999927,79.00813170000004],[-17.370406999999943,79.01620770000005],[-17.369513995999966,79.01696570000007],[-17.368577198999958,79.01781550000004],[-17.367735998999933,79.01866740000008],[-17.366960097999936,79.01952389900003],[-17.36686859699995,79.01963379900008],[-17.366494296999974,79.02005829900008],[-17.36579889899997,79.02091820000004],[-17.365181296999936,79.02177660000007],[-17.364650996999956,79.02264120000007],[-17.364187598999933,79.02350350000006],[-17.363815699999975,79.02436989900008],[-17.36351759799993,79.02523680000007],[-17.36329319899994,79.02610430000004],[-17.36315759799993,79.02697099900007],[-17.36309179999995,79.02784030000004],[-17.36309709899996,79.02826820000007],[-17.362059298999952,79.02885190000006],[-17.360666997999942,79.02967880000006],[-17.359351197999956,79.03051110000007],[-17.35811579899996,79.03134670000003],[-17.35696099699993,79.03218580000004],[-17.35587159599993,79.03302950000005],[-17.354862699999956,79.03387670000006],[-17.353934395999943,79.03472720000008],[-17.353086695999934,79.03558100000004],[-17.352312799999936,79.03643540000007],[-17.351615298999945,79.03729530100003],[-17.351002496999968,79.03815650100006],[-17.350463598999966,79.03901820000004],[-17.35000939899993,79.03988109900007],[-17.349624997999967,79.04074670000006],[-17.34932539899995,79.04161359900007],[-17.34911049699997,79.04248180000008],[-17.348969599999975,79.04335060000005],[-17.34890669999993,79.04421769900006],[-17.34891159999995,79.04462660000007],[-17.347834500999966,79.04522900000006],[-17.346450199999936,79.04605650000008],[-17.345131397999978,79.04688870000007],[-17.343893296999966,79.04772430000008],[-17.34272059999995,79.04856460100007],[-17.341643696999938,79.04940690000006],[-17.340632398999958,79.05025400000005],[-17.339701699999978,79.05110440000004],[-17.338851697999928,79.05195820000006],[-17.338071500999945,79.05281460000003],[-17.33737610099996,79.05367230000007],[-17.336761396999975,79.05453340000008],[-17.33622060099998,79.05539500000003],[-17.335760596999933,79.05626000000007],[-17.33538959799995,79.05712420000003],[-17.33508839999996,79.05799110000004],[-17.33486130199998,79.05885849900005],[-17.334719100999962,79.05972710000003],[-17.33466600199995,79.06059500000003],[-17.33466490099994,79.06099400000005],[-17.333580002999952,79.06160540000008],[-17.33218169999998,79.06243210000008],[-17.330859998999927,79.06326420000005],[-17.329618998999933,79.06409970000004],[-17.328454699999952,79.06494060000006],[-17.327359998999952,79.06578419900006],[-17.32635719999996,79.06663190000006],[-17.325424098999974,79.06748220000003],[-17.32456500199993,79.06833310000007],[-17.323793499999965,79.06919020000004],[-17.32309599799993,79.07004780000005],[-17.322479399999963,79.07090890000006],[-17.321936798999957,79.07177040100004],[-17.321475000999953,79.07263540000008],[-17.32109830099995,79.07350160000004],[-17.32079559999994,79.07436840000008],[-17.32058220099998,79.07523440100005],[-17.320438699999954,79.07610300000005],[-17.320380299999954,79.07697300000007],[-17.32040010199995,79.07784140000007],[-17.32049829999994,79.07870819900006],[-17.32068160299997,79.07957630000004],[-17.32093220099995,79.08044210000008],[-17.321279002999972,79.08131000000003],[-17.321697300999972,79.08217349900008],[-17.321942802999956,79.08261850000008],[-17.32185130099998,79.08318920000005],[-17.32179709999997,79.08405700000003],[-17.321817102999944,79.08492540000003],[-17.321911301999933,79.08579430000003],[-17.32209480199998,79.08666240000008],[-17.322356698999954,79.08752900000007],[-17.322692803999928,79.08839610000007],[-17.32311150199996,79.08925950000008],[-17.323604401999944,79.09012350000006],[-17.324190898999973,79.09098470000004],[-17.324844895999945,79.09184350000004],[-17.325588396999933,79.09270150000003],[-17.32640339699998,79.09355510000006],[-17.32729699799995,79.09440720000003],[-17.327312096999947,79.09442490000004],[-17.327220797999928,79.09456560100006],[-17.326677398999948,79.09542710000005],[-17.326219197999933,79.09628990000004],[-17.325842094999928,79.09715610100005],[-17.32553920099997,79.09802290000005],[-17.325321498999926,79.09889090000007],[-17.325178000999927,79.09975950000006],[-17.32511299999993,79.10062650000003],[-17.32513329899996,79.10149480000007],[-17.32523879799993,79.10236440000006],[-17.32541189999995,79.10323170000004],[-17.325674397999933,79.10409830000003],[-17.32601129699998,79.10496530000006],[-17.32644179999994,79.10582950000008],[-17.326935701999957,79.10669350000006],[-17.327512298999977,79.10755380000006],[-17.328174399999966,79.10841540000007],[-17.328912298999967,79.10927050000004],[-17.329724598999974,79.11012610000006],[-17.33061979799993,79.11097810000007],[-17.330645898999933,79.11099660100007],[-17.330554500999938,79.11113740000008],[-17.330006499999968,79.11200090000006],[-17.329547799999943,79.11286370000005],[-17.329170397999974,79.11372990100006],[-17.328867299999956,79.11459650100005],[-17.328638498999965,79.11546380100003],[-17.32849509899995,79.11633230100006],[-17.328441297999973,79.11720000000008],[-17.328461801999936,79.11806830000006],[-17.328556800999934,79.11893710000004],[-17.328741298999944,79.11980510000006],[-17.32900449999994,79.12067160000004],[-17.329342098999973,79.12153860000006],[-17.329758400999935,79.12240410000004],[-17.330257401999972,79.12326590000004],[-17.33084200199994,79.12412900000004],[-17.331498401999966,79.12498770000008],[-17.332233402999975,79.12584490000006],[-17.33306240099995,79.12669920000008],[-17.33395909999996,79.12755110000006],[-17.333990702999927,79.12757950000008],[-17.333898002999945,79.12770830000005],[-17.333360400999936,79.12857250000008],[-17.332901300999936,79.12943530000007],[-17.332512599999973,79.13030060000006],[-17.332209301999967,79.13116730000007],[-17.33199149999996,79.13203520000008],[-17.33184810199998,79.13290370100003],[-17.331783401999928,79.13377060000005],[-17.331804201999944,79.13463890100007],[-17.331910601999937,79.13550840000005],[-17.332084702999964,79.13637560100005],[-17.332344302999957,79.13724410100008],[-17.332686799999976,79.13810900000004],[-17.333103895999955,79.13897440000005],[-17.333614999999952,79.13983699900007],[-17.334189597999966,79.14069920000009],[-17.334847198999967,79.14155789900008],[-17.33518169799993,79.14194009900007],[-17.33541159999993,79.14221049900004],[-17.33874419899996,79.14595110000005],[-17.34206389899998,79.14969290000005],[-17.34540089799998,79.15343330000007],[-17.348735999999974,79.15717580000006],[-17.352062199999978,79.16091730000005],[-17.35540579999997,79.16465750000003],[-17.358747499999936,79.16839980000003],[-17.362080300999935,79.17214110000003],[-17.365426396999965,79.17588320000004],[-17.367735496999956,79.17845530000005],[-17.36888149799995,79.18026170000007],[-17.374121598999977,79.18849690000008],[-17.37936950099993,79.19673200000005],[-17.38463040299996,79.20496700000007],[-17.38989920299997,79.21320190000006],[-17.39516989899994,79.22143590000007],[-17.40044859799997,79.22966980000007],[-17.402361799999937,79.23265120000008],[-17.407654201999947,79.24088600100004],[-17.412954603999935,79.24912060000008],[-17.418268099999977,79.25735520000006],[-17.423589600999946,79.26558960000006],[-17.428913098999942,79.27382320000004],[-17.434244700999955,79.28205670000006],[-17.43618290099994,79.28504020100007],[-17.44152280199995,79.29327410000008],[-17.446870796999974,79.30150790000005],[-17.45222640299994,79.30974120000008],[-17.45759020199995,79.31797450000005],[-17.46296720199996,79.32620750100006],[-17.468352396999933,79.33444050000008],[-17.47030179899997,79.33742060000003],[-17.475701097999945,79.34565440000006],[-17.48110859999997,79.35388810000006],[-17.486518297999964,79.36212090000004],[-17.491936201999977,79.37035360100003],[-17.49736759999996,79.37858620000003],[-17.50280719999995,79.38681870000005],[-17.504782097999964,79.38980090000007],[-17.51023040299998,79.39803380000006],[-17.515686999999957,79.40626660000004],[-17.521151499999974,79.41449889900008],[-17.52662430099997,79.42273110000008],[-17.532105098999978,79.43096280000003],[-17.537594301999945,79.43919440000008],[-17.53958370199996,79.44217800000007],[-17.545087300999967,79.45041030100003],[-17.550599399999953,79.45864259900003],[-17.55611949699994,79.46687440000005],[-17.561648099999957,79.47510610100005],[-17.56718460099995,79.48333720000005],[-17.57272980199997,79.49156830000004],[-17.574742397999955,79.49454900000006],[-17.580296499999974,79.50278050000009],[-17.58585919799998,79.51101180000006],[-17.59142989999998,79.51924270000006],[-17.597009301999947,79.52747340000008],[-17.602602496999964,79.53570400000007],[-17.608204399999977,79.54393450000003],[-17.610232096999937,79.54691660000003],[-17.61584310199993,79.55514750000003],[-17.621462803999975,79.56337820000005],[-17.627096499999936,79.57160890000006],[-17.632738895999978,79.57983940000008],[-17.63838390199993,79.58806900000008],[-17.64403760099998,79.59629850000005],[-17.646084798999937,79.59927990000006],[-17.651753602999975,79.60751020000004],[-17.657431196999937,79.61574040000005],[-17.663117100999955,79.62397000000004],[-17.66881200199998,79.63219960000004],[-17.674515201999952,79.64042860000006],[-17.680227301999935,79.64865750000007],[-17.685891897999966,79.65680410000004],[-17.691565295999965,79.66495060000005],[-17.69730100399994,79.67317940000004],[-17.70304570199994,79.68140800000003],[-17.701265700999954,79.68179190000006],[-17.69823470299997,79.68246910000005],[-17.69527180299997,79.68315800000005],[-17.69237400299994,79.68385350000005],[-17.689536998999927,79.68455780000005],[-17.68677250099995,79.68527160100007],[-17.68408029899996,79.68599490000008],[-17.681464898999934,79.68672560000005],[-17.678914600999974,79.68746309900007],[-17.676436802999945,79.68821000000008],[-17.67402409999994,79.68896359900003],[-17.671699799999942,79.68972539900005],[-17.669440599999973,79.69049390000004],[-17.66859139899998,79.69079030000006],[-17.665610999999956,79.69131240000007],[-17.662197600999946,79.69192890000005],[-17.65885240199998,79.69255690000006],[-17.655551998999954,79.69319510000008],[-17.652324000999954,79.69384270000006],[-17.64916409899996,79.69450200000006],[-17.646065100999976,79.69517000000008],[-17.643022599999938,79.69584880000008],[-17.640056797999932,79.69653510000006],[-17.637151897999956,79.69723010000007],[-17.63431510099997,79.69793670000007],[-17.631555098999968,79.69865080000005],[-17.62886019599995,79.69937160000006],[-17.62622190099995,79.70010320000006],[-17.623676298999953,79.70084090000006],[-17.62119150099994,79.70158740000005],[-17.618783598999983,79.70234130000006],[-17.61645249999998,79.70310270100003],[-17.61418660199996,79.70387080000006],[-17.613464601999965,79.70412350000004],[-17.610270901999968,79.70468110000007],[-17.606861798999944,79.70529779900005],[-17.60350479799996,79.70592740000006],[-17.60020870099993,79.70656570000006],[-17.596973398999978,79.70721279900005],[-17.59380619999996,79.70787150000007],[-17.590699899999947,79.70853900000003],[-17.587661797999942,79.70921800000008],[-17.58468880099997,79.70990380000006],[-17.58178399999997,79.71060120000004],[-17.578944399999955,79.71130520000008],[-17.576177297999948,79.71201880000007],[-17.57347099699996,79.71274120000004],[-17.570841599999937,79.71347100000008],[-17.56828479799998,79.71421030000005],[-17.565804798999977,79.71495720000007],[-17.563389994999966,79.71571070000005],[-17.56105209699996,79.71647170000006],[-17.55878669899994,79.71724220100003],[-17.558185297999955,79.71744850000005],[-17.55480939599994,79.71803890000007],[-17.551388497999937,79.71865700000006],[-17.548028500999976,79.71928399900008],[-17.54472500099996,79.71992170000004],[-17.541489599999977,79.72057109900004],[-17.538315198999953,79.72122930000006],[-17.535201598999947,79.72189620000006],[-17.53215619799994,79.72257469900006],[-17.529183296999975,79.72326279900005],[-17.526275599999963,79.72395759900007],[-17.523436198999946,79.72466400000008],[-17.520661898999947,79.72537710000006],[-17.51796020499995,79.72609980000004],[-17.515323802999944,79.72682910100008],[-17.512760001999936,79.72756800000008],[-17.510272999999927,79.72831440000004],[-17.507863001999965,79.72906830100004],[-17.505513900999972,79.72983090000008],[-17.503246101999935,79.73059900000004],[-17.501055303999976,79.73137450000007],[-17.498941500999933,79.73215750000008],[-17.496897300999933,79.73294520100006],[-17.49494180099998,79.73374110100008],[-17.49305590399996,79.73454160000006],[-17.491251501999955,79.73534760000007],[-17.48952840399994,79.73615890000008],[-17.487870803999954,79.73697700000008],[-17.486310500999934,79.73779919900005],[-17.486243899999977,79.73783740000005],[-17.48566550499993,79.73811390000003],[-17.484011599999974,79.73892990000007],[-17.48244650099997,79.73975420000005],[-17.48095540399993,79.74058100100007],[-17.479550203999963,79.74141110000005],[-17.478226502999973,79.74224670100006],[-17.476984304999974,79.74308770000005],[-17.475827900999946,79.74393200000003],[-17.474750100999927,79.74477680000007],[-17.473753903999977,79.74562710000004],[-17.47284359899993,79.74648070000006],[-17.472488299999952,79.74684070000006],[-17.470617102999938,79.74744810000004],[-17.46834310099996,79.74821590000005],[-17.466157798999973,79.74899190000008],[-17.46403800099995,79.74977470000005],[-17.461983500999963,79.75056410100007],[-17.46002649999997,79.75135770000009],[-17.45813070199995,79.75216010100007],[-17.456320602999938,79.75296580000008],[-17.454603800999962,79.75377780000008],[-17.452940702999967,79.75459560000007],[-17.451375301999974,79.75541760000004],[-17.44989130099998,79.75624500000004],[-17.448477303999937,79.75707710000006],[-17.44714920299998,79.75791250000003],[-17.445907102999968,79.75875120000006],[-17.444746601999952,79.75959540000008],[-17.443660395999927,79.76044220000006],[-17.44267199899997,79.76129300000008],[-17.441757894999967,79.76214650000009],[-17.44141839899993,79.76247920000003],[-17.439482898999927,79.76310850000004],[-17.43721069999998,79.76387890000007],[-17.435008298999946,79.76465390000004],[-17.432883097999934,79.76543640000006],[-17.430839396999943,79.76622440000006],[-17.428872895999973,79.76701980000007],[-17.426988000999927,79.76782070000007],[-17.42517290199993,79.76862620000009],[-17.42343510099994,79.76943920000008],[-17.421783398999935,79.77025560000004],[-17.420213196999953,79.77107739900003],[-17.41872469799995,79.77190460000008],[-17.417317897999965,79.77273720000005],[-17.41598539599994,79.77357250000006],[-17.414734695999982,79.77441320000008],[-17.41357439799998,79.77525510000004],[-17.412495898999964,79.77610250000004],[-17.41149179799993,79.77695250000005],[-17.410585595999976,79.77780660000008],[-17.410264998999935,79.77811690000004],[-17.40826059799997,79.77877010000003],[-17.405975499999954,79.77953740000004],[-17.40377929999994,79.78031300000004],[-17.401648699999953,79.78109520000004],[-17.39959969699993,79.78188290000008],[-17.397627996999972,79.78267820000008],[-17.39573799699997,79.78347880000007],[-17.393925299999978,79.78428700000006],[-17.392186996999953,79.78509770000005],[-17.390537698999935,79.78591670000003],[-17.388962797999966,79.78673830000008],[-17.387469696999972,79.78756540000006],[-17.386046696999927,79.78839709900006],[-17.384721596999952,79.78923289900007],[-17.38347089699994,79.79007140000004],[-17.38230209699998,79.79091529900006],[-17.381219500999975,79.79176250000006],[-17.380223199999932,79.79261309900005],[-17.379313097999955,79.79346710000004],[-17.37902049799993,79.79375089900003],[-17.376939495999977,79.79442520000003],[-17.37466049799997,79.79519299900005],[-17.372458798999958,79.79596830000008],[-17.37032269699995,79.79675030000004],[-17.368275797999956,79.79754070000007],[-17.36629889699998,79.79833570000005],[-17.36440369899998,79.79913610000006],[-17.362590395999973,79.79994200000004],[-17.360842696999953,79.80075460000006],[-17.35919309899998,79.80157130000003],[-17.357613495999942,79.80239280000006],[-17.35611139899993,79.80322170000005],[-17.354699895999943,79.80405190000005],[-17.353370395999946,79.80488760000003],[-17.35211109499994,79.80572800000004],[-17.350949800999956,79.80657249900008],[-17.34986749799998,79.80741750000004],[-17.348867199999972,79.80826800000006],[-17.347941598999967,79.80912100000006],[-17.347684398999945,79.80938110000005],[-17.345521996999935,79.81007859900006],[-17.343232995999927,79.81084820000007],[-17.341025797999976,79.81162329900008],[-17.338896095999928,79.81240590000004],[-17.336848197999927,79.81319389900005],[-17.33486599899993,79.81398870000004],[-17.332965698999942,79.81478890000005],[-17.331142995999983,79.81559660000005],[-17.32940649799997,79.81640770000007],[-17.327747597999974,79.81722640000004],[-17.32646339599995,79.81788750000004],[-17.325160998999934,79.81827960000004],[-17.322724896999944,79.81903470000003],[-17.32035889699995,79.81979460000008],[-17.318077797999933,79.82056480100005],[-17.315866694999954,79.82133960000004],[-17.31373319499994,79.82212200000004],[-17.31166979799997,79.82290910000006],[-17.30969579999993,79.82370450000008],[-17.30778739999994,79.82450659900007],[-17.305965498999967,79.82531209900003],[-17.30422110099994,79.82612510000007],[-17.30256320099994,79.82694149900004],[-17.300987196999927,79.82776339900005],[-17.29948159999998,79.82859000000008],[-17.29806969799995,79.82942269900008],[-17.296732498999972,79.83025810000004],[-17.296428499999934,79.83045120000008],[-17.293708396999932,79.83117340000007],[-17.291054199999962,79.83190230000008],[-17.288456795999934,79.83264209900005],[-17.285941398999967,79.83338730000008],[-17.283510796999963,79.83414290000007],[-17.28113869599997,79.83490250000006],[-17.278851395999936,79.83567240000008],[-17.276634394999974,79.83644690000006],[-17.274494998999955,79.83722910000006],[-17.272433098999954,79.83801870000008],[-17.27045329699996,79.83881380000008],[-17.268555499999934,79.83961440100006],[-17.266728000999933,79.84041960100006],[-17.26497810199993,79.84123240000008],[-17.263310398999977,79.84205069900008],[-17.261729198999944,79.84287230000007],[-17.260230096999976,79.84369939900006],[-17.258813095999926,79.84453200000007],[-17.257471000999942,79.84536719900007],[-17.257238298999937,79.84551999900003],[-17.257120199999974,79.84555010000008],[-17.254381896999973,79.84627109900003],[-17.25172850399997,79.84700250100008],[-17.24912470299995,79.84774200000004],[-17.24661470099994,79.84848770000008],[-17.244166100999962,79.84924220000005],[-17.24179510199997,79.85000430000008],[-17.239506199999937,79.85077180000008],[-17.23729499999996,79.85154690000007],[-17.235145199999977,79.85233080100005],[-17.233081899999945,79.85311810000007],[-17.231096299999933,79.85391290000007],[-17.229192801999943,79.85471320100004],[-17.22736710099997,79.85552110000003],[-17.225611799999967,79.85633360100007],[-17.22395480299997,79.85715030000006],[-17.22236830199995,79.85797170000006],[-17.220864004999953,79.85879860000006],[-17.219442003999973,79.85963100000004],[-17.21809480299993,79.86046600000003],[-17.217907302999947,79.86059099900007],[-17.21769130499996,79.86064780000004],[-17.214946404999978,79.86136850000008],[-17.212286502999973,79.86209950000006],[-17.209688102999962,79.86283940000004],[-17.207160002999956,79.86358400000006],[-17.20471690399995,79.86433900000003],[-17.20233970099997,79.86510080000005],[-17.200044701999957,79.86586800000003],[-17.197822901999928,79.86664480000007],[-17.195683402999975,79.86742720100005],[-17.19360980299996,79.86821620100005],[-17.19161840299995,79.86901080100006],[-17.189721100999975,79.86981160100004],[-17.187882402999946,79.87061640100006],[-17.186133302999963,79.87142950000003],[-17.184466499999928,79.87224800100006],[-17.182874700999946,79.87306920000003],[-17.18137700099993,79.87389670100004],[-17.179949802999943,79.87472880000007],[-17.178597602999957,79.87556360000008],[-17.17846460399994,79.87565680000006],[-17.17813830399996,79.87573940000004],[-17.17539870099995,79.87646050000006],[-17.172732302999975,79.87719120000008],[-17.17012730199997,79.87793080000006],[-17.16760020099997,79.87867790000007],[-17.165155200999948,79.87943050000007],[-17.16277180299994,79.88019190000006],[-17.160466199999973,79.88096090000005],[-17.158254703999944,79.88173620000003],[-17.156097402999933,79.88251740000004],[-17.154029702999935,79.88330700000006],[-17.15204430299997,79.88410210000006],[-17.15012950099998,79.88490190000005],[-17.148292501999947,79.88570920000006],[-17.146537901999977,79.88652210000004],[-17.14487010199997,79.88733830000007],[-17.143280301999937,79.88816210000005],[-17.141765498999973,79.88898860100005],[-17.14034950299998,79.88981930000006],[-17.139004099999966,79.89065460000006],[-17.138909599999977,79.89071710000007],[-17.138468100999944,79.89082770000005],[-17.135733700999936,79.89154920100003],[-17.13304440299993,79.89228089900007],[-17.130449300999942,79.89301880000005],[-17.12791580399994,79.89376560000005],[-17.125460001999954,79.89451990000003],[-17.123086701999966,79.89527979900004],[-17.120786703999954,79.89604920000005],[-17.118552803999933,79.89682550000003],[-17.11640130099994,79.89760720000004],[-17.114327703999948,79.89839650000005],[-17.11233650199995,79.89919140000006],[-17.110415901999943,79.89999090000003],[-17.10858510099996,79.90079870000005],[-17.10682939999998,79.90160930000008],[-17.105151699999965,79.90242740000008],[-17.103560997999978,79.90324890000005],[-17.10205280399998,79.90407590000007],[-17.10062720299993,79.90490850000003],[-17.09927670099995,79.90574360000005],[-17.09923909899993,79.90576720100006],[-17.098684700999968,79.90591060100007],[-17.09592730099996,79.90663300000006],[-17.093247797999936,79.90736310000005],[-17.09064620099997,79.90810070000003],[-17.088118002999977,79.90884790000007],[-17.087894197999958,79.90891360100005],[-17.08521880099994,79.90972229900007],[-17.061423300999934,79.91689170000006],[-17.03759420199998,79.92405940100008],[-17.013739802999964,79.93122560000006],[-16.98985179899995,79.93839000000008],[-16.987161501999935,79.93919780000004],[-16.963224397999966,79.94636040000006],[-16.93925349699998,79.95352120000007],[-16.915257096999937,79.96068040000006],[-16.89122680099996,79.96783800000003],[-16.888521295999965,79.96864490000007],[-16.864449898999965,79.97579980000006],[-16.840344295999955,79.98295300000007],[-16.816204797999944,79.99010530000004],[-16.792031203999954,79.99725580000006],[-16.789310503999957,79.99806190000004],[-16.765095300999974,80.00520980000005],[-16.740845900999943,80.01235599900008],[-16.716570498999943,80.01950050000005],[-16.692260603999955,80.02664340000007],[-16.68951260199998,80.02744770000004],[-16.66516470299996,80.03458940000007],[-16.640782098999978,80.04172930000004],[-16.61636150299995,80.04886670000008],[-16.591906096999935,80.05600240000007],[-16.589137997999956,80.05680800000005],[-16.564646497999945,80.06394150000006],[-16.540120196999965,80.07107310100008],[-16.515553198999953,80.07820340000006],[-16.49095119599997,80.08533190000009],[-16.488188798999943,80.08613330000009],[-16.46355039799994,80.09325949900006],[-16.43887689899998,80.10038400000008],[-16.414168401999973,80.10750740000003],[-16.38942470199993,80.11462900000004],[-16.38662510299997,80.11543280000006],[-16.36184470099994,80.12255220000003],[-16.33702889999995,80.12966970000008],[-16.312174201999937,80.13678480000004],[-16.287283998999953,80.14389810000006],[-16.284473299999945,80.14469889900005],[-16.259546200999978,80.15180990000005],[-16.23458329799996,80.15891900000008],[-16.20958489999998,80.16602710000006],[-16.184550801999933,80.17313340000004],[-16.18215890299996,80.17381259900003],[-16.157081999999946,80.18091620000007],[-16.13196929999998,80.18801799900007],[-16.106820597999956,80.19511870000008],[-16.081635894999977,80.20221750000007],[-16.081215696999948,80.20233680000007],[-16.078860894999934,80.20301150000006],[-16.076322295999944,80.20376440000007],[-16.07387519799994,80.20452600000004],[-16.071495400999936,80.20529439900008],[-16.06919499999998,80.20607070000005],[-16.066978999999947,80.20685270000007],[-16.06484719599996,80.20764050000008],[-16.062782796999954,80.20843520000005],[-16.060814797999967,80.20923649900004],[-16.05950669899994,80.20978690000004],[-16.058771497999942,80.20999209900003],[-16.056161998999983,80.21073790000008],[-16.05363189999997,80.21149140000006],[-16.051164297999946,80.21225400000003],[-16.048797899999954,80.21302100000008],[-16.046494097999982,80.21379710000008],[-16.044274598999948,80.21457900000007],[-16.042134594999936,80.21536860000003],[-16.040066898999953,80.21616320000004],[-16.03809569999993,80.21696440000005],[-16.03619669899996,80.21777040000006],[-16.034382195999967,80.21858230000004],[-16.03265209799997,80.21939980000008],[-16.031011297999953,80.22022110000006],[-16.029454895999947,80.22104810000008],[-16.029006401999936,80.22129199900007],[-16.026215297999954,80.22195150000005],[-16.023305001999972,80.22266729900008],[-16.020466899999974,80.22338810000008],[-16.01770339899997,80.22411870000008],[-16.015002504999927,80.22485830000005],[-16.01238600499994,80.22560370000008],[-16.009848999999974,80.22635690000004],[-16.00739150299995,80.22711790000005],[-16.005013600999973,80.22788660000003],[-16.002703104999966,80.22866240000008],[-16.000489201999926,80.22944480000007],[-15.998342699999966,80.23023410000008],[-15.996280701999979,80.23102920000008],[-15.994291103999956,80.23182930000007],[-15.992398003999938,80.23263590100004],[-15.990589501999978,80.23344830100007],[-15.988853399999982,80.23426560100006],[-15.98720670199998,80.23508660000005],[-15.985644503999936,80.23591340100006],[-15.985274602999937,80.23611730100004],[-15.982323600999962,80.23681140100007],[-15.979410799999982,80.23752470000005],[-15.976560701999972,80.23824709900003],[-15.973790100999963,80.23897740000007],[-15.971099100999936,80.23971540000008],[-15.968482801999926,80.24046329900006],[-15.965938803999961,80.24121610000003],[-15.96347450199994,80.24197680000003],[-15.961089799999968,80.24274520000006],[-15.958784805999926,80.24352150000004],[-15.956552203999934,80.24430270000005],[-15.954411304999951,80.24509260000008],[-15.952342903999977,80.24588740000007],[-15.950358999999935,80.24668790000004],[-15.948459803999981,80.24749430000008],[-15.946645101999934,80.24830640000005],[-15.944902998999964,80.24912340000003],[-15.943262402999949,80.24994500100007],[-15.941689603999976,80.25077360000006],[-15.941388999999958,80.25094170000006],[-15.941299002999926,80.25096190100004],[-15.938299300999972,80.25166700000005],[-15.935379201999979,80.25238000100006],[-15.932533901999932,80.25310280100007],[-15.929756201999965,80.25383270100008],[-15.927058100999943,80.25457029900008],[-15.924434701999928,80.25531790000008],[-15.921896000999936,80.25607120000006],[-15.91942480199998,80.25683149900004],[-15.917028499999958,80.25760160000004],[-15.914721603999965,80.25837550000006],[-15.912489601999937,80.25915930000008],[-15.910347102999935,80.25994680000008],[-15.908272202999967,80.26074130000006],[-15.90629420099998,80.26154240000005],[-15.904388703999928,80.26234850000003],[-15.90256790199993,80.26316030000004],[-15.900831800999981,80.26397790000004],[-15.899180401999956,80.26480130000004],[-15.897606598999971,80.26562760100006],[-15.897358898999983,80.26576120000004],[-15.897158700999967,80.26580960000007],[-15.894151603999944,80.26651440000006],[-15.891231499999947,80.26722980000005],[-15.88838379799995,80.26795020100008],[-15.885594002999937,80.26868170000006],[-15.882900899999981,80.26941980000004],[-15.880270502999963,80.27016700000007],[-15.877724797999974,80.27091990100007],[-15.875241801999948,80.27168190000003],[-15.87285570399996,80.27245050000005],[-15.87054210499997,80.27322410000005],[-15.86830340299997,80.27400750000004],[-15.86615440199995,80.27479470000003],[-15.864085200999966,80.27558980000003],[-15.862095902999954,80.27639260000007],[-15.860184101999948,80.27719840000003],[-15.858357202999969,80.27801000000005],[-15.856615001999955,80.27882730000005],[-15.85496260399998,80.27964840000004],[-15.853395000999967,80.28047530000003],[-15.853222599999981,80.28057110000003],[-15.852867799999956,80.28065430000004],[-15.849853302999975,80.28135870000006],[-15.846930699999973,80.28207170000007],[-15.844070802999966,80.28279370100006],[-15.843647100999931,80.28290570000007],[-15.842123299999969,80.28320540000004],[-15.838837499999954,80.28387450000008],[-15.835619398999938,80.28455070000007],[-15.83247130199993,80.28523870100008],[-15.829390796999974,80.28593380100006],[-15.826385301999949,80.28663880000005],[-15.823454599999934,80.28735360100006],[-15.820591599999943,80.28807540000008],[-15.817808401999969,80.28880509900006],[-15.815100101999974,80.28954470000008],[-15.812464502999944,80.29028930000004],[-15.80991599899994,80.29104460000008],[-15.807440098999962,80.29180480000008],[-15.805196599999931,80.29252120000007],[-15.804024101999971,80.29270870000005],[-15.80033930299993,80.29331710000008],[-15.796722100999943,80.29393260000006],[-15.793157902999951,80.29456120000003],[-15.789668502999973,80.29519970000007],[-15.786241898999947,80.29584720000008],[-15.782873000999928,80.29650580000003],[-15.779583998999954,80.29717230000006],[-15.776365001999977,80.29785080000005],[-15.773208800999953,80.29853830100006],[-15.770132401999945,80.29923360000004],[-15.767118798999945,80.29993800000005],[-15.764180095999961,80.30065240000005],[-15.761321300999953,80.30137450000007],[-15.758530199999939,80.30210370000003],[-15.755814098999963,80.30284280100005],[-15.753177897999933,80.30358980000005],[-15.750626600999965,80.30434260000004],[-15.748138100999938,80.30510440000006],[-15.746037797999975,80.30577570000008],[-15.744649100999936,80.30599860000007],[-15.740960897999969,80.30660430000006],[-15.737330501999963,80.30722120000007],[-15.733769996999968,80.30785000000003],[-15.730272398999944,80.30848789900006],[-15.726832496999975,80.30913690000006],[-15.723472600999969,80.30979370000006],[-15.72018259999993,80.31046250000009],[-15.716955398999971,80.31114040000006],[-15.713790996999933,80.31182730000006],[-15.710706496999933,80.31252210000008],[-15.707696995999981,80.31322680000005],[-15.704750299999944,80.31394060000008],[-15.70188350099994,80.31466230000007],[-15.699091795999948,80.31539390000006],[-15.696379995999962,80.31613330000005],[-15.693740898999977,80.31687780100003],[-15.691176895999945,80.31763210000008],[-15.688692898999932,80.31839440000005],[-15.686734297999976,80.31901570000008],[-15.685106401999974,80.31927709900003],[-15.681421997999962,80.31988309900004],[-15.677783200999954,80.32049929900006],[-15.674214398999936,80.32112749900006],[-15.67070349599993,80.32176680000003],[-15.667272499999967,80.32241389900008],[-15.663899299999969,80.32307220000007],[-15.660601098999962,80.32374040000008],[-15.657365696999932,80.32441770000008],[-15.654205298999955,80.32510500000006],[-15.651124898999967,80.32580010000004],[-15.64810229699998,80.32650630000006],[-15.645159794999927,80.32722040000004],[-15.642284994999955,80.32794160000003],[-15.639490197999976,80.32867060000007],[-15.63677049699993,80.32940950000005],[-15.634130896999977,80.33015640000008],[-15.631558999999982,80.33091030000008],[-15.629079495999974,80.33167290000006],[-15.627243695999937,80.33225250000004],[-15.625407697999947,80.33254510000006],[-15.621709902999953,80.33315240100006],[-15.618069901999945,80.33377090000005],[-15.614492699999971,80.33439840000005],[-15.610990601999958,80.33503590000004],[-15.607546302999936,80.33568450000007],[-15.604164802999946,80.33634220000005],[-15.60087060199993,80.33701070000006],[-15.597626902999934,80.33768740000005],[-15.594458402999976,80.33837410000007],[-15.59136480099994,80.33907070000004],[-15.588351300999932,80.33977520000008],[-15.585400701999959,80.34048880000006],[-15.582530099999929,80.34121020000003],[-15.579722402999948,80.34194080100008],[-15.577006902999926,80.34268010000005],[-15.574359400999981,80.34342650000008],[-15.571779702999947,80.34417990000009],[-15.569292400999927,80.34494210100007],[-15.566890200999978,80.34571010000008],[-15.564555998999936,80.34648520100006],[-15.562301802999968,80.34726820100008],[-15.560137898999926,80.34805500100003],[-15.558169202999977,80.34880260000006],[-15.557612201999973,80.34896050000003],[-15.555042201999981,80.34971460100007],[-15.552552205999973,80.35047660000004],[-15.550147399999958,80.35124450000006],[-15.54781060099998,80.35201949900005],[-15.545553904999963,80.35280240000003],[-15.54338250099994,80.35359109900008],[-15.541296300999932,80.35438570000008],[-15.539295300999981,80.35518610000008],[-15.53736730099996,80.35599160000004],[-15.535536899999954,80.35680380000008],[-15.533779503999938,80.35762100000005],[-15.53210740299994,80.35844410000004],[-15.530591499999957,80.35923250000008],[-15.529747000999976,80.35942570000003],[-15.52671810299995,80.36013160000005],[-15.52375710299998,80.36084470000003],[-15.520888601999957,80.36156640000007],[-15.518083001999969,80.36229730100007],[-15.515345400999934,80.36303530000004],[-15.512700098999971,80.36378200000007],[-15.510122898999953,80.36453570000003],[-15.507625900999926,80.36529740100008],[-15.505209200999957,80.36606700000004],[-15.502877700999932,80.36684250100006],[-15.50061930399994,80.36762300000004],[-15.498441103999937,80.36841139900008],[-15.496348301999944,80.36920570000007],[-15.494335804999935,80.37000790000008],[-15.49241369999993,80.37081389900004],[-15.490576899999951,80.37162580000006],[-15.488825499999962,80.37244360000005],[-15.487152400999946,80.37326440000004],[-15.485708999999929,80.37401479900007],[-15.484705599999927,80.37424260000006],[-15.481669103999934,80.37494810000004],[-15.478712799999983,80.37566160000006],[-15.47581960399998,80.37638420000007],[-15.47302389899994,80.37711350000006],[-15.47029109999994,80.37785190000005],[-15.467621398999938,80.37859940000004],[-15.46504929899993,80.37935360000006],[-15.46255029799994,80.38011290000009],[-15.460126500999934,80.38088220100008],[-15.457788096999934,80.38165730000003],[-15.45553009899993,80.38244040100005],[-15.453357498999935,80.38322930100009],[-15.451879797999936,80.38378840000007],[-15.412023899999951,80.38806950000009],[-15.370227198999942,80.39254870000008],[-15.328392003999966,80.39702300000005],[-15.305194202999928,80.39949990000008],[-15.263296400999934,80.40396620000007],[-15.221359997999969,80.40842740000005],[-15.179387798999926,80.41288379900004],[-15.137376901999971,80.41733510100005],[-15.11409029899994,80.41979750000007],[-15.072016799999972,80.42424080000006],[-15.02990469699995,80.42867900000005],[-14.987756699999977,80.43311240000008],[-14.945569999999975,80.43754070000006],[-14.922189401999958,80.43999060000004],[-14.87993739899997,80.44441180000007],[-14.837646697999958,80.44882800000005],[-14.795322798999962,80.45323820000004],[-14.752959998999927,80.45764330000003],[-14.72948529799993,80.46008060000008],[-14.687059897999973,80.46447760000007],[-14.644595701999947,80.46886940100006],[-14.602089400999944,80.47325590000008],[-14.559544397999957,80.47763730000008],[-14.53595799599998,80.48006300000003],[-14.493356296999934,80.48443669900007],[-14.450715801999934,80.48880510000004],[-14.40803940099994,80.49316860000005],[-14.36532419799994,80.49752689900004],[-14.341648698999961,80.49993790000008],[-14.298870699999952,80.50428800100008],[-14.25605380299993,80.50863290000007],[-14.21319479799996,80.51297240100007],[-14.170296898999936,80.51730669900007],[-14.146527198999934,80.51970479900007],[-14.103572603999964,80.52403120000008],[-14.06057919799997,80.52835250000004],[-14.017543601999932,80.53266820000005],[-13.974469097999929,80.53697880000004],[-13.950592700999948,80.53936310000006],[-13.907461498999965,80.54366570000008],[-13.864291397999978,80.54796310000006],[-13.821079100999953,80.55225500000006],[-13.777828002999968,80.55654170000008],[-13.753857000999972,80.55891290100004],[-13.710551799999962,80.56319070100005],[-13.66720769799997,80.56746310000005],[-13.623818694999954,80.57173100000006],[-13.580390701999931,80.57599359900007],[-13.576134700999944,80.57641800000005],[-13.571664900999963,80.57688240000004],[-13.567234202999941,80.57735930000007],[-13.562854800999958,80.57784970000006],[-13.558520098999963,80.57835070000004],[-13.554248997999935,80.57886600000006],[-13.550034900999947,80.57939270000008],[-13.545865298999956,80.57993000000005],[-13.541764999999941,80.58047960000005],[-13.537715997999953,80.58104270000007],[-13.536962801999948,80.58114980000005],[-13.52231029799998,80.58323180000008],[-13.507658295999931,80.58531610000006],[-13.492993395999974,80.58739700000007],[-13.478334699999948,80.58947810000006],[-13.463657400999978,80.59155770000007],[-13.448986198999933,80.59363760000008],[-13.434296597999946,80.59571610000006],[-13.419600697999954,80.59779390100005],[-13.404911001999949,80.59987200000006],[-13.390197102999934,80.60195060100006],[-13.38638150199995,80.60249660000005],[-13.382453901999952,80.60308270000007],[-13.378576303999978,80.60367750000006],[-13.374767804999976,80.60428460000008],[-13.371034201999976,80.60490210000006],[-13.367362902999957,80.60552900000005],[-13.363748402999931,80.60616740000006],[-13.360208700999976,80.60681620000008],[-13.356737000999942,80.60747250000009],[-13.353334503999974,80.60814110000007],[-13.350012298999957,80.60881820000003],[-13.346752501999958,80.60950470100005],[-13.34356749999995,80.61020160000004],[-13.340450502999943,80.61090590000003],[-13.337426298999958,80.61161960000004],[-13.334470100999965,80.61234070000006],[-13.331588701999976,80.61307220000003],[-13.328780997999957,80.61380910000008],[-13.32606039999996,80.61455740000008],[-13.323419196999964,80.61530910000005],[-13.320852699999932,80.61607120000008],[-13.318372397999951,80.61683970000007],[-13.315978099999938,80.61761460000008],[-13.313664304999975,80.61839789900006],[-13.311424199999976,80.61918660000003],[-13.309275902999957,80.61997970000004],[-13.307220399999949,80.62078210000004],[-13.30524440299996,80.62158800000003],[-13.303354499999955,80.62240030000004],[-13.301544098999955,80.62321600000007],[-13.299832200999958,80.62403899900005],[-13.298199901999965,80.62486550000006],[-13.296659403999968,80.62569630000007],[-13.295210701999963,80.62653160100007],[-13.293848400999934,80.62737320000008],[-13.292576800999939,80.62821430000008],[-13.291403999999943,80.62906260000005],[-13.290304000999981,80.62991150000005],[-13.289308302999927,80.63076580000006],[-13.28839790099994,80.63162140000009],[-13.287929797999936,80.63209930000005],[-13.28426430199994,80.63598420000005],[-13.276507900999945,80.64418070000005],[-13.268737998999939,80.65237710000008],[-13.26096180099995,80.66057310000008],[-13.253172098999926,80.66876910000008],[-13.249473399999943,80.67265510100003],[-13.241655799999933,80.68085070000006],[-13.233824700999946,80.68904600000008],[-13.225987102999966,80.69724120000006],[-13.218135699999948,80.70543620000007],[-13.214409099999955,80.70932130000006],[-13.206529699999976,80.71751590000008],[-13.198636596999961,80.72571040000008],[-13.190736799999968,80.73390460000007],[-13.182823199999973,80.74209860000008],[-13.17906839799997,80.74598280000004],[-13.171126501999936,80.75417650000009],[-13.163170603999959,80.76237000000003],[-13.155208000999949,80.77056320000008],[-13.147231400999942,80.77875630000005],[-13.143442295999932,80.78264150000007],[-13.13544339699996,80.79083470000006],[-13.127430300999947,80.79902770000007],[-13.119404198999973,80.80721990100005],[-13.11136389799998,80.81541200000004],[-13.10754590199997,80.81929630100007],[-13.099483000999953,80.82748850000007],[-13.09140580099995,80.83568050000008],[-13.083312494999973,80.84387280000004],[-13.075204901999939,80.85206490000007],[-13.071357596999974,80.85594820000006],[-13.06322999699995,80.86413940000006],[-13.055087899999933,80.87233040000007],[-13.046929602999967,80.88052160000007],[-13.038756700999954,80.88871269900005],[-13.034879802999967,80.89259510000005],[-13.02668680399995,80.90078520000003],[-13.018479097999943,80.90897519900005],[-13.010261299999968,80.91716590000004],[-13.00202879699998,80.92535640100004],[-12.998121898999955,80.92923780000007],[-12.98985979899993,80.93742790000005],[-12.981582797999977,80.94561780000004],[-12.973298399999976,80.95380740000007],[-12.96499920399998,80.96199690000003],[-12.959221003999971,80.96769190000003],[-12.950888598999938,80.97588080000008],[-12.942541296999934,80.98406950000003],[-12.938428900999952,80.98478149900006],[-12.904790597999977,80.99060819900006],[-12.871109100999945,80.99643190000006],[-12.837381304999951,81.00225210000008],[-12.803610099999958,81.00806910000006],[-12.769802399999946,81.01388450000007],[-12.735951300999943,81.01969680000008],[-12.702050098999962,81.02550400000007],[-12.668105496999942,81.03130820000007],[-12.63412399899994,81.03711060000006],[-12.600098799999955,81.04290999900007],[-12.566026801999953,81.04870570000008],[-12.53191110399996,81.05449830000003],[-12.497748501999979,81.06028720000006],[-12.46354189799996,81.06607300000007],[-12.429291801999966,81.07185669900008],[-12.394997601999933,81.07763720000008],[-12.360662698999931,81.08341450000006],[-12.326283597999975,81.08918859900007],[-12.324452396999959,81.08949880000006],[-12.32072329999994,81.09014590000004],[-12.31707169699996,81.09080360000007],[-12.31348449799998,81.09147090000005],[-12.309974797999928,81.09214880000007],[-12.30653579999995,81.09283440000007],[-12.303186996999955,81.09353140000007],[-12.299908996999932,81.09423610000005],[-12.296701595999934,81.09494840000008],[-12.293590696999956,81.09567030000005],[-12.29055049699997,81.09639980000009],[-12.287606798999946,81.09713890000006],[-12.284733797999934,81.09788560000004],[-12.281950498999947,81.09863880000006],[-12.27923799499996,81.09939980000007],[-12.276628096999957,81.10016830000006],[-12.274088995999932,81.10094440000006],[-12.271658799999955,81.10172610000006],[-12.269305396999926,81.10251349900005],[-12.267035796999949,81.10330949900003],[-12.264862096999934,81.10411010000007],[-12.262771498999939,81.10491430000008],[-12.260777600999972,81.10572820000004],[-12.258885796999948,81.10654460000006],[-12.257071096999937,81.10736669900007],[-12.255352398999946,81.10819350000008],[-12.253729796999949,81.10902479900005],[-12.252190496999958,81.10985989900007],[-12.250760194999941,81.11070050000006],[-12.24941929399995,81.11154280000005],[-12.24817459899998,81.11238980000007],[-12.24703229399995,81.11323940000005],[-12.245973198999934,81.11409260000005],[-12.245016598999939,81.11494850000008],[-12.244149498999946,81.11580610000004],[-12.24342949499993,81.11661590000006],[-12.241665996999927,81.11726600000003],[-12.239577199999928,81.11807300000004],[-12.237584597999955,81.11888470000008],[-12.23566909799996,81.11970200000007],[-12.233862601999931,81.12052490000008],[-12.232145596999942,81.12134949900008],[-12.230512598999951,81.12218270000005],[-12.228987998999969,81.12301659900004],[-12.227540698999974,81.12385619900004],[-12.22620259699994,81.12470130000008],[-12.224953996999943,81.12554810000006],[-12.223794999999939,81.12639660000008],[-12.22274529899994,81.12725070000005],[-12.221785198999953,81.12810650000006],[-12.220914701999959,81.12896400000005],[-12.220159701999933,81.12982510000006],[-12.219487696999977,81.13068500000008],[-12.219115897999927,81.13123690000003],[-12.217758596999943,81.13169210000007],[-12.21549039699994,81.13248870000007],[-12.213305397999932,81.13328890000008],[-12.211216799999931,81.13409370000005],[-12.209212096999977,81.13490710100007],[-12.207309798999972,81.13572320000003],[-12.205484794999961,81.13654500000007],[-12.203769097999952,81.13737240000006],[-12.202136898999981,81.13820340000007],[-12.20060099899996,81.13903909900006],[-12.199161500999935,81.13987950000006],[-12.197811701999967,81.14072150000004],[-12.196571401999961,81.14156909900004],[-12.195407797999962,81.14241750000008],[-12.194481199999927,81.14316349900008],[-12.192750198999931,81.14352290000005],[-12.18945909799993,81.14422750000006],[-12.18863499799994,81.14440660000008],[-12.188584396999943,81.14441270000003],[-12.18403829999994,81.14492740000009],[-12.179557000999978,81.14545170000008],[-12.175122000999977,81.14599170000008],[-12.170764796999947,81.14654220000006],[-12.166459300999975,81.14710140000005],[-12.162219297999968,81.14767520000004],[-12.158056895999948,81.14825960000007],[-12.153940194999961,81.14885460000005],[-12.14989510099997,81.14946220000007],[-12.14593379799993,81.15007850000006],[-12.142031096999972,81.15070630000008],[-12.13819329699993,81.15134390000003],[-12.134433094999963,81.15199200000006],[-12.130756793999979,81.15264870000004],[-12.127139094999961,81.15331710000004],[-12.123618300999965,81.15399499900008],[-12.12014929999998,81.15468170000008],[-12.116777197999966,81.15537789900003],[-12.113476097999978,81.15608179900005],[-12.112919001999956,81.15620470000005],[-12.11250709999996,81.15625019900006],[-12.107950998999968,81.15676399900008],[-12.103466397999966,81.15729039900003],[-12.099021297999968,81.15782950000005],[-12.094653995999977,81.15837910000005],[-12.090345197999966,81.15894040000006],[-12.086094998999954,81.15951330000007],[-12.081922497999926,81.16009690000004],[-12.077808704999939,81.16069200000004],[-12.073766299999932,81.16129980000005],[-12.069788699999947,81.16191720000006],[-12.065875903999938,81.16254430000004],[-12.062040801999956,81.16318200000006],[-12.058283501999938,81.16383030000003],[-12.054590897999958,81.16448830000007],[-12.05098229999993,81.16515490000006],[-12.04743839899993,81.16583110000005],[-12.043972303999965,81.16651800000005],[-12.040590202999965,81.16721360000008],[-12.037285804999954,81.16791970000008],[-12.036952802999963,81.16799059900006],[-12.036216201999935,81.16807340000008],[-12.03166300199996,81.16858730000007],[-12.027168401999973,81.16911270000008],[-12.022726102999968,81.16965189900003],[-12.018348599999968,81.17020060000004],[-12.014036501999954,81.17076400000008],[-12.009776202999944,81.17133610000008],[-12.005593602999966,81.17191880000007],[-12.001476301999958,81.17251600000003],[-11.997429902999954,81.17312100000004],[-11.993442203999962,81.17373760000004],[-11.989532200999975,81.17436490100005],[-11.985693700999946,81.17500470000004],[-11.98192619799994,81.17565230000008],[-11.978236400999947,81.17631040000003],[-11.974611397999979,81.17697830000003],[-11.971070399999974,81.17765480000008],[-11.967607199999975,81.17834190000008],[-11.964215000999957,81.17903670000004],[-11.960900598999956,81.17974220000008],[-11.960799797999925,81.17976420000008],[-11.959730302999958,81.17988110000005],[-11.955173798999965,81.18039700000008],[-11.950669097999935,81.18092160000003],[-11.946216695999965,81.18145980000008],[-11.941835900999934,81.18201070000003],[-11.93751980099995,81.18257120000004],[-11.933255998999925,81.18314530000004],[-11.929076201999976,81.18372809900006],[-11.924948700999948,81.18432460000008],[-11.920886003999954,81.18493070000005],[-11.91690099799996,81.18554750000004],[-11.91299369799998,81.18617490000008],[-11.909145000999956,81.18681390000006],[-11.90803540099995,81.18699890000005],[-11.907819500999949,81.18703200000004],[-11.903695395999932,81.18762620000007],[-11.899629896999954,81.18823210000005],[-11.895641996999927,81.18884870000005],[-11.891725699999938,81.18947780000008],[-11.887880397999936,81.19011470000004],[-11.884112899999934,81.19076220000005],[-11.880403797999975,81.19142140000008],[-11.876778798999965,81.19208930000008],[-11.873237898999946,81.19276580000007],[-11.869761696999944,81.19345200000004],[-11.866363296999964,81.19414890000007],[-11.863055197999927,81.19485250000008],[-11.862435595999955,81.19498800000008],[-11.86209719599998,81.19502420100008],[-11.857527796999932,81.19553890000003],[-11.853003798999964,81.19606429900006],[-11.848564396999961,81.19660329900006],[-11.844170497999926,81.19715310000004],[-11.839835199999982,81.19771439900006],[-11.835571302999938,81.19828849900006],[-11.83137219799994,81.19887219900005],[-11.827250899999967,81.19946650000009],[-11.823181796999961,81.20007449900004],[-11.819183696999971,81.20069030000008],[-11.815263396999967,81.20131669900007],[-11.811414598999932,81.20195570000004],[-11.807630595999967,81.20260450000006],[-11.80393059499994,81.20326190000003],[-11.800295396999957,81.20392900000007],[-11.796738004999952,81.20460680000008],[-11.793264699999952,81.20529330000005],[-11.789875398999982,81.20598840100007],[-11.78655090199993,81.20669330000004],[-11.786157602999936,81.20677690100007],[-11.785492303999945,81.20685020000008],[-11.78091269999993,81.20736400000004],[-11.776404599999978,81.20789040000005],[-11.771941997999932,81.20842760000005],[-11.76754460199993,81.20897940000003],[-11.763212001999932,81.20954080000007],[-11.758937904999982,81.21011400000003],[-11.754741603999946,81.21069780000005],[-11.750603702999967,81.21129330000008],[-11.746530604999975,81.21189850000007],[-11.742529003999948,81.21251640000008],[-11.738611502999959,81.21314300000006],[-11.73475240099998,81.21378120000008],[-11.730958101999931,81.21442920000004],[-11.727260899999976,81.21508680000005],[-11.723609200999931,81.21575520000005],[-11.720060901999943,81.21643120000005],[-11.716571001999966,81.21711900000008],[-11.713171600999942,81.21781350000003],[-11.70984999999996,81.21851860000004],[-11.709710002999941,81.21854750000006],[-11.708684397999946,81.21866270000004],[-11.704094702999953,81.21917550000006],[-11.699576398999966,81.21970110000007],[-11.695110298999964,81.22024030000006],[-11.690709001999949,81.22078920000007],[-11.686372800999948,81.22135270000007],[-11.682088401999977,81.22192500000006],[-11.67788179799993,81.22250800000006],[-11.673746699999981,81.22310360000006],[-11.66966999999994,81.22371100000004],[-11.665664400999958,81.22432599900003],[-11.661730300999977,81.22495380000004],[-11.657873897999934,81.22559220000005],[-11.65408229999997,81.22624039900006],[-11.650355499999932,81.22689830000007],[-11.646725897999943,81.22756580000004],[-11.643161001999943,81.22824310000004],[-11.639680299999952,81.22892920000004],[-11.636264396999934,81.22962490000003],[-11.633034700999929,81.23030750000004],[-11.631672700999957,81.23045660000008],[-11.627079401999936,81.23097150000007],[-11.62254459999997,81.23149810000007],[-11.618087598999978,81.23203540000003],[-11.613669696999978,81.23258540000006],[-11.609323201999928,81.23314800000009],[-11.605041495999956,81.23372040000004],[-11.600831300999971,81.23430550000006],[-11.596685898999965,81.23490030000005],[-11.592605197999944,81.23550480000006],[-11.58859599699997,81.23612210100003],[-11.584651497999971,81.23674900000003],[-11.580778495999937,81.23738860000003],[-11.576989701999935,81.23803699900003],[-11.57327190199993,81.23869310000003],[-11.569625696999935,81.23936190000006],[-11.566063497999949,81.24003940000006],[-11.562572600999943,81.24072469900005],[-11.559159499999964,81.24142080000007],[-11.556195399999979,81.24204709900005],[-11.554443897999931,81.24223579900007],[-11.549853394999957,81.24275080000007],[-11.545321294999951,81.24327740000007],[-11.540834698999959,81.24381480000005],[-11.536419500999955,81.24436490000005],[-11.532075795999958,81.24492770000006],[-11.527783795999937,81.24549920000004],[-11.52356319699993,81.24608340000003],[-11.519420497999931,81.24667840000006],[-11.515336102999981,81.24728500000003],[-11.511316601999965,81.24790140000005],[-11.507368399999962,81.24853050000007],[-11.503491402999941,81.24916740100008],[-11.49969219999997,81.24981500100006],[-11.495970800999942,81.25047330000007],[-11.492314300999965,81.25114130000009],[-11.488741905999973,81.25181810000004],[-11.485253700999976,81.25250370000003],[-11.481843304999927,81.25320000000005],[-11.479094802999953,81.25377610000004],[-11.47702340199993,81.25400230000008],[-11.47242270399994,81.25451640000006],[-11.46788040399997,81.25504210000008],[-11.463390102999938,81.25558160000008],[-11.458977602999937,81.25613170000008],[-11.454610498999955,81.25669260000006],[-11.450321201999941,81.25726430000003],[-11.44610339899998,81.25784860000005],[-11.44194390299998,81.25844470000004],[-11.437849098999948,81.25905050000006],[-11.433832199999927,81.25966710000006],[-11.429873701999952,81.26029530000005],[-11.425999399999966,81.26093240000006],[-11.422196399999962,81.26158210000006],[-11.418464701999937,81.26223970100006],[-11.41481719899997,81.26290600000004],[-11.411228096999935,81.26358400000004],[-11.407723198999975,81.26427090100003],[-11.404302596999969,81.26496640100004],[-11.401854998999966,81.26548160100003],[-11.399384496999971,81.26574920100006],[-11.394786603999933,81.26626320000008],[-11.390227602999971,81.26679000000007],[-11.38574639999996,81.26732760000004],[-11.38131720299998,81.26787880000006],[-11.376952800999959,81.26843980000007],[-11.372659699999929,81.26901350000009],[-11.368418498999972,81.26959600000004],[-11.364261601999942,81.27019220000005],[-11.360169500999973,81.27079820000006],[-11.356135800999937,81.27141590000008],[-11.352186299999971,81.27204240000003],[-11.34829519799996,81.27268060000006],[-11.344488295999952,81.27332760000007],[-11.340759198999933,81.27398540000007],[-11.337094898999965,81.27465290000004],[-11.333508499999937,81.27533120100009],[-11.33000629999998,81.27601830000003],[-11.326575396999942,81.27671310000005],[-11.324359400999981,81.27717930000006],[-11.321539899999948,81.27748210000004],[-11.316925296999955,81.27799720000007],[-11.312375395999936,81.27852210000003],[-11.307877496999936,81.27906070000006],[-11.303450897999937,81.27961200000004],[-11.299089202999937,81.28017310000007],[-11.294785697999941,81.28074600000008],[-11.290540599999929,81.28133059900006],[-11.286373400999935,81.28192590000003],[-11.282270898999968,81.28253109900004],[-11.278239698999926,81.28314890000007],[-11.27427339999997,81.28377660000007],[-11.270391299999972,81.28441300000003],[-11.266567595999959,81.28506120000003],[-11.262841096999978,81.28571920000007],[-11.259166496999967,81.28638600000005],[-11.255582697999955,81.28706450000004],[-11.252070094999965,81.28775080000008],[-11.24864189799996,81.28844600000008],[-11.245291498999961,81.28915190000004],[-11.242018898999959,81.28986370000007],[-11.238837200999967,81.29058720000006],[-11.235733297999957,81.29131660000007],[-11.23271369899993,81.29205480000007],[-11.229778494999948,81.29280180000006],[-11.226921094999966,81.29355460000005],[-11.224167694999949,81.29431530000005],[-11.221485597999958,81.29508380000004],[-11.218907497999965,81.29586020000005],[-11.21641369799994,81.29664039900007],[-11.215286695999964,81.29700380000008],[-11.199707994999926,81.30209230000008],[-11.184124997999959,81.30718110000004],[-11.168511500999955,81.31226810000004],[-11.15289359999997,81.31735540000005],[-11.137238694999951,81.32244290000006],[-11.121585896999932,81.32752870000007],[-11.105902398999945,81.33261280000005],[-11.090194897999936,81.33769820000003],[-11.074476296999933,81.34278080000007],[-11.058746696999947,81.34786570000006],[-11.057083001999956,81.34841099900007],[-11.054750999999953,81.34920680000005],[-11.052503797999975,81.35000649900007],[-11.050367600999948,81.35081210000004],[-11.048322797999958,81.35162459900005],[-11.046362897999927,81.35244109900003],[-11.04450110099998,81.35326240000006],[-11.042730597999935,81.35409060000006],[-11.041064798999969,81.35492180000006],[-11.039483996999934,81.35575690000007],[-11.038007800999935,81.35659500000008],[-11.036623199999951,81.35743990000003],[-11.035349895999957,81.35828590000006],[-11.034161595999933,81.35913580000005],[-11.03307809699993,81.35998860000007],[-11.032099398999947,81.36084440100007],[-11.031212399999959,81.36170210000006],[-11.030417094999962,81.36256180000004],[-11.029726694999965,81.36342450100005],[-11.029147799999976,81.36428820000003],[-11.028660697999953,81.36515380000003],[-11.028265403999967,81.36602140000008],[-11.027988204999929,81.36688800000007],[-11.027803001999928,81.36775660000006],[-11.02771619999993,81.36862520000005],[-11.027734600999963,81.36949180000005],[-11.02785800099997,81.37036140000004],[-11.02807340299995,81.37122800000003],[-11.02840060099993,81.37209560000008],[-11.028813303999925,81.37296220000007],[-11.029331299999967,81.37382690000004],[-11.029954502999942,81.37468960000007],[-11.030682898999942,81.37555030000004],[-11.031510197999978,81.37641090000005],[-11.032429602999969,81.37726870000006],[-11.033460998999942,81.37812250000007],[-11.034578103999934,81.37897530000004],[-11.035794101999954,81.37982310000007],[-11.037115503999928,81.38066900000007],[-11.03853579899993,81.38151000100004],[-11.040061700999956,81.38234900000003],[-11.041673299999957,81.38318200000003],[-11.043390599999952,81.38401310100005],[-11.045193597999969,81.38483820000005],[-11.04709579699994,81.38565840000007],[-11.049103496999976,81.38647170000007],[-11.051203800999929,81.38728199900004],[-11.053390000999968,81.38808640000008],[-11.055662196999947,81.38888480000008],[-11.058040098999982,81.38967640000004],[-11.060517201999971,81.39046290000005],[-11.063073699999961,81.39124060000006],[-11.065729399999952,81.39201340000005],[-11.068477797999947,81.39277819900008],[-11.071298996999928,81.39353610000006],[-11.07422609699995,81.39428700000008],[-11.077232699999968,81.39502910000004],[-11.080325401999971,81.39576520000008],[-11.083504200999926,81.39649040000006],[-11.08676920299996,81.39720970000008],[-11.090120303999981,81.39791810000008],[-11.093550902999937,81.39861760000008],[-11.09706780199997,81.39931110000003],[-11.100657501999933,81.39999270000004],[-11.104333502999964,81.40066350000006],[-11.108082502999935,81.40132730000005],[-11.111917601999949,81.40198020000008],[-11.115020302999937,81.40249230000006],[-11.136365496999929,81.40596860000005],[-11.15774689899996,81.40944270000006],[-11.17913159799997,81.41291460000008],[-11.20053950099998,81.41638830100004],[-11.221957195999948,81.41985790000007],[-11.243398099999979,81.42332919900008],[-11.26486209999996,81.42679730000003],[-11.273512197999935,81.42819610000004],[-11.273799802999974,81.42858130000008],[-11.274522902999934,81.42944130000006],[-11.27534540199997,81.43030130000005],[-11.276273801999935,81.43115930000005],[-11.277314700999966,81.43201320000009],[-11.27844179999994,81.43286620000003],[-11.279668301999948,81.43371410000003],[-11.281000700999925,81.43455990000007],[-11.282426000999976,81.43540280000008],[-11.283950703999949,81.43624060000008],[-11.285574802999975,81.43707350000005],[-11.287291796999966,81.43790329900008],[-11.289121498999975,81.43872910000005],[-11.291037499999959,81.43954900000006],[-11.29305299899994,81.44036380000006],[-11.295154794999974,81.44117270000004],[-11.297369395999965,81.44197750000006],[-11.297958196999957,81.44218800000004],[-11.298344596999982,81.44296640000005],[-11.298872698999958,81.44383140100007],[-11.29950680099995,81.44469440000006],[-11.300227097999937,81.44555630000008],[-11.301053600999978,81.44641620000004],[-11.301986098999976,81.44727400000005],[-11.30301809599996,81.44812690000003],[-11.304149595999945,81.44897970100004],[-11.305394001999957,81.44982839900007],[-11.306711401999962,81.45067510000007],[-11.30814819699998,81.45151580000004],[-11.309678101999964,81.45235349900008],[-11.31130090199997,81.45318820000006],[-11.313023402999931,81.45401790000005],[-11.314858802999936,81.45484350000004],[-11.316780499999936,81.45566320000006],[-11.31878870099996,81.45647680000008],[-11.320903302999966,81.45728840000004],[-11.323110904999965,81.45809210000004],[-11.32376160399997,81.45831930000008],[-11.32414380199998,81.45907990000006],[-11.324655399999926,81.45994580000007],[-11.325293203999934,81.46080860000006],[-11.326017302999958,81.46167050100007],[-11.326847701999952,81.46253020000006],[-11.32778430299993,81.46338790000004],[-11.328820600999961,81.46424060000004],[-11.329956702999937,81.46509330000004],[-11.331185794999953,81.46594290000007],[-11.332514595999953,81.46678750000007],[-11.333949897999958,81.46763000000004],[-11.335484896999958,81.46846760000005],[-11.337113096999929,81.46930210100004],[-11.338840996999977,81.47013160000006],[-11.340668797999967,81.47095600100005],[-11.342596396999966,81.47177550000004],[-11.344617295999967,81.47259190100004],[-11.346731295999973,81.47340040000006],[-11.348938601999976,81.47420580000005],[-11.349665001999938,81.47445560000006],[-11.350022598999942,81.47518950000006],[-11.350557598999956,81.47605429900005],[-11.351179098999978,81.47691810000003],[-11.351913601999968,81.47777780000007],[-11.352747901999976,81.47863740000008],[-11.353682198999934,81.47949700000004],[-11.354716201999963,81.48035160000006],[-11.355850101999977,81.48120110000008],[-11.357083899999964,81.48205060000004],[-11.358430900999963,81.48289600000004],[-11.359857898999962,81.48373740000005],[-11.361391503999926,81.48457680000007],[-11.363024997999958,81.48541110000008],[-11.364758503999951,81.48624040000004],[-11.366591899999946,81.48706470000008],[-11.368518801999926,81.48788600000006],[-11.370552299999929,81.48870030000006],[-11.372665900999948,81.48951050000005],[-11.37488609999997,81.49031380000008],[-11.375655302999974,81.49058610000003],[-11.376021603999959,81.49129820000007],[-11.376546703999963,81.49216190100003],[-11.377171793999935,81.49302560000007],[-11.37790349599993,81.49388720000007],[-11.37874189699994,81.49474670100005],[-11.379686997999954,81.49560420100005],[-11.38071879499995,81.49646060000003],[-11.381850500999974,81.49731200000008],[-11.383095699999956,81.49815929900006],[-11.38442760299995,81.49900559900004],[-11.385873001999926,81.49984780000005],[-11.387398402999963,81.50068610000005],[-11.389043897999954,81.50151830000004],[-11.390776401999972,81.50234939900008],[-11.392615597999963,81.50317350000006],[-11.394548301999976,81.50399460000006],[-11.396567896999954,81.50480970000007],[-11.398694297999953,81.50561770000007],[-11.400914302999979,81.50642280000005],[-11.401753199999973,81.50671470000003],[-11.402101203999962,81.50740310000003],[-11.402623198999947,81.50826870000003],[-11.403265300999976,81.50913320000006],[-11.40398750099996,81.50999370000005],[-11.40482990199996,81.51085320100003],[-11.405765799999926,81.51170950000005],[-11.40680200099996,81.51256580000006],[-11.407951698999966,81.51341800000006],[-11.409181600999943,81.51426620000007],[-11.410525001999929,81.51511040000008],[-11.411975499999926,81.51595250000008],[-11.413506101999928,81.51679050000007],[-11.41515050299995,81.51762450000007],[-11.41688850199995,81.51845550100006],[-11.41873340099994,81.51927940000007],[-11.420658701999969,81.52009930000008],[-11.422697694999954,81.52091520000005],[-11.42482369499993,81.52172510000008],[-11.42705009599996,81.52252990000005],[-11.427939100999936,81.52284230000004],[-11.428275500999973,81.52350999900005],[-11.428820997999935,81.52437450000008],[-11.429453398999954,81.52523800000006],[-11.430179495999937,81.52609840000008],[-11.431019300999935,81.52695960000005],[-11.431959498999959,81.52781589900007],[-11.432999999999936,81.52867200000009],[-11.434140898999942,81.52952310000006],[-11.435388897999928,81.53037220000004],[-11.43673070099993,81.53121820000007],[-11.43817280199994,81.53205910000008],[-11.439722202999974,81.53289800000005],[-11.441358598999955,81.53373080000006],[-11.443102200999931,81.53456160000007],[-11.44493949599996,81.53538440000005],[-11.446884101999956,81.53620510000007],[-11.448915802999977,81.53701980000005],[-11.451048001999936,81.53782950000004],[-11.453280898999935,81.53863410000008],[-11.455600797999978,81.53943270000008],[-11.458028000999946,81.54022430100008],[-11.460535798999956,81.54101180000004],[-11.463144102999934,81.54178940100007],[-11.465839502999927,81.54256100100008],[-11.468635699999936,81.54332750100008],[-11.47151230399993,81.54408500100004],[-11.474482702999978,81.54483450100008],[-11.477540501999954,81.54557800100008],[-11.480692192999982,81.54631350000005],[-11.483924392999938,81.54704000000004],[-11.48725049799998,81.54775850000004],[-11.490663801999972,81.54846610000004],[-11.494150899999966,81.54916660000004],[-11.497718600999974,81.54985820000007],[-11.501380300999926,81.55054170000005],[-11.505115601999933,81.55121330000003],[-11.50893149899997,81.55187589900004],[-11.512827998999967,81.55252949900006],[-11.516811599999926,81.55317209900005],[-11.520848800999943,81.55380380000008],[-11.524986700999932,81.55442549900005],[-11.52917820099998,81.55503619900009],[-11.533450297999934,81.55563800000004],[-11.537802701999965,81.55622580000005],[-11.542202102999966,81.55680460000008],[-11.546695304999957,81.55737040000008],[-11.551242100999957,81.55792530000008],[-11.555862500999979,81.55846830000007],[-11.560536601999956,81.55900030000004],[-11.565270901999952,81.55951930000003],[-11.570085405999976,81.56002440000003],[-11.574946896999961,81.56052049900006],[-11.57915290099993,81.56093270000008],[-11.57949199999996,81.56099139900005],[-11.583311097999967,81.56165519900009],[-11.587217399999929,81.56230810000005],[-11.591190695999956,81.56295100000006],[-11.595251197999971,81.56358290000009],[-11.599378799999954,81.56420479900004],[-11.603580097999952,81.56481480000008],[-11.60786200299998,81.56541570000007],[-11.612210901999958,81.56600660000004],[-11.616626699999927,81.56658260000006],[-11.621122998999965,81.56714960000005],[-11.625672899999927,81.56770570000003],[-11.630289500999936,81.56824680000005],[-11.634973199999934,81.56877790000004],[-11.63972400299997,81.56929900000006],[-11.64452800099997,81.56980420000008],[-11.649399097999947,81.57029940000007],[-11.65433689899993,81.57077970000006],[-11.65931470399994,81.57124810000005],[-11.659389104999946,81.57125580000007],[-11.659722603999967,81.57131640000006],[-11.66347220199998,81.57198850000003],[-11.66730230199994,81.57265150000006],[-11.67119949499994,81.57330460000009],[-11.675183897999943,81.57394660000006],[-11.679248895999933,81.57457959900006],[-11.683380995999926,81.57520259900008],[-11.68758670099993,81.57581370000008],[-11.691879596999968,81.57641370000005],[-11.696226097999954,81.57700270000004],[-11.700646196999969,81.57757980000008],[-11.705146897999953,81.57814780000007],[-11.709707796999965,81.57870290000005],[-11.714328698999964,81.57924500000007],[-11.719023298999957,81.57977520000009],[-11.723771498999952,81.58029430000005],[-11.728593198999931,81.58080150000006],[-11.733475100999954,81.58129570100004],[-11.738396901999977,81.58177790000008],[-11.743398900999978,81.58224620000004],[-11.743886799999927,81.58229060000008],[-11.74391430199995,81.58229750000004],[-11.74766139899998,81.58296780000006],[-11.751496001999953,81.58363200100007],[-11.755404298999963,81.58428420000007],[-11.75939319899993,81.58492740100007],[-11.763469301999976,81.58555950000004],[-11.767612502999953,81.58618170100004],[-11.771822695999958,81.58679380000007],[-11.776106493999976,81.58739390000005],[-11.78046399699997,81.58798210000003],[-11.784902098999964,81.58856110000005],[-11.789400298999965,81.58912730000003],[-11.79395859999994,81.58968040000008],[-11.798597498999982,81.59022450000003],[-11.803296399999965,81.59075560000008],[-11.808048896999935,81.59127580000006],[-11.812867898999968,81.59178090000006],[-11.817754001999958,81.59227610000005],[-11.822700097999927,81.59275820100004],[-11.827692699999943,81.59322650100006],[-11.828595800999949,81.59330750100008],[-11.832073600999934,81.59393020000005],[-11.835905900999933,81.59459270100007],[-11.839832298999966,81.59524700000009],[-11.843818704999933,81.59588839900005],[-11.847899305999931,81.59652160000007],[-11.852033503999962,81.59714390000005],[-11.856254803999946,81.59775509900004],[-11.860549704999926,81.59835440000006],[-11.864925304999929,81.59894450000007],[-11.869354294999937,81.59952370000008],[-11.873863594999932,81.60008880000004],[-11.878426199999979,81.60064300000005],[-11.883069596999974,81.60118809900007],[-11.88776589899993,81.60171730000008],[-11.89254280199998,81.60223740000004],[-11.897366098999953,81.60274349900004],[-11.902249401999939,81.60323670000008],[-11.907199798999955,81.60371979900003],[-11.91220299899993,81.60418700000008],[-11.91355079899995,81.60431120000004],[-11.916716002999976,81.60487380000006],[-11.920552800999928,81.60553740000006],[-11.92447679999998,81.60618989900007],[-11.928467803999979,81.60683240000003],[-11.932546001999981,81.60746380000006],[-11.936704901999974,81.60808620000006],[-11.940930804999937,81.60869850000006],[-11.945230300999981,81.60929880000003],[-11.949603400999933,81.60988710000004],[-11.954043501999934,81.61046530000004],[-11.95855720399993,81.61103150100007],[-11.963124400999959,81.61158670000003],[-11.96776510099994,81.61212980000005],[-11.972479397999962,81.61266100000006],[-11.977253596999958,81.61317909900004],[-11.982081299999948,81.61368619900009],[-11.986982500999943,81.61418130000004],[-11.991930000999957,81.61466240000004],[-11.996951097999954,81.61513150000007],[-11.998703998999929,81.61529089900006],[-12.001555301999929,81.61579840000007],[-12.00540329699993,81.61646120000006],[-12.00933189899996,81.61711490000005],[-12.013334099999952,81.61775650000004],[-12.017416898999954,81.61838910000006],[-12.021566800999949,81.61901160000008],[-12.02580379799997,81.61962300000005],[-12.030114396999977,81.62022240000005],[-12.034492099999966,81.62081170000005],[-12.038936802999956,81.62139090000005],[-12.04344800299998,81.62195520000006],[-12.04803329899994,81.62251240000006],[-12.052685001999976,81.62305460100004],[-12.057390101999943,81.62358570000004],[-12.062168803999953,81.62410480000005],[-12.067021001999933,81.62461190000005],[-12.071919396999931,81.62510500000008],[-12.076871293999943,81.62558700000005],[-12.081903095999962,81.62605510000003],[-12.08406999999994,81.62625250000008],[-12.086619096999982,81.62670600000007],[-12.090464599999962,81.62736700000005],[-12.094397897999954,81.62802180000006],[-12.098411296999927,81.62866260000004],[-12.102498798999932,81.62929630100007],[-12.106659898999965,81.62991790000007],[-12.110887896999941,81.63052940000006],[-12.11520319799996,81.63112990000008],[-12.119592001999933,81.63171830000005],[-12.124034201999962,81.63229560000008],[-12.128563502999953,81.63286190000008],[-12.133146299999964,81.63341710000003],[-12.137802501999943,81.63396030000007],[-12.14253229999997,81.63449140000006],[-12.147315401999947,81.63501150000008],[-12.152158401999941,81.63551860100006],[-12.157067702999939,81.63601060100007],[-12.162037503999954,81.63649460000005],[-12.167060001999971,81.63696260000006],[-12.169683599999928,81.63720070000005],[-12.171907295999972,81.63759150000004],[-12.175757498999928,81.63825370000006],[-12.179702099999929,81.63890760000004],[-12.183713593999926,81.63955150000004],[-12.187798699999973,81.64018340000007],[-12.191970994999963,81.64080410000008],[-12.196223896999982,81.64141570000004],[-12.200530197999967,81.64201630000008],[-12.204923698999949,81.64260570000005],[-12.209370500999967,81.64318410000004],[-12.21391099799996,81.64374940100004],[-12.218498301999944,81.64430570000007],[-12.22316559899997,81.64484789900007],[-12.227886200999933,81.64537900000005],[-12.23268040299996,81.64589809900008],[-12.237534298999947,81.64640410000004],[-12.242441499999927,81.64689910000004],[-12.247428703999958,81.64738000000006],[-12.252455400999963,81.64784900000006],[-12.255510400999981,81.64812570000004],[-12.25741450399994,81.64846180000006],[-12.261283204999927,81.64912610000005],[-12.265225303999955,81.64977820000007],[-12.269234406999942,81.65042030000006],[-12.27334439799995,81.65105229900007],[-12.277514896999946,81.65167610000003],[-12.281765395999969,81.65228579900008],[-12.286082896999972,81.65288540000006],[-12.290481100999955,81.65347590000005],[-12.294938997999964,81.65405340000007],[-12.299470498999938,81.65461880000004],[-12.304068900999937,81.65517410000007],[-12.30874089699995,81.65571730000005],[-12.313486298999976,81.65624840000004],[-12.318271200999959,81.65676750000006],[-12.323129599999959,81.65727449900004],[-12.328047698999967,81.65776840000007],[-12.333039301999975,81.65825030000008],[-12.338070400999982,81.65872010000004],[-12.341943298999979,81.65906650000005],[-12.34200610199997,81.65907809900006],[-12.345952203999957,81.65973150000008],[-12.349985604999972,81.66037370000004],[-12.354079398999943,81.66100780000005],[-12.358266899999933,81.66162880000007],[-12.362521301999948,81.66223970000004],[-12.366842800999962,81.66284050000007],[-12.371237702999963,81.66342910000003],[-12.375699594999958,81.66400770000007],[-12.380248596999934,81.66457510000004],[-12.384857497999974,81.66512950000003],[-12.389526000999979,81.66567080000004],[-12.394275199999981,81.66620290000003],[-12.399070397999935,81.66672100000005],[-12.40393249899995,81.66722910000004],[-12.408860797999978,81.66772200000008],[-12.413842300999931,81.66820400000006],[-12.418897201999926,81.66867370000006],[-12.423984296999947,81.66912860000008],[-12.426575297999932,81.66935440000003],[-12.428901099999962,81.66974940000006],[-12.432858601999953,81.67040190000006],[-12.436883000999956,81.67104430000006],[-12.440988101999949,81.67167750100003],[-12.44518040099996,81.67229960000003],[-12.449425903999952,81.67291060000008],[-12.453758599999958,81.67351040000005],[-12.45817200099998,81.67410110000003],[-12.462645103999932,81.67467870000007],[-12.467191602999947,81.67524420100005],[-12.471805101999962,81.67579950000004],[-12.47647819499997,81.67634180000005],[-12.481218293999973,81.67687400000005],[-12.486038300999951,81.67739210000008],[-12.490911396999934,81.67789900000008],[-12.495844198999976,81.67839300000009],[-12.500830098999927,81.67887580000007],[-12.505882097999972,81.67934360000004],[-12.510987198999942,81.67980030000007],[-12.514018495999949,81.68006230000003],[-12.516022198999963,81.68040290000005],[-12.519977197999935,81.68105360000004],[-12.52400649599997,81.68169710000006],[-12.52812290199995,81.68232950000004],[-12.53230629899997,81.68295170000005],[-12.536576901999979,81.68356270000004],[-12.540914398999973,81.68416360000003],[-12.545325298999956,81.68475230000007],[-12.549803201999964,81.68533100100007],[-12.554354399999966,81.68589750100006],[-12.558979099999931,81.68645180000004],[-12.563656899999955,81.68699510100004],[-12.568408102999967,81.68752630100005],[-12.57321890399993,81.68804430000006],[-12.57809659999998,81.68855230000008],[-12.583040294999932,81.68904510000004],[-12.588037096999926,81.68952690000003],[-12.593093495999938,81.68999560100008],[-12.598202897999954,81.69045320000004],[-12.601703996999959,81.69075320000007],[-12.603355198999964,81.69103260000009],[-12.60730869699995,81.69168650000006],[-12.611349299999972,81.69232910000005],[-12.615477097999928,81.69296060000005],[-12.619665296999926,81.69358390000008],[-12.62394719699995,81.69419400100008],[-12.628275801999962,81.69479500000006],[-12.632691602999955,81.69538480000006],[-12.637180698999941,81.69596240000004],[-12.64174320199993,81.69652789900005],[-12.646372600999939,81.69708330000003],[-12.651055098999962,81.69762760000003],[-12.655817404999937,81.69815770000008],[-12.660632804999977,81.69867670000008],[-12.66552160499998,81.69918360000008],[-12.670469801999957,81.69967739900005],[-12.675471105999975,81.70016010000006],[-12.680538397999953,81.70062770000004],[-12.685644897999964,81.70108330000005],[-12.689590901999964,81.70142420000008],[-12.690922497999964,81.70164739900008],[-12.694887396999945,81.70230040000007],[-12.698939399999972,81.70294210000003],[-12.70305190099998,81.70357570000004],[-12.707257896999977,81.70419610000005],[-12.711524499999939,81.70480830000008],[-12.715878202999932,81.70540939900008],[-12.720291503999931,81.70599730000004],[-12.724785396999948,81.70657600000004],[-12.72935270399995,81.70714250000003],[-12.733979603999956,81.70769590000003],[-12.738673301999938,81.70823920000004],[-12.743440301999954,81.70877030000008],[-12.74826040299996,81.70929020000005],[-12.753160203999926,81.70979610000006],[-12.75811300099997,81.71029079900006],[-12.763125300999945,81.71077240000005],[-12.76645130299994,81.71108270000008],[-12.767631403999928,81.71138510000003],[-12.77066960299993,81.71213470000004],[-12.773781903999975,81.71287710000007],[-12.777002701999947,81.71361220000006],[-12.780304098999977,81.71433800000005],[-12.783679895999967,81.71505660000008],[-12.787156598999957,81.71576490000007],[-12.790721498999972,81.71646690000006],[-12.79437349999995,81.71715770000003],[-12.798099794999928,81.71784120000007],[-12.799170498999956,81.71803170000004],[-12.800937197999929,81.71872239900006],[-12.803111195999975,81.71953260000004],[-12.80539349999998,81.72033530100003],[-12.807771294999952,81.72113480000007],[-12.810243599999978,81.72192590000003],[-12.81281139899994,81.72271360000008],[-12.815459798999939,81.72349210100003],[-12.818230599999936,81.72426420000005],[-12.821075596999947,81.72502910000009],[-12.824022598999932,81.72578860000004],[-12.82705680099997,81.72653680000008],[-12.830172800999947,81.72728080100006],[-12.833403596999972,81.72801530100008],[-12.836708896999937,81.72874260000003],[-12.840101300999947,81.72945870000007],[-12.843582002999938,81.73016850100004],[-12.847143398999947,81.73086910000006],[-12.850799601999938,81.73156130000007],[-12.854543004999982,81.73224230000005],[-12.855809802999943,81.73247210000005],[-12.857478499999957,81.73311680000006],[-12.859661398999947,81.73392659900009],[-12.861932396999975,81.73473010000004],[-12.864319399999943,81.73552910000006],[-12.866794499999969,81.73632180000004],[-12.86936419899996,81.73710620000008],[-12.872036098999956,81.73788530000007],[-12.874796097999933,81.73865799900005],[-12.877644399999951,81.73942440000008],[-12.88059379799995,81.74018049900008],[-12.88363899799998,81.74093320000003],[-12.886771400999976,81.74167470000003],[-12.889992101999951,81.74240990000004],[-12.893293600999982,81.74313580000006],[-12.896703897999942,81.74385430000007],[-12.900195001999975,81.74456350000008],[-12.903766900999926,81.74526360000004],[-12.907419800999946,81.74595430000005],[-12.911167399999954,81.74663670000007],[-12.914995999999974,81.74730990000006],[-12.91889150299994,81.74797290000004],[-12.922888301999933,81.74862560000008],[-12.926952103999952,81.74926800000003],[-12.931096901999979,81.74990130000003],[-12.935314999999946,81.75052230000006],[-12.93961410199995,81.75113400100008],[-12.94398659799998,81.75173360000008],[-12.94843999699998,81.75232390000008],[-12.952952897999978,81.75290110000003],[-12.957546696999941,81.75346900000005],[-12.96219999899995,81.75402370000006],[-12.966926798999964,81.75456630000008],[-12.971706498999936,81.75509770000008],[-12.97655969799996,81.75561700000003],[-12.98148619899996,81.75612400000006],[-12.98645830099997,81.75661700000006],[-12.987988797999947,81.75676650000008],[-12.988388800999928,81.75680500000004],[-12.993369199999961,81.75730080100004],[-12.998401398999931,81.75778060000005],[-13.003500601999974,81.75825010000005],[-13.008659100999978,81.75870650000007],[-13.013863103999938,81.75914890000007],[-13.019126497999935,81.75957810000006],[-13.024442797999939,81.75999610000008],[-13.02981079999995,81.76039810000003],[-13.035231801999942,81.76078900100003],[-13.040684200999976,81.76116480000007],[-13.041660901999933,81.76122910000004],[-13.04567700399997,81.76177910000007],[-13.050122203999933,81.76236940000007],[-13.054647194999973,81.76294540000004],[-13.059232694999935,81.76351330000006],[-13.063897896999947,81.76406690000005],[-13.068630097999971,81.76461030100006],[-13.073435598999936,81.76514150100007],[-13.07828019599998,81.76566060000005],[-13.083211996999978,81.76616840100007],[-13.088189197999952,81.76666220100003],[-13.093239697999934,81.76714370100007],[-13.09834959799997,81.76761210000006],[-13.103498298999966,81.76806840100005],[-13.108720400999971,81.76851240100007],[-13.113987799999961,81.76894240000007],[-13.11930039999993,81.76935840100003],[-13.124686298999961,81.76976200000007],[-13.13010350199994,81.77015070100003],[-13.135565902999929,81.77052530100008],[-13.137097103999963,81.77062800000004],[-13.14068320299998,81.77111920000004],[-13.145139598999947,81.77170850100003],[-13.149669397999958,81.77228550000007],[-13.15426610399993,81.77285220100003],[-13.158936102999974,81.77340680100008],[-13.16365899699997,81.77395019900007],[-13.168469199999947,81.77448219900003],[-13.173324701999945,81.77500019900003],[-13.178253499999926,81.77550599900007],[-13.183249098999966,81.77600150000006],[-13.18830399999996,81.77648389900008],[-13.193404200999964,81.77695220000004],[-13.198577599999965,81.77740820000008],[-13.203796200999932,81.77785020000005],[-13.209067601999948,81.77828100000005],[-13.214404601999945,81.77869660000005],[-13.21978040199997,81.77910009900006],[-13.225201303999938,81.77948960000003],[-13.230681402999949,81.77986580000004],[-13.232691502999955,81.77999920000008],[-13.235887198999933,81.78043450000007],[-13.240348702999938,81.78102469900006],[-13.244883300999959,81.78160270000006],[-13.24949120499997,81.78216840000005],[-13.254165999999941,81.78272380000004],[-13.258900104999952,81.78326610000005],[-13.263700903999961,81.78379820000004],[-13.268575001999977,81.78431800000004],[-13.273508296999978,81.78482459900005],[-13.274526398999967,81.78492459900008],[-13.317021801999942,81.78921620000006],[-13.364474899999948,81.79399640000008],[-13.411982799999976,81.79877100000004],[-13.45954450399995,81.80353930000007],[-13.507161098999973,81.80830200000008],[-13.554835302999948,81.81305970000005],[-13.602564498999982,81.81781190000004],[-13.65034439599998,81.82255870000006],[-13.698179402999926,81.82729990000007],[-13.742475298999977,81.83168090000004],[-13.79042020099996,81.83641100100004],[-13.838420198999927,81.84113549900007],[-13.886474197999974,81.84585350000003],[-13.93458329899994,81.85056589900006],[-13.982750401999965,81.85527330000008],[-14.030972804999976,81.85997500000008],[-14.079246098999931,81.86467120000003],[-14.127574699999968,81.86936180000004],[-14.172328997999955,81.87369570000004],[-14.220768003999979,81.87837510000008],[-14.269262396999977,81.88304860000005],[-14.317810895999969,81.88771570000006],[-14.366414902999963,81.89237700100006],[-14.415076996999971,81.89703330100008],[-14.463794801999938,81.90168379900007],[-14.512563598999975,81.90632870000007],[-14.561388000999955,81.91096779900005],[-14.606617097999958,81.91525490000004],[-14.655545099999927,81.91988230000004],[-14.704528799999935,81.92450370000006],[-14.753573900999982,81.92911910000004],[-14.802674800999966,81.93372860000005],[-14.851834100999952,81.93833290000003],[-14.901049200999978,81.94293140000008],[-14.950315598999964,81.94752420000003],[-14.99963779799998,81.95211120000005],[-15.045314699999949,81.95634900000005],[-15.094748100999936,81.96092450000003],[-15.144237402999977,81.96549400000004],[-15.193778100999964,81.97005780000006],[-15.243374699999947,81.97461570000007],[-15.293025796999927,81.97916689900006],[-15.342732802999933,81.98371220000007],[-15.392498602999979,81.98825220000003],[-15.442320396999946,81.99278630000003],[-15.48846119999996,81.99697500000008],[-15.538394497999946,82.00149730000004],[-15.588384000999952,82.00601360000007],[-15.638424993999934,82.01052420000008],[-15.688522101999979,82.01502870000007],[-15.738673804999962,82.01952650000004],[-15.788881697999955,82.02401819900007],[-15.839148502999933,82.02850460000008],[-15.889471501999935,82.03298489900004],[-15.936077599999976,82.03712380000007],[-15.986512495999932,82.04159220000008],[-16.037003701999936,82.04605450000008],[-16.087546603999954,82.05051110000005],[-16.138145700999928,82.05496150000005],[-16.18879960499993,82.05940500000008],[-16.239509699999928,82.06384250000008],[-16.290279002999966,82.06827440000006],[-16.341104694999956,82.07270030000006],[-16.38817740299993,82.07678850000008],[-16.43910779999993,82.08120190100004],[-16.490094603999978,82.08560899900004],[-16.541140698999982,82.09001070000005],[-16.592243099999962,82.09440620000004],[-16.643403302999957,82.09879370000004],[-16.694619795999927,82.10317500000008],[-16.74589279999998,82.10755180000007],[-16.797222294999926,82.11192230000006],[-16.844762797999977,82.11595930000004],[-16.896197203999975,82.12031720100003],[-16.947688093999943,82.12466880000005],[-16.999238497999954,82.12901490000007],[-17.05084529399994,82.13335460000008],[-17.102507000999935,82.13768740100005],[-17.15422529999995,82.14201380000003],[-17.20600579799998,82.14633360000005],[-17.257842998999934,82.15064700000005],[-17.29057549999993,82.15336490000004],[-17.32333060299993,82.15608030000004],[-17.375288205999937,82.16037990000007],[-17.427302397999938,82.16467310000007],[-17.479379003999952,82.16895960000005],[-17.53151229799994,82.17323970000007],[-17.58369749999997,82.17751370000008],[-17.635939493999956,82.18178130000007],[-17.650331199999982,82.18545260000008],[-17.67905860099995,82.19276780000007],[-17.707839500999967,82.20008100000007],[-17.73667719799994,82.20739220000007],[-17.765568799999983,82.21470149900006],[-17.770343802999946,82.21590749900008],[-17.799293399999954,82.22321410000006],[-17.828297195999937,82.23051870000006],[-17.85735559699998,82.23782230000006],[-17.886468399999956,82.24512400000003],[-17.915631196999982,82.25242320000007],[-17.944848702999934,82.25972050000007],[-17.949686399999962,82.26092710000006],[-17.97897050499995,82.26822200000004],[-18.008309598999972,82.27551490000008],[-18.03770700399997,82.28280580000006],[-18.06715950399996,82.29009460100008],[-18.096662898999966,82.29738110000005],[-18.126221899999962,82.30466550000006],[-18.131103801999927,82.30586700000003],[-18.16073519699995,82.31315040000004],[-18.190422501999933,82.32043180000005],[-18.22015629999993,82.32770930000004],[-18.24994609999993,82.33498480000003],[-18.279800302999945,82.34225959900004],[-18.30971090199995,82.34953230000008],[-18.314647500999968,82.35073150000005],[-18.344626695999978,82.35800180000007],[-18.374662696999962,82.36527000100006],[-18.404743002999965,82.37253530000004],[-18.434880394999936,82.37979860000007],[-18.465085794999936,82.38706010000004],[-18.495348501999956,82.39431949900006],[-18.500356300999954,82.39551710000006],[-18.53067799699994,82.40277470000007],[-18.56105739999998,82.41003010000009],[-18.591500406999955,82.41728240000003],[-18.622001293999972,82.42453250000005],[-18.652552700999934,82.43178120000005],[-18.683162299999935,82.43902770000005],[-18.68822670199995,82.44022300000006],[-18.71890690099997,82.44746700000007],[-18.74964579699997,82.45470880000005],[-18.780446300999927,82.46194840000004],[-18.811305697999956,82.46918589900008],[-18.842227201999947,82.47642120000006],[-18.87320770399998,82.48365430000007],[-18.878324005999957,82.48484920000004],[-18.90936839799997,82.49207930000006],[-18.940472203999946,82.49930730000005],[-18.97163869999997,82.50653300000005],[-19.00286499699996,82.51375650000006],[-19.034151502999975,82.52097880000008],[-19.06549810499996,82.52819890000006],[-19.070678103999967,82.52938940000007],[-19.102089499999977,82.53660650000006],[-19.133561303999954,82.54382129900006],[-19.16509670499994,82.55103390000005],[-19.196692798999948,82.55824430000007],[-19.228352799999982,82.56545240000008],[-19.260073905999946,82.57265820000003],[-19.28154739799993,82.57752670000008],[-19.303048900999954,82.58239420000007],[-19.33491369999996,82.58959440000007],[-19.36684010099998,82.59679239900004],[-19.398831197999982,82.60398800000007],[-19.43088420199996,82.61118130000006],[-19.43117590399993,82.61189420000005],[-19.431663597999943,82.61275900100009],[-19.432275396999955,82.61362440100004],[-19.432984399999953,82.61448720000004],[-19.433817402999978,82.61535060100005],[-19.43478549799994,82.61621070000007],[-19.435850801999948,82.61706790100004],[-19.43703510299997,82.61792110000005],[-19.438349107999954,82.61877290000007],[-19.439760399999955,82.61962200000005],[-19.441307003999952,82.62046770000006],[-19.442950994999933,82.62131060000007],[-19.44471419499996,82.62214929900006],[-19.44658029599998,82.62298330000004],[-19.448587196999938,82.62381170000003],[-19.450691698999947,82.62463740000004],[-19.452899196999965,82.62545829900006],[-19.45500089799998,82.62619600000005],[-19.45504529899995,82.62641970000004],[-19.455299098999944,82.62728570000007],[-19.455671696999957,82.62815440000008],[-19.45615780099996,82.62902110000005],[-19.45675739899997,82.62988580000007],[-19.45747059799993,82.63074840000007],[-19.45831349599996,82.63160970000007],[-19.459270196999967,82.63246890000005],[-19.46034050199995,82.63332600000007],[-19.461540698999954,82.63418180100007],[-19.46284389699997,82.63503280000003],[-19.46426089499994,82.63588170100007],[-19.465807996999956,82.63672930000007],[-19.467463598999927,82.63757000000004],[-19.46923309899995,82.63840860100004],[-19.471105799999975,82.63924240000006],[-19.47309789999997,82.64007200000003],[-19.475209398999937,82.64089749900006],[-19.47744050299997,82.64171890000006],[-19.479780200999983,82.64253330000008],[-19.48222329999993,82.64334290000005],[-19.484769798999935,82.64414770000008],[-19.48744130199998,82.64494620000005],[-19.49022170199993,82.64573790000009],[-19.49308930099994,82.64652390000003],[-19.496082000999934,82.64730380000003],[-19.49918360399994,82.64807670000005],[-19.502378001999944,82.64884210000008],[-19.505703100999938,82.64959910000005],[-19.509099203999938,82.65034980000007],[-19.512620604999938,82.65109430000007],[-19.51622399799993,82.65182840000006],[-19.51993639699998,82.65255560000008],[-19.523763395999936,82.65327370000006],[-19.52766699999995,82.65398360000006],[-19.53168509799997,82.65468440000006],[-19.53578529899994,82.65537470000004],[-19.539956796999945,82.65605190000008],[-19.541913000999955,82.65673370000007],[-19.544367095999974,82.65754290000007],[-19.546924699999977,82.65834730000006],[-19.549607598999955,82.65914540100005],[-19.552377796999963,82.65993800000007],[-19.555273298999964,82.66072430100007],[-19.558261500999947,82.66150300000004],[-19.561369699999943,82.66227760100008],[-19.564576104999958,82.66304240000005],[-19.56789170099995,82.66380029900006],[-19.571300201999975,82.66455049900009],[-19.574817801999927,82.66529380000009],[-19.578449999999975,82.66602809900007],[-19.582175200999927,82.66675470000007],[-19.585993403999964,82.66747370000007],[-19.589909899999952,82.66818290000003],[-19.59391940599994,82.66888450000005],[-19.598043599999983,82.66957710000008],[-19.602250004999973,82.67025920000003],[-19.60310759999993,82.67039490000008],[-19.60526850699995,82.67114700000008],[-19.607728505999944,82.67195790000005],[-19.610297499999945,82.67276180000005],[-19.612970297999937,82.67356090000004],[-19.615752198999928,82.67435310000008],[-19.618643297999938,82.67513830000007],[-19.62165439499995,82.67591930000003],[-19.62476389899996,82.67669060000009],[-19.627977296999973,82.67745700000006],[-19.631288998999935,82.67821360000005],[-19.63472090099998,82.67896610000008],[-19.63825130099997,82.67970890000004],[-19.64187469799998,82.68044400000008],[-19.64559649599994,82.68116940000004],[-19.649427797999977,82.68188780000008],[-19.65335209799997,82.68259850000004],[-19.657380298999954,82.68329740000007],[-19.66151260199996,82.68399150000005],[-19.665716096999972,82.68467230000005],[-19.66688689999995,82.68485560000005],[-19.668894397999964,82.68555190000006],[-19.671349402999965,82.68636180000004],[-19.673929898999972,82.68716530000006],[-19.67659800699994,82.68796329900005],[-19.679391704999944,82.68875500000007],[-19.682289298999933,82.68954180000009],[-19.68529630699993,82.69032160000006],[-19.68841260399995,82.69109450000008],[-19.691638301999944,82.69186040000005],[-19.694962601999976,82.69261660000006],[-19.698390804999974,82.69336790000006],[-19.70192860399993,82.69411220000006],[-19.70556480399995,82.69484670000008],[-19.709294297999975,82.69557359900006],[-19.71313869499994,82.69629150000003],[-19.717076297999938,82.69700160000008],[-19.72111249699998,82.69770200000005],[-19.725225600999977,82.69839400000006],[-19.729458996999938,82.69907490000008],[-19.730857596999954,82.69929750000006],[-19.732743099999936,82.69994640000004],[-19.73520949999994,82.70075580000008],[-19.73777980099993,82.70156040000006],[-19.740475897999943,82.70235860000008],[-19.74325959999993,82.70315130000006],[-19.74616919899995,82.70393760000007],[-19.74918829799998,82.70471700000007],[-19.752300600999945,82.70548870000005],[-19.75553880299998,82.70625410000008],[-19.758864801999948,82.70701390000005],[-19.762305697999977,82.70776470000004],[-19.765845399999932,82.70850570100004],[-19.769489203999967,82.70924180000003],[-19.773231799999962,82.70996810000008],[-19.777067599999953,82.71068670000005],[-19.781018504999963,82.71139630000005],[-19.78506280399995,82.71209820100006],[-19.789189402999966,82.71278959900008],[-19.793431104999968,82.71347189900007],[-19.795119100999955,82.71373850000003],[-19.796848501999932,82.71433180000008],[-19.799320806999958,82.71514290000005],[-19.80190270099996,82.71594700000009],[-19.80459419999994,82.71674409900004],[-19.80738979399996,82.71753630000006],[-19.810311498999965,82.71832219900006],[-19.81332099699995,82.71910250000008],[-19.81644560199993,82.71987379900008],[-19.819690900999944,82.72064070000005],[-19.823013094999965,82.72139940000005],[-19.826466901999936,82.72214960000008],[-19.83001399999995,82.72289210000008],[-19.833670900999948,82.72362770000007],[-19.83740469999998,82.72435480000007],[-19.841270300999952,82.72507360000003],[-19.845218201999955,82.72578180000005],[-19.84925950199994,82.72648240000007],[-19.853416098999958,82.72717390000008],[-19.85764980299996,82.72785700000009],[-19.861982299999966,82.72853030000005],[-19.866413602999955,82.72919380000008],[-19.870927498999947,82.72984690000004],[-19.87554020099998,82.73049010000005],[-19.88023530299995,82.73112290100005],[-19.88503479999997,82.73174380000006],[-19.88989490199998,82.73235560000006],[-19.894853904999934,82.73295760000008],[-19.899900704999936,82.73354700000004],[-19.905013603999976,82.73412530100006],[-19.91021429999995,82.73469100000005],[-19.915497395999978,82.73524620000006],[-19.920846598999958,82.73579020000005],[-19.922369300999947,82.73594070000007],[-19.926747793999937,82.73655040000006],[-19.93145089999996,82.73718270000006],[-19.936236495999935,82.73780440000007],[-19.94112099499995,82.73841640100005],[-19.946071593999932,82.73901710000007],[-19.95112099599993,82.73960810000005],[-19.95624179899994,82.74018580000006],[-19.96144510099998,82.74075290000007],[-19.966736096999966,82.74130750000006],[-19.97209320199994,82.74185100000005],[-19.977521598999942,82.74238109900006],[-19.98303240499996,82.74290070000006],[-19.988609098999973,82.74340910000006],[-19.99426250299996,82.74390220000004],[-19.998688304999973,82.74427789900005],[-20.00002060399993,82.74449619900008],[-20.004255199999932,82.74517930000007],[-20.00861049899993,82.74585120000006],[-20.01304290099995,82.74651469900004],[-20.017574103999948,82.74716840000008],[-20.022204402999932,82.74781230000008],[-20.026905905999968,82.74844280000008],[-20.031701005999935,82.74906570000007],[-20.03659509399995,82.74967870000006],[-20.041560397999945,82.75027840000007],[-20.046608293999952,82.75086760000005],[-20.051738498999953,82.75144629900007],[-20.056956596999953,82.75201240000007],[-20.06224059899995,82.75256740000003],[-20.067606998999963,82.75311169900004],[-20.07306119499998,82.75364350000007],[-20.078570197999966,82.75416130000008],[-20.08416159799998,82.75466860000006],[-20.08981880099998,82.75516470000008],[-20.094813297999963,82.75558520000004],[-20.09575089799995,82.75573860000003],[-20.100000302999945,82.75642090000008],[-20.10436509799996,82.75709390000003],[-20.108812399999977,82.75775650000008],[-20.113336798999967,82.75841060000005],[-20.117965400999935,82.75905280000006],[-20.122687698999982,82.75968730000005],[-20.127481201999956,82.76030840100003],[-20.13237369899997,82.76091970000004],[-20.13734860099993,82.76152050000007],[-20.14240600399995,82.76211080100006],[-20.147551104999934,82.76268840100005],[-20.152778696999974,82.76325550000007],[-20.158072193999942,82.76381140000007],[-20.163453398999934,82.76435470100006],[-20.168905895999956,82.76488460000007],[-20.174424194999972,82.76540340000008],[-20.180024899999978,82.76591160000004],[-20.185696793999966,82.76640650000007],[-20.19122419599995,82.76687250000003],[-20.19175310099996,82.76695830000006],[-20.196017499999982,82.76763970100006],[-20.200375399999928,82.76831320000008],[-20.204832301999943,82.76897690000004],[-20.209371601999976,82.76963010000009],[-20.214009894999947,82.77027340000006],[-20.21873059799998,82.77090620000007],[-20.223555601999976,82.77152700000005],[-20.228441203999978,82.77213870000008],[-20.23342570099993,82.77274050000005],[-20.23849800199997,82.77332970000003],[-20.243636201999948,82.77390769900006],[-20.248878703999935,82.77447369900005],[-20.254181702999972,82.77503060000004],[-20.259561206999933,82.77557210000003],[-20.265017804999957,82.77610510000005],[-20.270567400999937,82.77662340000006],[-20.27616099599993,82.77713190000009],[-20.28184750099996,82.77762559900003],[-20.285442098999965,82.77792910000005],[-20.287796396999966,82.77833209900007],[-20.291977500999963,82.77902230000007],[-20.296252296999967,82.77970480000005],[-20.298174195999934,82.78000520000006],[-20.299800196999968,82.78055790000008],[-20.30228749899993,82.78136820000003],[-20.30489609899996,82.78217410000008],[-20.307620096999926,82.78297090000007],[-20.310443498999973,82.78376470000006],[-20.31338239599995,82.78454940000006],[-20.316426097999965,82.78532900000005],[-20.319579997999938,82.78610149900004],[-20.32284409999994,82.78686690000006],[-20.326218396999934,82.78762520000004],[-20.329686398999968,82.78837570000007],[-20.33326460099994,82.78911910000005],[-20.336936498999933,82.78985470000003],[-20.340724001999945,82.79058110000005],[-20.34462179899998,82.79130040100006],[-20.348602102999962,82.79200920000005],[-20.352692701999956,82.79271080000007],[-20.356865805999973,82.79340180000008],[-20.361154503999956,82.79408370000004],[-20.363357401999963,82.79442690100007],[-20.364831503999937,82.79492700100008],[-20.36733050199996,82.79573690100005],[-20.36993430399997,82.79654180000006],[-20.372665002999952,82.79734020100005],[-20.37548400099996,82.79813290000004],[-20.37842999399993,82.79891920000006],[-20.381486197999948,82.79969830000005],[-20.384652698999957,82.80047029900004],[-20.387924297999973,82.80123730000008],[-20.391294895999977,82.80199439900008],[-20.394775900999946,82.80274440000005],[-20.398367298999972,82.80348730000009],[-20.402052499999968,82.80422230000005],[-20.405848196999955,82.80495020000006],[-20.409742999999935,82.80566820000007],[-20.41373170099996,82.80637850000005],[-20.417819503999965,82.80707880000006],[-20.422023096999965,82.80776990000004],[-20.426303902999962,82.80845250000004],[-20.428789500999983,82.80883850000004],[-20.430121602999975,82.80928880000005],[-20.432632301999945,82.81009830000005],[-20.435248101999946,82.81090280000006],[-20.43796889999993,82.81170220000007],[-20.440800198999966,82.81249440000005],[-20.443758499999944,82.81328020000007],[-20.446810599999935,82.81405820000003],[-20.44998460399995,82.81483190000006],[-20.45325229799994,82.81559770100006],[-20.45663060299995,82.81635630100004],[-20.46012479799998,82.81710580000004],[-20.46372420199998,82.81785020000007],[-20.46742280099994,82.81858460000007],[-20.47121530499993,82.81931130000004],[-20.475123692999944,82.82002880000005],[-20.479126092999934,82.82073840000004],[-20.48322249599994,82.82144020000004],[-20.487418197999943,82.82213210000003],[-20.49171309899998,82.82281399900006],[-20.494528096999943,82.82324689900008],[-20.49568770199994,82.82363709900005],[-20.49820499799995,82.82444820000006],[-20.500816097999973,82.82525159900007],[-20.50354909899994,82.82605050000006],[-20.506392597999934,82.82684240000003],[-20.509341396999957,82.82762909900003],[-20.512417496999944,82.82840940000006],[-20.515587601999982,82.82918180000007],[-20.51886819799995,82.82994709900004],[-20.52225959799995,82.83070530000003],[-20.52574489799997,82.83145560000008],[-20.52935770299996,82.83219940000004],[-20.53305299699997,82.83293270000007],[-20.536870600999976,82.83366150000006],[-20.54077070099993,82.83437980000008],[-20.544786903999977,82.83508880000005],[-20.54889720099993,82.83579000000003],[-20.553106898999943,82.83648130000006],[-20.55741070399995,82.83716470100006],[-20.560467398999947,82.83763610000005],[-20.561493501999962,82.83797930100008],[-20.564005902999952,82.83878940100004],[-20.566629003999935,82.83959230100004],[-20.569374203999928,82.84039080100007],[-20.57222479899997,82.84118430000007],[-20.575186198999972,82.84197060000008],[-20.578258193999943,82.84274970000007],[-20.58144109699998,82.84352170000005],[-20.58471269499995,82.84428790000004],[-20.588117196999974,82.84504550000008],[-20.591610398999933,82.84579740000004],[-20.59521989899997,82.84653999900007],[-20.598940195999944,82.84727540000006],[-20.602759899999967,82.84800090000005],[-20.606668500999945,82.84872070000006],[-20.61069340199998,82.84943120000008],[-20.614800896999952,82.85013110000006],[-20.619024698999965,82.85082170000004],[-20.623342798999943,82.85150450000003],[-20.627743502999976,82.85217670000003],[-20.632255302999965,82.85284170000006],[-20.63685510099998,82.85349400000007],[-20.64153240099995,82.85413780000005],[-20.64631440599993,82.85476950000003],[-20.651174003999927,82.85539280000006],[-20.656138401999954,82.85600400000004],[-20.661185502999956,82.85660460000008],[-20.666298703999928,82.85719390000008],[-20.671511298999974,82.85777320000005],[-20.67679520599995,82.85833920000005],[-20.682178706999935,82.85889530000009],[-20.687611206999975,82.85943940000004],[-20.693131798999957,82.85997070000008],[-20.698740396999938,82.86048940000006],[-20.704414897999982,82.86099680000007],[-20.710160599999938,82.86149080000007],[-20.715972097999952,82.86197350000003],[-20.721837999999934,82.86244220000003],[-20.727791801999956,82.86289820000007],[-20.733794598999964,82.86334220000003],[-20.739868499999943,82.86377280000005],[-20.74599669899993,82.86418940000004],[-20.752195902999972,82.86459260000004],[-20.75842720199995,82.86498320000004],[-20.76473479899994,82.86535830000008],[-20.771091298999977,82.86572140000004],[-20.777485098999932,82.86606980000005],[-20.783932897999932,82.86640420000003],[-20.79043490099997,82.86672460000005],[-20.79180450399997,82.86678900000004],[-20.795549798999957,82.86697280000004],[-20.802106203999926,82.86727900000005],[-20.80868290099994,82.86756980000007],[-20.81531360599996,82.86784660000006],[-20.82197620499994,82.86811080100006],[-20.828681093999933,82.86835810000008],[-20.835417796999934,82.86859290000007],[-20.84217989399997,82.86881010000008],[-20.848973696999963,82.86901480000006],[-20.85580449799994,82.86920470000007],[-20.859045299999934,82.86928830000005],[-20.862617200999978,82.86954960000008],[-20.86868150199996,82.86998000000006],[-20.87482190199995,82.87039490000006],[-20.88100590299996,82.87080000000003],[-20.887265896999963,82.87118960000004],[-20.89357999799995,82.87156510000005],[-20.89992590199995,82.87192790000006],[-20.906347798999946,82.87227530000007],[-20.912801601999945,82.87261010000003],[-20.919309201999965,82.87293070000004],[-20.925853797999935,82.87323670000006],[-20.932435402999943,82.87352790000006],[-20.939070799999968,82.87380510000008],[-20.94573779899997,82.87406970000006],[-20.95244690499993,82.87431740000005],[-20.959192805999976,82.87455040000003],[-20.96597040399996,82.87477070100005],[-20.97277299899997,82.87497370000006],[-20.979607097999974,82.87516390000008],[-20.983720494999943,82.87526850000006],[-20.98653079999997,82.87547420000004],[-20.99260189299997,82.87590520000003],[-20.998748795999973,82.87632060000004],[-21.00494440199998,82.87672410000005],[-21.011210695999978,82.87711410000009],[-21.017508695999936,82.87749160000004],[-21.023882499999957,82.87785340000005],[-21.03029320099995,82.87820060100006],[-21.03675239599994,82.87853580000007],[-21.04326539899995,82.87885690000007],[-21.049820199999942,82.87916120100004],[-21.056423500999927,82.87945350000007],[-21.063063599999964,82.87973100000005],[-21.069723404999934,82.87999320000006],[-21.076436701999967,82.88024130000008],[-21.083181502999935,82.88047680100004],[-21.089968101999943,82.88069540000004],[-21.096774299999936,82.88089860000008],[-21.103617003999943,82.88108720100007],[-21.108577800999967,82.88121570000004],[-21.11064559299996,82.88136500000007],[-21.116723398999966,82.88179640000004],[-21.12287689799996,82.88221240100006],[-21.12907889899998,82.88261640000007],[-21.135334499999942,82.88300620000007],[-21.141660696999963,82.88338270000008],[-21.148023500999955,82.88374440000007],[-21.15443989499994,82.88409200000007],[-21.160904598999934,82.88442760000004],[-21.16742800199995,82.88474700000006],[-21.173982701999932,82.88505380000004],[-21.180596096999977,82.88534440000006],[-21.187240799999927,82.88562230000008],[-21.19392199699996,82.88588550000009],[-21.199288000999957,82.88608310000006],[-21.224202100999946,82.88959560100005],[-21.249140695999927,82.89310679900007],[-21.293419997999933,82.89933180000008],[-21.33777669899996,82.90555270000004],[-21.382221094999977,82.91176980000006],[-21.426743200999965,82.91798270100008],[-21.45238980199997,82.92155570000006],[-21.49703689699993,82.92776099900004],[-21.541762002999974,82.93396210000003],[-21.586556104999943,82.94015990100007],[-21.63142839699998,82.94635340000008],[-21.676383603999966,82.95254180000006],[-21.721417393999957,82.95872580000008],[-21.747364596999944,82.96228300000007],[-21.79252240099993,82.96846050000005],[-21.83775909999997,82.97463360000006],[-21.883079400999975,82.98080150000004],[-21.928478903999974,82.98696510100007],[-21.973957096999982,82.99312560000004],[-22.019514997999977,82.99928170000004],[-22.045766705999938,83.00282280000005],[-22.091443995999953,83.00897090000007],[-22.13720120399995,83.01511450000004],[-22.183049103999963,83.02125420000004],[-22.22897719699995,83.02738950100007],[-22.274978904999955,83.03352020000005],[-22.321061295999982,83.03964650000006],[-22.347625998999945,83.04316920000008],[-22.393835397999965,83.04928870000003],[-22.440125801999955,83.05540360000003],[-22.48649040099997,83.06151400000005],[-22.53293630099995,83.06761990000007],[-22.579474093999977,83.07372180000004],[-22.626093597999954,83.07981910100006],[-22.652952803999938,83.08332470000005],[-22.69970090099997,83.08941499900004],[-22.74653090099997,83.09550090000005],[-22.79343860299997,83.10158100100006],[-22.840428497999937,83.10765650000008],[-22.88750270199995,83.11372770000008],[-22.934659404999934,83.11979420000006],[-22.96183429499996,83.12328280000008],[-23.009130100999982,83.12934260000003],[-23.056508804999964,83.13539770000006],[-23.103954896999937,83.14144780000004],[-23.15148420199995,83.14749320000004],[-23.199107597999955,83.15353450000003],[-23.246814597999958,83.15957100000008],[-23.27430900199994,83.16304239900006],[-23.32213889899998,83.16907150000003],[-23.370052801999975,83.17509590000003],[-23.418063898999947,83.18111490100006],[-23.46615929899997,83.18712930000004],[-23.514331999999968,83.19313879900005],[-23.562589402999947,83.19914350000005],[-23.590407096999968,83.20259740000006],[-23.63879779599995,83.20859480000007],[-23.68727350499995,83.21458740100007],[-23.73582709699997,83.22057510000008],[-23.78446620099993,83.22655800000007],[-23.833201292999945,83.23253660000006],[-23.882022198999948,83.23851030000003],[-23.885682501999952,83.23895630100003],[-23.934596900999964,83.24492500000008],[-23.983597501999952,83.25088879900005],[-24.032679102999964,83.25684670000004],[-24.08184710499995,83.26279960100004],[-24.131103199999927,83.26874779900004],[-24.18044589899995,83.27469110000004],[-24.21572070299993,83.28065280000004],[-24.251057894999974,83.28661190000008],[-24.261159000999953,83.28831420000006],[-24.30166490099998,83.29512250000005],[-24.342252793999933,83.30192760000006],[-24.352416094999967,83.30362840000004],[-24.393096396999965,83.31043000000005],[-24.43385910199993,83.31722819900006],[-24.444066703999965,83.31892709900006],[-24.48493379399997,83.32572100000004],[-24.525883702999977,83.33251160000003],[-24.536135999999942,83.33420840000008],[-24.57719080499993,83.34099470000007],[-24.618328993999967,83.34777750000006],[-24.628626202999953,83.34947240000008],[-24.669869804999962,83.35625090000008],[-24.711197398999957,83.36302600000005],[-24.721539597999936,83.36471889900008],[-24.762973200999966,83.37148960000007],[-24.80449110099994,83.37825690000005],[-24.814878703999966,83.37994770100005],[-24.856500996999955,83.38671170000003],[-24.89820809799994,83.39347209900006],[-24.90864140399998,83.39516090000006],[-24.95046709999997,83.40191620000007],[-24.992378198999972,83.40866790100006],[-25.02347490099993,83.41366749900004],[-25.054618497999968,83.41866510000006],[-25.056809802999965,83.41928190000004],[-25.059780099999955,83.42008090000007],[-25.062884002999965,83.42087230000004],[-25.06609420199993,83.42165970000008],[-25.069419607999976,83.42243910000008],[-25.072878702999958,83.42321080100004],[-25.07644860399995,83.42397650100008],[-25.08015219699996,83.42473450000006],[-25.083948194999948,83.42548600000003],[-25.087877995999975,83.42622990000007],[-25.091904598999974,83.42696510000007],[-25.09604649499994,83.42769210000006],[-25.100303698999937,83.42841100100009],[-25.10119969999994,83.42855600000007],[-25.10669699799996,83.42946260000008],[-25.112634697999965,83.43044140000006],[-25.118569694999962,83.43142220000004],[-25.12451080099993,83.43240080100009],[-25.13641219699997,83.43436040000006],[-25.14235830299998,83.43533880000007],[-25.14830610399997,83.43631709900006],[-25.154255597999963,83.43729540000004],[-25.16020249999997,83.43827570000008],[-25.163882497999964,83.43887080000007],[-25.16836860099994,83.43957020000005],[-25.17296579999993,83.44026360000004],[-25.17764569899998,83.44094560000008],[-25.18245970399994,83.44162000000006],[-25.187356404999946,83.44228310000005],[-25.188299402999974,83.44240670000005],[-25.20696649299998,83.44487040000007],[-25.225665597999978,83.44733390000005],[-25.244359500999963,83.44979620000004],[-25.263066796999965,83.45225790000006],[-25.278507501999968,83.45428550000008],[-25.278706501999977,83.45431310000004],[-25.279591195999956,83.45442820000005],[-25.28180599799998,83.45471930000008],[-25.300540101999957,83.45717950000005],[-25.319287600999928,83.45963900000004],[-25.33807150599995,83.46209609900006],[-25.35684589999994,83.46455420000007],[-25.375652297999977,83.46701210000003],[-25.378782099999967,83.46741820000005],[-25.383908301999952,83.46806200000003],[-25.389135995999936,83.46869500000008],[-25.394464995999954,83.46931710000007],[-25.399872398999946,83.46992999900004],[-25.405385498999976,83.47052990000003],[-25.410995699999944,83.47112110000006],[-25.416674196999963,83.47169830000007],[-25.422468400999946,83.47226730000006],[-25.422699999999963,83.47228900000005],[-25.46887380499993,83.47673010000005],[-25.469484505999958,83.47678840000003],[-25.470213401999956,83.47685640000003],[-25.471894503999977,83.47701850100003],[-25.521256499999936,83.48175250000008],[-25.570686698999964,83.48648190000006],[-25.58018010199993,83.48738920000005],[-25.580493700999966,83.48741959900008],[-25.581139598999982,83.48748080000007],[-25.62018530499995,83.49120640000007],[-25.669771095999977,83.49592670000004],[-25.71265139999997,83.50000000000006],[-25.719406698999933,83.50064170000007],[-25.76912959599997,83.50535250100006],[-25.81892540299998,83.51005630000003],[-25.868785801999934,83.51475740000006],[-25.918719195999984,83.51945160000008],[-25.92157649799998,83.51971890000004],[-25.927570600999957,83.52026280000007],[-25.933665899999937,83.52079570000006],[-25.939828899999952,83.52131460000004],[-25.946074196999973,83.52182200000004],[-25.952383101999942,83.52231760000006],[-25.95879740099997,83.52280000000007],[-25.963886397999943,83.52317150000005],[-26.027495098999964,83.52772440000007],[-26.091169999999977,83.53226910000006],[-26.103139700999975,83.53312160000007],[-26.103867700999956,83.53317510000005],[-26.104513595999947,83.53321980000004],[-26.154944996999973,83.53680870000005],[-26.21880929899993,83.54133840000009],[-26.282763001999967,83.54585830000008],[-26.346797907999928,83.55037250000004],[-26.351416402999973,83.55069670000006],[-26.351816207999946,83.55072630000006],[-26.352518205999957,83.55077430000006],[-26.410936997999954,83.55487930000004],[-26.475165601999947,83.55937620100008],[-26.475623498999937,83.55940710000004],[-26.476285305999966,83.55945610000003],[-26.478604701999927,83.55961550100005],[-26.539456599999937,83.56386700000007],[-26.603856002999976,83.56834830000008],[-26.60767599999997,83.56861100000003],[-26.614339196999936,83.56905350100004],[-26.62106519799994,83.56948400100003],[-26.626733799999954,83.56983200100007],[-26.66319909999993,83.57203729900004],[-26.699711199999967,83.57423840000007],[-26.73622409999996,83.57643870000004],[-26.77278380499996,83.57863490000005],[-26.809363305999966,83.58083060000007],[-26.845951601999957,83.58302130000004],[-26.88257879699995,83.58521200000007],[-26.91923369899996,83.58739800000006],[-26.955912403999946,83.58958150000007],[-26.99121219799997,83.59167980000007],[-26.991498796999963,83.59169740000004],[-26.998157093999964,83.59208720000004],[-27.005114600999946,83.59247710000005],[-27.012134297999978,83.59285480100004],[-27.01920470099998,83.59321590000008],[-27.02631809899998,83.59356440000005],[-27.033497396999962,83.59389880000003],[-27.04073869499996,83.59422110000008],[-27.048011499999973,83.59452630000004],[-27.055346303999954,83.59481940000006],[-27.062712396999927,83.59509540000005],[-27.070140398999968,83.59535920100006],[-27.07137649799995,83.59540240000007],[-27.125866706999943,83.59725290000006],[-27.180405898999936,83.59909820000007],[-27.234975001999942,83.60093810000006],[-27.289574003999974,83.60277240000005],[-27.34418729799995,83.60459860000003],[-27.39884579699998,83.60642180100007],[-27.453537595999933,83.60823740100005],[-27.47651389599997,83.60899890000007],[-27.47817009199997,83.60905450000007],[-27.478415994999978,83.60906200000005],[-27.50825519999995,83.61004949900007],[-27.56302520299994,83.61185440000008],[-27.60337670299998,83.61318020000004],[-27.671252395999943,83.61595760000006],[-27.73918680299994,83.61872609900007],[-27.80927599599994,83.62156999900003],[-27.879427300999964,83.62440450000008],[-27.888988105999942,83.62479070000006],[-27.959205894999968,83.62761410000007],[-28.02948549799993,83.63042800000005],[-28.099831200999972,83.63323340000005],[-28.170238498999936,83.63602920000005],[-28.179871298999956,83.63641100000007],[-28.250344500999972,83.63919560000005],[-28.320878996999966,83.64197070000006],[-28.391471198999966,83.64473590100005],[-28.47177099499993,83.64786780000009],[-28.54249920199993,83.65061240100005],[-28.61328820199998,83.65334739900004],[-28.684134204999964,83.65607250000005],[-28.755040699999938,83.65878800000007],[-28.764703999999938,83.65915650000005],[-28.835683202999974,83.66186200000004],[-28.90672270099998,83.66455780000007],[-28.977818600999967,83.66724360000006],[-29.04897449999993,83.66991970000004],[-29.058709101999966,83.67028370000008],[-29.129927400999975,83.67294960000004],[-29.201205302999938,83.67560590000005],[-29.27255049699994,83.67825120000003],[-29.343955102999928,83.68088670000003],[-29.353702297999973,83.68124510100006],[-29.42516859699998,83.68387040000005],[-29.49669400199997,83.68648590000004],[-29.568284405999975,83.68909160100003],[-29.639933699999972,83.69168739900005],[-29.64971259899994,83.69204049900003],[-29.72142450399997,83.69462490000006],[-29.793194795999966,83.69719960000003],[-29.86502960499996,83.69976430000008],[-29.936922597999967,83.70231920000003],[-29.946732999999938,83.70266689900006],[-30.01869770299993,83.70521050000008],[-30.09072019399997,83.70774430000006],[-30.16278549799995,83.71026880000005],[-30.234908391999966,83.71278340000003],[-30.244749897999952,83.71312570000003],[-30.316943696999942,83.71562900000004],[-30.389194806999967,83.71812240000008],[-30.461499298999968,83.72060560000006],[-30.533860605999962,83.72307880000005],[-30.535265202999938,83.72312690100006],[-30.54288250199994,83.72337420000008],[-30.55051700599995,83.72360840100004],[-30.55821089899996,83.72382800000008],[-30.565924699999982,83.72403250000008],[-30.57367809899995,83.72422210100007],[-30.581451397999956,83.72439650100006],[-30.589264095999965,83.72455600100005],[-30.597096500999953,83.72470030000005],[-30.604948596999975,83.72482940000003],[-30.612820393999982,83.72494330000006],[-30.620711701999937,83.72504210000005],[-30.62862249799997,83.72512560000007],[-30.63655279799997,83.72519400000004],[-30.644480001999966,83.72524900000008],[-30.652409597999963,83.72528630000005],[-30.66035859799996,83.72530850000004],[-30.66828460399995,83.72531700000008],[-30.67623249999997,83.72530820000009],[-30.680906999999934,83.72529790000004],[-30.742708295999932,83.72510590100006],[-30.804505700999982,83.72490660000005],[-30.880317202999947,83.72465180000006],[-30.956122394999966,83.72438600000004],[-31.017908903999967,83.72416100000004],[-31.07969099999997,83.72392880000007],[-31.155480900999976,83.72363510000008],[-31.23126360499998,83.72333040000007],[-31.29302139799995,83.72307340000003],[-31.354774198999962,83.72280910000006],[-31.43054050199993,83.72247540000006],[-31.506298597999944,83.72213089900004],[-31.568034997999973,83.72184200000004],[-31.629765593999934,83.72154580000006],[-31.705494999999928,83.72117200000008],[-31.78121530599998,83.72078740000006],[-31.84292739999995,83.72046660000007],[-31.904633199999978,83.72013860000004],[-31.980330996999953,83.71972600000004],[-32.05601879599993,83.71930250000008],[-32.11770520099998,83.71894890000004],[-32.17938449799993,83.71858790000005],[-32.25504859999995,83.71813540000005],[-32.33070169499996,83.71767210000007],[-32.39234859599998,83.71728640000003],[-32.453987806999976,83.71689359900006],[-32.52960380099995,83.71640220000006],[-32.60520800299997,83.71589990000007],[-32.66682249699994,83.71548250000006],[-32.72842880199994,83.71505790000003],[-32.80400440599993,83.71452660000006],[-32.87956719399995,83.71398460000006],[-32.94114769999993,83.71353430000005],[-33.00271940299996,83.71307680000007],[-33.078250296999954,83.71250690000005],[-33.15376740399995,83.71192610000008],[-33.20998589499993,83.71148620000008],[-33.26619650199996,83.71104030000004],[-33.34167240399995,83.71043200000008],[-33.417133700999955,83.70981280000007],[-33.45551880199997,83.70969290000005],[-33.50454030099996,83.70953280000003],[-33.553557696999974,83.70937049900004],[-33.60259409699995,83.70920180100006],[-33.65160649699993,83.70903080000005],[-33.70063779999998,83.70885340000007],[-33.74964669399998,83.70867140100006],[-33.79865289999998,83.70848510000008],[-33.84765620199994,83.70829440000006],[-33.896676500999945,83.70809950000006],[-33.903875693999964,83.70806380000005],[-33.91178539899994,83.70801050000006],[-33.919667095999955,83.70794160000008],[-33.92756039999995,83.70785740000008],[-33.93542550099994,83.70775760000004],[-33.943280699999946,83.70764440100004],[-33.94630559899997,83.70759590000006],[-33.97117290299997,83.70719120000007],[-34.045971202999965,83.70596370000004],[-34.12074039699996,83.70472560000007],[-34.14556790199998,83.70431070000006],[-34.22030160099996,83.70305840000003],[-34.29500559999997,83.70179550000006],[-34.319830801999956,83.70137280000006],[-34.39448880599997,83.70009570000008],[-34.46911659999995,83.69880790000008],[-34.49389959999996,83.69837730000006],[-34.568490501999975,83.69707530100004],[-34.64305070299997,83.69576290000003],[-34.66781089999995,83.69532430000004],[-34.74233279999993,83.69399880000003],[-34.816823401999955,83.69266270000008],[-34.841580198999964,83.69221640000006],[-34.91602410199994,83.69086400000003],[-34.99043609699993,83.68950090000004],[-35.01514949799997,83.68904670000006],[-35.08952200099998,83.68767070000007],[-35.16386210299993,83.68628409900003],[-35.18855150099995,83.68582199900004],[-35.26284220499997,83.68442130000005],[-35.33709990099993,83.68301000000008],[-35.361766200999966,83.68253800000008],[-35.435983104999934,83.68111380000005],[-35.51016660099998,83.67967900000008],[-35.530308401999946,83.67928620000004],[-35.60445300099997,83.67783810000003],[-35.67856369699996,83.67637940000003],[-35.744289701999946,83.67522640000004],[-35.80999180099997,83.67406520000003],[-35.87792570199997,83.67285490000006],[-35.94583360599995,83.67163570000008],[-36.01370779499996,83.67040840000004],[-36.08155569699994,83.66917240000004],[-36.149389793999944,83.66792720000007],[-36.21719719699996,83.66667320000005],[-36.28497029999994,83.66541120000005],[-36.35271639899997,83.66414030000004],[-36.42043820499998,83.66286040000006],[-36.48813269699997,83.66157159900007],[-36.55580249999997,83.66027370000006],[-36.62344460399993,83.65896710000004],[-36.69105150099995,83.65765240000007],[-36.75863039999996,83.65632900000008],[-36.826184299999966,83.65499540000008],[-36.893709797999975,83.65365300000008],[-36.961209003999954,83.65230370000006],[-37.02867959399998,83.65094570100007],[-37.034266695999975,83.65082870000003],[-37.04195759499993,83.65065390100006],[-37.04961320099994,83.65046350000006],[-37.05725260199995,83.65026000000006],[-37.06485659499998,83.65004100000004],[-37.070040596999945,83.64988300000005],[-37.100471796999955,83.64892940000004],[-37.172553799999946,83.64666110000007],[-37.244584499999974,83.64438290000004],[-37.27496549899996,83.64341949900006],[-37.34691879799993,83.64112700000004],[-37.41882039899997,83.63882450100004],[-37.44917099899993,83.63784930100007],[-37.52099439199998,83.63553360000003],[-37.592765595999936,83.63320800000008],[-37.62304560299998,83.63222300000007],[-37.69474849299996,83.62988210000003],[-37.76639870199995,83.62753130000004],[-37.79662730499996,83.62653660000007],[-37.86819839599997,83.62417280000005],[-37.93971649699995,83.62179900100006],[-37.969873803999974,83.62079460100006],[-38.04132209299996,83.61840670000004],[-38.11271719699994,83.61600900000008],[-38.142841904999955,83.61499500000008],[-38.21415689899993,83.61258310000005],[-38.28541819999998,83.61016150000006],[-38.31547110499997,83.60913560000006],[-38.386661398999934,83.60670100000004],[-38.45779769899997,83.60425660000004],[-38.48779780499996,83.60322110000004],[-38.55885299999994,83.60076160000006],[-38.629853698999966,83.59829230100007],[-38.65982010099998,83.59724720000008],[-38.730739195999945,83.59476500000005],[-38.80160339899993,83.59227299900004],[-38.806075403999955,83.59211140000008],[-38.813437498999974,83.59183530000007],[-38.82077979799993,83.59154380000007],[-38.82804379999993,83.59123700000004],[-38.83528800199997,83.59091699900006],[-38.84245389999995,83.59058159900007],[-38.84958030599995,83.59023310000003],[-38.85664790599998,83.58986919900008],[-38.863656300999935,83.58949440000004],[-38.87060580699995,83.58910409900005],[-38.87747680399997,83.58870080000008],[-38.88430809999994,83.58828199900006],[-38.891060892999974,83.58785230000007],[-38.89773499299997,83.58740940000007],[-38.90298399499994,83.58704680000005],[-38.914124397999956,83.58626909900005],[-38.925281696999946,83.58548910100006],[-38.93641689799995,83.58471100100007],[-38.947549497999944,83.58393050000006],[-38.95867960199996,83.58314970000004],[-38.96980699899996,83.58237090000006],[-38.980951398999935,83.58158970000005],[-38.992073698999945,83.58081050000004],[-39.00319350199993,83.58002880000004],[-39.01431070399997,83.57924690000004],[-39.01495310599995,83.57920330000007],[-39.02147409999998,83.57873280000007],[-39.027935800999956,83.57825120000007],[-39.034318601999985,83.57775650000008],[-39.04060300699996,83.57724870000004],[-39.046828105999964,83.57673000000005],[-39.05295479299997,83.57619810000006],[-39.05900249299998,83.57565310000007],[-39.05972199699994,83.57558980000005],[-39.11058279599996,83.57090870000007],[-39.161369898999965,83.56622250000004],[-39.21208990699995,83.56153250000006],[-39.26273629699995,83.55683750000009],[-39.31330590199997,83.55213660000004],[-39.363802104999934,83.54743080100008],[-39.414221693999934,83.54272010000005],[-39.46456799899994,83.53800440000003],[-39.51484759899995,83.53328400000004],[-39.56505419999996,83.52855860000005],[-39.61518449699997,83.52382840100006],[-39.66524180199997,83.51909340000003],[-39.71523280499997,83.51435350000008],[-39.765151000999936,83.50960880000008],[-39.81498350199996,83.50485820000006],[-39.86474339999995,83.50010280000004],[-39.86581680399996,83.50000000000006],[-39.914437394999936,83.49534370000003],[-39.96405890099993,83.49057980100008],[-40.00992009899994,83.48616690000006],[-40.053051196999945,83.48416220000007],[-40.096155899999985,83.48215390000007],[-40.16368550499993,83.47899960000007],[-40.23114989599998,83.47583630000008],[-40.29854490099996,83.47266249900008],[-40.36587460099997,83.46947980100003],[-40.38142129899995,83.46874420000006],[-40.44866730299998,83.46555120100004],[-40.51584780099995,83.46234930000008],[-40.58296809799998,83.45913810000008],[-40.65002279899994,83.45591800000005],[-40.71701749699997,83.45268960000004],[-40.78394640199997,83.44945240100003],[-40.799402199999975,83.44870220100006],[-40.866236895999975,83.44545380000005],[-40.933005596999976,83.44219650000008],[-40.99971370499998,83.43892990000006],[-41.06635559999995,83.43565460000008],[-41.132937004999974,83.43237099900006],[-41.19945199899996,83.42907870000005],[-41.21479839799997,83.42831860000007],[-41.281228297999974,83.42501510000005],[-41.347591602999955,83.42170290000007],[-41.41388469999998,83.41838250000006],[-41.48011120399997,83.41505350000006],[-41.54627639399996,83.41171530000008],[-41.61237470499998,83.40836830000006],[-41.627628604999984,83.40759390000005],[-41.69365070099997,83.40423590000006],[-41.759605799999974,83.40086920000005],[-41.82548080299995,83.39749450000005],[-41.89128870099995,83.39411119900006],[-41.95703480099996,83.39071880000006],[-42.02271359499997,83.38731770000004],[-42.03787509499995,83.38653130100005],[-42.10346819899996,83.38312040100004],[-42.16899399799996,83.37970090000005],[-42.23445759699996,83.37627230000004],[-42.29985370299994,83.37283520000005],[-42.36517819599993,83.36938910000003],[-42.43043500199997,83.36593440100006],[-42.44548480599997,83.36513620000005],[-42.51066429699995,83.36167060000008],[-42.57577599999996,83.35819650000008],[-42.64081639799997,83.35471460000008],[-42.70578879599998,83.35122420000005],[-42.77068990199996,83.34772590000006],[-42.83552290099993,83.34421920000005],[-42.850479296999936,83.34340930100007],[-42.915234501999976,83.33989170100006],[-42.97992159399996,83.33636580000007],[-43.04453650099998,83.33283100000006],[-43.10908309699994,83.32928780000003],[-43.17355790199997,83.32573680000007],[-43.237964405999946,83.32217750000007],[-43.252825704999964,83.32135370100008],[-43.317154596999956,83.31778470000006],[-43.381415097999934,83.31420740000004],[-43.44560309499997,83.31062130000004],[-43.509722400999976,83.30702690000004],[-43.57377849899996,83.30342359900004],[-43.637765799999954,83.29981210000005],[-43.696199701999944,83.29650330000004],[-43.75457599699996,83.29318760000007],[-43.81836099699996,83.28955280000008],[-43.88207720499997,83.28590980000007],[-43.94573039499994,83.28225919900007],[-44.009314803999985,83.27860030000005],[-44.03041950399995,83.27777010000005],[-44.07856169699994,83.27587550000004],[-44.12665800199994,83.27397440000004],[-44.17474850499997,83.27207070000009],[-44.222794499999964,83.27016270100006],[-44.27083139999996,83.26824780000004],[-44.31882379899997,83.26632860000007],[-44.366789996999955,83.26440500000007],[-44.41473190199997,83.26247900000004],[-44.46266440299996,83.26054610000006],[-44.463677796999946,83.26050460000005],[-44.470639699999936,83.26021340000005],[-44.477552197999955,83.25990730000007],[-44.484433803999934,83.25958600000007],[-44.49126750099998,83.25925209900004],[-44.498033300999964,83.25890340000007],[-44.502584301999946,83.25865950000008],[-44.56037700199994,83.25551070000006],[-44.61812010299997,83.25235759900005],[-44.67579149299996,83.24919590000007],[-44.73343169899994,83.24602970000007],[-44.79100009899997,83.24285490000005],[-44.848516994999954,83.23967360000006],[-44.90598230299997,83.23648580000008],[-44.96339600399995,83.23329150000006],[-45.02075800099993,83.23009070000006],[-45.07806650099997,83.22688120000004],[-45.08306630199996,83.22659560000005],[-45.08964979899997,83.22620540000008],[-45.09616609999995,83.22580280100004],[-45.10261330599997,83.22538550000007],[-45.10556900499995,83.22519000000005],[-45.12133390199995,83.22412980000007],[-45.182348296999976,83.22002030100003],[-45.243289104999974,83.21590330000004],[-45.25899460599993,83.21483900000004],[-45.31983969999993,83.21071190000004],[-45.380611199999976,83.20657719900004],[-45.39627560399998,83.20550870000005],[-45.456961597999964,83.20136500100006],[-45.51757399999997,83.19721380000004],[-45.53319730099997,83.19614090000005],[-45.59371409999994,83.19197970000005],[-45.65415719799995,83.18781100000007],[-45.66973940299994,83.18673390000004],[-45.73008790299997,83.18255640000007],[-45.79036279799993,83.17837140000006],[-45.80592219699997,83.17728980000004],[-45.86610150499996,83.17309490000008],[-45.92620699499997,83.16889260000005],[-45.94170719699997,83.16780700000004],[-46.00171719999997,83.16359480000006],[-46.06165349799994,83.15937519900007],[-46.07711259699994,83.15828539900008],[-46.13696350399994,83.15405700000008],[-46.19674079799995,83.14982110000005],[-46.212158897999984,83.14872720000005],[-46.27184059899997,83.14448150000004],[-46.33144869299997,83.14022850000003],[-46.34682579299994,83.13913040000006],[-46.40633940099997,83.13486880000005],[-46.466977800999985,83.13051370000005],[-46.47316160399998,83.13005630000004],[-46.479258596999955,83.12958690000005],[-46.48530499599997,83.12910490000007],[-46.49126459799993,83.12861090000007],[-46.49543499699996,83.12825370000007],[-46.547491896999986,83.12373060000004],[-46.59948069999996,83.11920190000006],[-46.651398194999956,83.11466800000005],[-46.703247697999984,83.11012849900004],[-46.75503500199994,83.10558360100003],[-46.80675439999993,83.10103310000005],[-46.85840269799996,83.09647750000005],[-46.90998319299996,83.09191630000004],[-46.961491501999944,83.08734880000003],[-47.01293210399996,83.08277580000004],[-47.06431079999993,83.07819760000007],[-47.11562189999995,83.07361380000003],[-47.16686220099996,83.06902479900003],[-47.21803509299997,83.06443040000005],[-47.26914500399994,83.05982960000006],[-47.320187500999964,83.05522340000005],[-47.371159398999964,83.05061210000008],[-47.42206410199998,83.04599529900008],[-47.47093100099994,83.04155290000006],[-47.519735795999964,83.03710540000003],[-47.553124099999934,83.03420520000003],[-47.58648470199995,83.03130270000008],[-47.64196979999997,83.02646600000008],[-47.69737829999997,83.02162290000007],[-47.73260590199993,83.01853629900006],[-47.76780259699996,83.01544710000007],[-47.82303769899994,83.01058880000005],[-47.87819650399996,83.00572400000004],[-47.91326289999995,83.00262450000008],[-47.94829829699995,82.99952230000008],[-48.00328550099994,82.99464360000007],[-48.058196400999975,82.98975860000007],[-48.09310939899996,82.98664490000004],[-48.12799159799994,82.98352860100005],[-48.18272110699996,82.97862880000008],[-48.237374700999965,82.97372260000003],[-48.27211840199993,82.97059629900008],[-48.30683140299993,82.96746740000003],[-48.36132300199995,82.96254730000004],[-48.41573880499993,82.95762090000005],[-48.45033130699994,82.95448170000003],[-48.48489320099998,82.95134000000007],[-48.53912849999995,82.94639900000004],[-48.59328829999998,82.94145170000007],[-48.627728494999985,82.93829870000008],[-48.66213819999996,82.93514310000006],[-48.716128098999945,82.93018230000007],[-48.77004260199993,82.92521520000008],[-48.80431499599996,82.92204980000008],[-48.83855680299996,82.91888189900004],[-48.89230049699995,82.91390020100005],[-48.945969100999946,82.90891240000008],[-48.98009140499994,82.90573440000009],[-49.014183396999954,82.90255400000007],[-49.067681499999935,82.89755160000004],[-49.12110480499996,82.89254320000003],[-49.139560406999976,82.89081150000004],[-49.19288159499996,82.88579530000004],[-49.24612800299997,82.88077290000007],[-49.30483719599994,82.87815800000004],[-49.36350350199996,82.87553560000003],[-49.41334310499997,82.87330080000004],[-49.47615479799998,82.87047370000005],[-49.53891690499995,82.86763820000004],[-49.58863399899997,82.86538560000008],[-49.65131280199995,82.86253580000005],[-49.713941799999986,82.85967749900004],[-49.763567499999965,82.85740440000006],[-49.826102601999935,82.85453100100005],[-49.88858759499993,82.85164910100008],[-49.93807240199993,82.84935890000008],[-50.00047180299998,82.84646170000008],[-50.06282090099995,82.84355620000008],[-50.112230402999955,82.84124510000004],[-50.17448469999994,82.83832450000006],[-50.23668849799998,82.83539560000008],[-50.28595630199993,82.83306750000008],[-50.34807519999998,82.83012440000005],[-50.410143397999946,82.82717299900008],[-50.459320694999974,82.82482669900008],[-50.521291695999935,82.82185929900004],[-50.58321170199997,82.81888360000005],[-50.63226369999995,82.81652000000008],[-50.69408780499998,82.81352940000005],[-50.755860696999946,82.81053050000008],[-50.80481789999993,82.80814660000004],[-50.86650310099998,82.80513270000006],[-50.92813690099996,82.80211050000008],[-50.93290320199998,82.80187250000006],[-50.93929549899997,82.80153770000004],[-50.94564940199996,82.80119040000005],[-50.951941001999955,82.80082680000004],[-50.95817719899998,82.80045100000007],[-50.96437149899998,82.80006060100004],[-50.970510299999944,82.79965800000008],[-50.97659009999995,82.79924130000006],[-50.98259369899995,82.79881070000005],[-50.988558904999934,82.79836770000009],[-50.99444790199993,82.79791080000007],[-51.00028130499993,82.79744190000008],[-51.003847202999964,82.79714630000007],[-51.037645399999974,82.79430289900006],[-51.09249859899995,82.78967820000008],[-51.14728169899996,82.78504700000008],[-51.20198379899995,82.78041000100006],[-51.25661590499993,82.77576650000003],[-51.31119089699996,82.77111550000006],[-51.36569599999996,82.76645810000008],[-51.42012009599995,82.76179489900005],[-51.47447459699998,82.75712530000004],[-51.50791420099995,82.75424600100007],[-51.56215529499997,82.74956660100008],[-51.616326597999944,82.74488070000007],[-51.61892439899998,82.74465540000006],[-51.670440902999985,82.74018740000008],[-51.724485596999955,82.73548780000004],[-51.778449801999955,82.73078240000007],[-51.83234440199993,82.72607070100008],[-51.886173603999964,82.72135190000006],[-51.93993340099996,82.71662670000006],[-51.97300279499996,82.71371480000005],[-52.02664969999995,82.70897990000003],[-52.08022739399996,82.70423880000004],[-52.13373970299995,82.69949050000008],[-52.187182904999986,82.69473590000007],[-52.24055420099995,82.68997560000008],[-52.29385649999995,82.68520900000004],[-52.34708699799995,82.68043670000003],[-52.40024860099993,82.67565810000008],[-52.43294600099995,82.67271190000008],[-52.48599529799998,82.66792390100005],[-52.53897570099997,82.66312960100004],[-52.59189110099993,82.65832830000005],[-52.644737695999936,82.65352080000008],[-52.697511101999964,82.64870660000008],[-52.75021569399996,82.64388620000005],[-52.80285729999997,82.63906000000009],[-52.85543039899994,82.63422750000007],[-52.887774202999935,82.63124720000008],[-52.94023569999996,82.62640540000007],[-52.99262859799995,82.62155760000007],[-53.044948499999975,82.61670310000005],[-53.097200004999934,82.61184249900003],[-53.14938889699994,82.60697610000005],[-53.20150949899994,82.60210360000008],[-53.25355719899994,82.59722450000004],[-53.30553680199995,82.59233939900008],[-53.337500003999935,82.58932850000008],[-53.389376797999944,82.58443390000008],[-53.44118560399994,82.57953340000006],[-53.49291559899996,82.57462760100003],[-53.54457760199995,82.56971580000004],[-53.59617540199997,82.56479720000004],[-53.647705293999934,82.55987270000008],[-53.69917299999997,82.55494239900008],[-53.75057299499997,82.55000620100003],[-53.78217449699997,82.54696480100006],[-53.83346220399994,82.54201850000004],[-53.88468229399996,82.53706640000007],[-53.935834401999955,82.53210989900003],[-53.98691889899993,82.52714750000007],[-54.037939499999936,82.52217840000003],[-54.088892802999965,82.51720340000008],[-54.13977399699996,82.51222210000003],[-54.190587999999934,82.50723490000007],[-54.22184240299998,82.50416070000006],[-54.27254689399996,82.49916470000005],[-54.323184298999934,82.49416280000008],[-54.37376019799996,82.48915540100006],[-54.42426899999998,82.48414220100005],[-54.47470620099995,82.47912260000004],[-54.525076395999974,82.47409730000004],[-54.57537730299998,82.46906670000004],[-54.62561129499994,82.46403030000005],[-54.65650909599998,82.46092669900008],[-54.70664039899998,82.45588040000007],[-54.75670509699995,82.45082830000007],[-54.80670059899995,82.44577100000004],[-54.85662960299993,82.44070810000005],[-54.90648969899996,82.43563989900008],[-54.956283301999974,82.43056609900003],[-55.00601379799997,82.42548580100004],[-55.055678101999945,82.42039980000004],[-55.08844740099994,82.41703680000006],[-55.09710840499997,82.41614799900003],[-55.13849249599997,82.41189240000006],[-55.18797409899997,82.40679230000006],[-55.237389493999956,82.40168670000008],[-55.28674229999996,82.39657460100005],[-55.33602910399998,82.39145700000006],[-55.385255395999934,82.38633390000007],[-55.43441589799994,82.38120530000003],[-55.45373099999995,82.38025670000007],[-55.49106869899998,82.37841820000006],[-55.52838929999996,82.37657660000008],[-55.56569259899993,82.37473190000009],[-55.60297880599995,82.37288410000008],[-55.640231796999956,82.37103390000004],[-55.67747889699996,82.36917790000007],[-55.71471330099996,82.36732090000004],[-55.751914597999985,82.36546140000007],[-55.75488599899995,82.36531000000008],[-55.76096449499994,82.36499060000006],[-55.76699039999994,82.36465490000006],[-55.77297269799993,82.36430700000005],[-55.77892279599996,82.36394430000007],[-55.78339399799995,82.36366040000007],[-55.78396540099993,82.36362280000003],[-55.84005270199998,82.35999510000005],[-55.89608699499996,82.35636019900005],[-55.896657295999944,82.35632239900008],[-55.95264030199996,82.35267959900006],[-56.00857009499998,82.34902970100006],[-56.00912359599994,82.34899230000008],[-56.065004199999976,82.34533550100008],[-56.120831805999956,82.34167150000007],[-56.12140000699998,82.34163340000003],[-56.17716810099995,82.33796190000004],[-56.23288309999998,82.33428320000007],[-56.23345020299996,82.33424500000007],[-56.289115899999956,82.33055950000005],[-56.344728300999975,82.32686680000006],[-56.34529440499995,82.32682850000003],[-56.40084729899996,82.32312830000006],[-56.45634699799996,82.31942110000006],[-56.45689630099997,82.31938320000006],[-56.51234649699995,82.31566920000006],[-56.567743501999985,82.31194800000003],[-56.56830739999998,82.31190940000005],[-56.62365259799998,82.30818050000005],[-56.678944298999966,82.30444450000005],[-56.679507300999944,82.30440570000007],[-56.734739299999944,82.30066230000006],[-56.78991800099993,82.29691180000003],[-56.84171429999998,82.29338160100008],[-56.89346349899995,82.28984510000004],[-56.92913349699995,82.28766050000007],[-56.964783403999945,82.28547290100005],[-57.004083100999935,82.28305510000007],[-57.043358299999966,82.28063380100008],[-57.082611001999965,82.27820910000008],[-57.121839199999954,82.27578090000003],[-57.16104489799994,82.27334930000006],[-57.20022609999995,82.27091420000005],[-57.23938470199994,82.26847560000004],[-57.27851879899998,82.26603360000007],[-57.31762009899995,82.26358750000009],[-57.35669680099994,82.26113779900004],[-57.395758704999935,82.25868440000005],[-57.434796001999985,82.25622760000005],[-57.47380299699995,82.25376770000008],[-57.512785303999976,82.25130430000007],[-57.551742494999985,82.24883650000004],[-57.59067510099993,82.24636519900008],[-57.629579699999965,82.24389190000005],[-57.66845969599996,82.24141510000004],[-57.66877009899997,82.24139479900003],[-57.715286197999944,82.23842740000003],[-57.76176690199998,82.23545500000006],[-57.80842689799994,82.23246280000006],[-57.85505110099996,82.22946550000006],[-57.901642401999936,82.22646350000008],[-57.948197997999955,82.22345640100008],[-57.994718304999935,82.22044360000007],[-58.04120269799995,82.21742560100006],[-58.08765670199995,82.21440400000006],[-58.13407489999997,82.21137730000004],[-58.180447397999956,82.20834420100005],[-58.22678400299998,82.20530600000006],[-58.27309009999993,82.20226410000004],[-58.31936040099998,82.19921720000008],[-58.36559509799997,82.19616460000003],[-58.41179390199994,82.19310690000003],[-58.44933330099997,82.19061700000003],[-58.486849001999985,82.18812370000006],[-58.48723189999998,82.18809940000006],[-58.48750750199997,82.18807990000005],[-58.50408939899995,82.18697720000006],[-58.53459549899998,82.18494390000006],[-58.56508579399997,82.18290850000005],[-58.60627829899994,82.18137140000005],[-58.643592001999934,82.17997569900007],[-58.68089239699998,82.17857670000006],[-58.71817810099998,82.17717360000006],[-58.75545039799994,82.17576720000005],[-58.79270550599995,82.17435930000005],[-58.829947199999935,82.17294800000008],[-58.867181700999936,82.17153230000008],[-58.90440279799998,82.17011340000005],[-58.94161159799995,82.16869150000008],[-58.978806995999946,82.16726630000005],[-59.01597969699998,82.16583740000004],[-59.05313899799995,82.16440520000003],[-59.09029339899996,82.16296970000008],[-59.12743440299994,82.16153090000006],[-59.164555200999985,82.16008950000008],[-59.20166250199998,82.15864480000005],[-59.23876489999998,82.15719680000007],[-59.275853703999985,82.15574550000008],[-59.27591450099993,82.15574260000005],[-59.276350400999945,82.15572650000007],[-59.27668979799995,82.15571260000007],[-59.28821740099994,82.15526250000005],[-59.30071620399997,82.15477250000004],[-59.31321360099997,82.15428220000007],[-59.325709503999974,82.15379160000003],[-59.338203902999965,82.15330060000008],[-59.350696798999934,82.15280930000006],[-59.36318819899998,82.15231750000004],[-59.37567810099995,82.15182550000003],[-59.388166500999944,82.15133310100003],[-59.39972739999996,82.15087780000005],[-59.40051700299995,82.15084690000003],[-59.40660959899998,82.15059830000007],[-59.41266450099994,82.15033510100005],[-59.41870210199994,82.15005860000008],[-59.424681402999965,82.14976630000007],[-59.43062829899998,82.14946140000006],[-59.43655240199996,82.14914130000005],[-59.442403001999935,82.14880590000007],[-59.448236202999965,82.14845730000008],[-59.45400110199995,82.14809560000003],[-59.45973349899998,82.14772140000008],[-59.465422503999946,82.14733050000007],[-59.47104319999994,82.14692650000006],[-59.47661599799994,82.14651080100003],[-59.48213569599994,82.14608120000008],[-59.487602195999955,82.14563780000003],[-59.493000295999934,82.14518130000005],[-59.49835049899997,82.14471310000005],[-59.50364739599996,82.14423100000005],[-59.50886069799998,82.14373650000005],[-59.50920190199997,82.14370370000006],[-59.55360140299996,82.13940670000005],[-59.59794929599997,82.13510310000004],[-59.642256300999975,82.13079700000003],[-59.68649659799996,82.12648500000006],[-59.73071120099996,82.12216980000005],[-59.774859198999934,82.11784870000008],[-59.81897610499993,82.11352240000008],[-59.86303179999999,82.10919230000007],[-59.90704139999997,82.10485770000008],[-59.95100499899996,82.10051860000004],[-59.953566198999965,82.10026490000007],[-59.95862540099995,82.09974660000006],[-59.963615800999946,82.09921530000008],[-59.96855249999999,82.09867030000004],[-59.97339570299994,82.09811580000007],[-59.97819059899996,82.09754950000007],[-59.98290160199997,82.09697110000008],[-59.987534299999936,82.09638240000004],[-59.99209810299993,82.09578070000003],[-59.99658890099994,82.09517090000008],[-59.99993379699998,82.09470010000007],[-60.000996003999944,82.09454890000006],[-60.001069702999985,82.09453820000004],[-60.02769540299994,82.09076700000008],[-60.054295997999986,82.08699410000008],[-60.081856295999955,82.08307770000005],[-60.109389600999975,82.07915960000008],[-60.136900803999936,82.07524070000005],[-60.16438489799998,82.07132000100006],[-60.191841497999974,82.06739640000006],[-60.21927109899997,82.06347110000007],[-60.246675901999936,82.05954390000005],[-60.27405379999993,82.05561490000008],[-60.29691829799998,82.05232870000003],[-60.29867649799996,82.05207979900007],[-60.29964929499994,82.05193659900004],[-60.32871850399994,82.04775240000004],[-60.35601550399997,82.04381950100003],[-60.38328569799995,82.03988480000004],[-60.41052850099999,82.03594720000007],[-60.43774460399993,82.03200790000005],[-60.46287579699998,82.02836410000003],[-60.46373319999998,82.02824250000003],[-60.464700394999966,82.02809890000003],[-60.49209539699996,82.02412190000007],[-60.51858319599995,82.02027079900006],[-60.545045596999955,82.01641809900008],[-60.54587650299993,82.01629989900005],[-60.54753630499994,82.01605670100008],[-60.571681299999966,82.01250180100004],[-60.575457195999945,82.01194520000007],[-60.59580499699996,82.00894550000004],[-60.619916502999956,82.00538750000004],[-60.644006599999955,82.00182800000005],[-60.66807719999997,81.99826710000008],[-60.69212649999997,81.99470479900003],[-60.716148895999936,81.99114160000005],[-60.74015009999994,81.98757690000008],[-60.76413180099996,81.98401079900003],[-60.78809230099995,81.98044330100004],[-60.812030498999945,81.97687350000007],[-60.835947602999966,81.97330220000003],[-60.859840704999954,81.96973090000006],[-60.883712696999964,81.96615830000007],[-60.907572699999946,81.96258390000008],[-60.93141149999997,81.95900810000006],[-60.95522090299994,81.95543030000005],[-60.97900929799994,81.95185110000006],[-61.00491939999995,81.94795000100004],[-61.04975460199995,81.94323090100005],[-61.084815900999956,81.93953420100007],[-61.11984529699998,81.93583450100004],[-61.15484529999998,81.93213200000008],[-61.18503920499995,81.92893230000004],[-61.18981340199997,81.92842639900005],[-61.22474939899996,81.92471700000004],[-61.259653501999935,81.92100460000006],[-61.29452379899993,81.91729080000005],[-61.329362396999954,81.91357410000006],[-61.36416879799998,81.90985349900006],[-61.398943403999965,81.90612990000005],[-61.43368890099998,81.90240350000005],[-61.46840249899998,81.89867410000005],[-61.50307979899998,81.89494230000008],[-61.53772529999998,81.89120760000003],[-61.572338798999965,81.88746900000007],[-61.60692060399998,81.88372760000004],[-61.64147619899995,81.87998430000005],[-61.67600009999995,81.87623810000008],[-61.679224499999975,81.87588320000003],[-61.684026201999984,81.87533850000005],[-61.68874959999994,81.87478379900006],[-61.693403400999955,81.87421649900006],[-61.69797889999995,81.87363919900008],[-61.70250499699995,81.87305040000007],[-61.70693260099995,81.87245049900008],[-61.71129060099997,81.87183790000006],[-61.715575902999944,81.87121740000003],[-61.71979170099996,81.87058409900004],[-61.723914702999934,81.86994180000005],[-61.72640809799998,81.86954200000008],[-61.75818949799998,81.86438740000006],[-61.759365199999934,81.86419840100007],[-61.75959980099998,81.86415680100004],[-61.76808289599995,81.86278160000006],[-61.78889880099996,81.85940080000006],[-61.800714900999935,81.85747950000007],[-61.80969750199995,81.85601890000004],[-61.83047750099996,81.85263490000006],[-61.85124039899995,81.84924990000007],[-61.87198040199996,81.84586420000005],[-61.89270320199995,81.84247740000006],[-61.913410401999954,81.83908959900003],[-61.92530489999996,81.83714129900005],[-61.93410039899999,81.83570070000007],[-61.954777701999944,81.83231170100004],[-61.97543789799994,81.82892170000008],[-61.99607960299994,81.82552960000004],[-62.01670430399997,81.82213640000003],[-62.03731339799998,81.81874220000003],[-62.05790539599997,81.81534690000007],[-62.064188799999954,81.81431130000004],[-62.06444919899997,81.81426790000006],[-62.09902710299997,81.80855400000007],[-62.139258998999935,81.80189460000008],[-62.140012500999944,81.80177290000006],[-62.14394170099996,81.80111000000005],[-62.147792797999955,81.80043740000008],[-62.15156570299996,81.79975490100009],[-62.155246096999974,81.79906340000008],[-62.15883410099997,81.79836300100004],[-62.16234389999994,81.79765280000004],[-62.165767098999936,81.79693560100003],[-62.16911219899998,81.79620870000008],[-62.17235050099998,81.79547360000004],[-62.17550229899996,81.79473150000007],[-62.178561696999964,81.79398050000003],[-62.18153449999994,81.79322260000004],[-62.18440070299994,81.79245660000004],[-62.18718609999996,81.79168570000007],[-62.188239098999986,81.79138270000004],[-62.212512293999964,81.78436460000006],[-62.23817239699997,81.77692839900004],[-62.26378650099997,81.76949060000004],[-62.289358396999944,81.76205080000005],[-62.31488429999996,81.75460929900004],[-62.34036409999999,81.74716730000006],[-62.36579819699995,81.73972360100004],[-62.389760398999954,81.73269729900005],[-62.415104499999984,81.72525029900004],[-62.44040329599994,81.71780180100006],[-62.46566049599994,81.71035130000007],[-62.49087279899999,81.70289910000008],[-62.516036595999935,81.69544550100005],[-62.54115559899998,81.68799020100005],[-62.56482019699996,81.68095290000008],[-62.58986060299998,81.67349499900007],[-62.60022019999997,81.67040340000005],[-62.61485639799997,81.66603560000004],[-62.63980140399997,81.65857350000005],[-62.664702199999965,81.65110990000005],[-62.689558198999976,81.64364580000006],[-62.714370100999986,81.63618010000005],[-62.737742201999936,81.62913219900008],[-62.76247399799996,81.62166290000005],[-62.787162001999945,81.61419210000008],[-62.81180280099994,81.60671980000006],[-62.83640019699993,81.59924600000005],[-62.860950602999935,81.59177060000007],[-62.88545769999996,81.58429380000007],[-62.90854779899996,81.57723740000006],[-62.932976001999975,81.56975700000004],[-62.957361299999945,81.56227500000006],[-62.98170299599997,81.55479270000006],[-63.00600199699994,81.54730879900006],[-63.03025470299997,81.53982340000005],[-63.05446490099996,81.53233660000006],[-63.07727189999997,81.52526989900008],[-63.101404500999934,81.51777949900008],[-63.118001799999945,81.51261800000003],[-63.12549489899993,81.51028770000005],[-63.149539500999936,81.50279440000008],[-63.17354210199994,81.49529970000003],[-63.19750899899998,81.48780410000006],[-63.22143390399998,81.48030700000004],[-63.243976103999955,81.47322929900008],[-63.26780819999993,81.46572870000006],[-63.29159880399993,81.45822660000005],[-63.31535410499998,81.45072360000006],[-63.339068098999974,81.44321920000004],[-63.36274400099995,81.43571300100007],[-63.386378803999946,81.42820530000006],[-63.40864690099994,81.42111770000008],[-63.432199898999954,81.41360709900005],[-63.45571199999995,81.40609510000007],[-63.465573897999946,81.40293944100006],[-63.22215788699998,81.36356442900006],[-63.12416050999997,81.34756631500005],[-62.87666432599997,81.30681342900004],[-62.87525222199997,81.30657934600004],[-62.76566260399994,81.28835814300004],[-62.73790095999993,81.28372510600008],[-62.027164751999976,81.16270231500005],[-61.88632276499993,81.13815788100004],[-61.380483950999974,80.99107847400006],[-61.021691525999984,80.87312541800003],[-60.75407103799995,80.75843154500006],[-60.58828276699995,80.70172230500003],[-60.42454238999994,80.64493549300005],[-60.286130096999955,80.60553908100007],[-60.06125059799996,80.56281899100009],[-59.90630395499994,80.53028344400008],[-59.60125058699998,80.47940289200005],[-59.22432212599995,80.41978109400003],[-58.97472012999998,80.37264347900003],[-58.75956182599998,80.33640436000007],[-58.38182882199993,80.27224148800008],[-58.076575753999975,80.21812459400007],[-57.726804587999936,80.14783485600003],[-57.15541418099997,80.03770077800004],[-44.00000022599994,78.00000004000003],[-43.99645110299997,77.07873352200005],[-43.99477104399995,76.30709897500003],[-43.994710848999944,76.26551363800007],[-43.99414272399997,75.61128127100005],[-43.998365192999984,72.89510266100007],[-43.998684708999974,72.79885073200006],[-43.999997304999965,72.43220600200004],[-43.99999720899996,71.00000003100007],[-42.99999252099997,70.99999987600006],[-41.99998275499996,70.99999973000007],[-40.99996338899996,70.99999943500006],[-39.99992790199997,70.99999863000005],[-38.99986543099993,70.99999741900007],[-38.93618739899995,71.00015756800008],[-38.154909808999946,71.00034778300005],[-37.99976135299994,70.99999498700004],[-36.99959383899994,70.99999090400007],[-35.999331979999965,70.99998400000004],[-34.99893387499998,70.99997288400004],[-33.99834276799993,70.99995537400008],[-32.997482393999974,70.99992847800007],[-31.996252031999973,70.99988777200008],[-30.994520971999975,70.99982775600006],[-29.99211824899993,70.99974045400006],[-28.988825292999934,70.99961542700004],[-28.821504534999974,70.99959007400008],[-28.01256914399994,71.09934585800005],[-27.88304307599998,71.12136651200007],[-27.745449548999943,71.14189972200006],[-27.474017513999968,71.18327696100005],[-26.958408559999953,71.25681322200006],[-26.332146799999975,71.34578919500007],[-26.23160059999998,71.40785831000005],[-26.187183938999965,71.47140062500006],[-26.170959554999968,71.50567002500003],[-26.16883788299998,71.53957462100004],[-26.15957832299995,71.56649377200006],[-26.15240190299994,71.57335035800008],[-26.14038288599994,71.57515164000006],[-26.11681687099997,71.57563532600005],[-26.10237719099996,71.56886960500003],[-26.078273501999945,71.56169915400005],[-26.045899772999974,71.55211579000007],[-26.024928946999978,71.54646510200007],[-25.992034597999975,71.54129670200007],[-25.963900998999975,71.53645279100004],[-25.94038016899998,71.53691490300008],[-25.915974621999965,71.53626194400005],[-25.903178797999942,71.54035743800006],[-25.898898789999976,71.54531082900007],[-25.890929575999962,71.55079411700007],[-25.88084077299993,71.55455308000006],[-25.864148562999958,71.55469714200007],[-25.851495522999983,71.55380981300004],[-25.841301946999977,71.55178088000008],[-25.837257086999955,71.54808179500003],[-25.836811831999967,71.54279681000008],[-25.832699687999934,71.53723970900006],[-25.819499263999944,71.53346715600003],[-25.77417587599996,71.52377734300006],[-25.731837016999975,71.51782754900006],[-25.701497752999956,71.51862444200003],[-25.67033992499995,71.52319622100003],[-25.654057359999968,71.52646369000007],[-25.62709899999993,71.52247129000006],[-25.60946589699995,71.51323669500005],[-25.58360059399996,71.50252255500004],[-25.568126435999943,71.48900688400005],[-25.547635340999932,71.48436891600005],[-25.540348825999956,71.47844098800005],[-25.530105572999958,71.47416429900005],[-25.521312201999933,71.46997780800007],[-25.506480996999983,71.46903811600004],[-25.495143536999933,71.46631217200007],[-25.48042767399994,71.45963290700007],[-25.469901378999964,71.44971120400004],[-25.438847171999953,71.44469505400008],[-25.40600625999997,71.44564977400006],[-25.38629286899993,71.44982404500007],[-25.36969301199997,71.45481579200003],[-25.35830658499998,71.45900630100004],[-25.356186308999952,71.46111744000007],[-25.353700424999943,71.46227200600003],[-25.352571635999936,71.46310805200005],[-25.347663901999965,71.46472865600003],[-25.335713165999948,71.45557725600008],[-25.319859012999927,71.45037850300008],[-25.292247307999958,71.44765375700007],[-25.27154089399994,71.44751470300008],[-25.25176133499997,71.44610665800008],[-25.232265149999932,71.44544120700004],[-25.210410381999964,71.44480520100007],[-25.19217645699996,71.44255193400005],[-25.177605381999967,71.43897190000007],[-25.155689136999968,71.43221985500003],[-25.14103650499993,71.42846894800005],[-25.13083450299996,71.42593377800006],[-25.11614206699994,71.42572439200006],[-25.101427470999965,71.42487442300006],[-25.086138912999957,71.42614314100007],[-25.075175697999953,71.43094268200008],[-25.071036608999975,71.43152009500005],[-25.067154436999942,71.42797514700004],[-25.06110101799993,71.42485886300005],[-25.05199818699998,71.42210508000005],[-25.03834595899997,71.42048815200008],[-25.02909088699994,71.41920086300007],[-25.019837378999966,71.41791306100004],[-24.99280246099994,71.41558063200006],[-24.973842556999955,71.41237430100006],[-24.958655831999977,71.41033880900005],[-24.936940168999968,71.40336808900008],[-24.91595198699997,71.39792891100006],[-24.89075732699996,71.39068666600008],[-24.866119736999963,71.38644249800006],[-24.854092643999934,71.38641345700006],[-24.854457380999975,71.38774460900004],[-24.85289921599997,71.38851900800006],[-24.851650418999952,71.38861797100003],[-24.85118235699997,71.38878596100005],[-24.851242982999963,71.38917658300005],[-24.838005833999944,71.38933022300006],[-24.815469013999973,71.38788666300007],[-24.799920484999973,71.38819394200004],[-24.777794598999947,71.38679403500004],[-24.75262116199997,71.38574935900004],[-24.74837885599993,71.38762037500004],[-24.746988379999948,71.38763397100007],[-24.744127253999977,71.38887001500007],[-24.744302361999928,71.38941760900008],[-24.742898760999935,71.39003646100008],[-24.74274513399996,71.39010985500005],[-24.74236627399995,71.39011298100007],[-24.740238227999953,71.38981593700004],[-24.738822294999977,71.39023500100006],[-24.738716350999937,71.39108197100006],[-24.73990094399994,71.39146823800007],[-24.73274962299996,71.39488287000006],[-24.73225825999998,71.39582411500004],[-24.731378296999935,71.39581201900006],[-24.730344352999964,71.39636901600005],[-24.730272353999965,71.39697199700004],[-24.731416957999954,71.39743510900007],[-24.73066791599996,71.39886899900006],[-24.73530600999993,71.40870316400003],[-24.736913775999938,71.41053408600004],[-24.73665638799997,71.41091103100007],[-24.737382242999956,71.41169694400008],[-24.738417382999955,71.41224620900005],[-24.74137131699996,71.41560854800008],[-24.741294351999954,71.41649599800007],[-24.742439385999944,71.41732702400003],[-24.742942703999972,71.41739684400005],[-24.744792668999935,71.41950164800005],[-24.75192272099997,71.42646813600004],[-24.750539326999956,71.42698601500007],[-24.75036630099993,71.42764998100006],[-24.75154443699995,71.42848195400006],[-24.752904285999932,71.43059500400005],[-24.755016378999983,71.43248702600005],[-24.756116255999927,71.43460802100003],[-24.75728044699997,71.43521797400007],[-24.75796849699998,71.43650476500005],[-24.75697723299993,71.44027873400006],[-24.759501588999967,71.44432203400004],[-24.76153775399996,71.44655105400005],[-24.76758151699994,71.45086371600007],[-24.77206715699998,71.45294175000004],[-24.772760252999944,71.45336894900004],[-24.773389193999947,71.45355410800005],[-24.77447364099993,71.45405636500004],[-24.777037424999946,71.45928671700005],[-24.770590281999944,71.46412412300003],[-24.77047977999996,71.46796540600008],[-24.76371658399995,71.46952111400003],[-24.756608868999933,71.46660795100007],[-24.745463529999938,71.46042345600006],[-24.72010197399993,71.44722259700006],[-24.684304993999945,71.42699130700004],[-24.67296511899997,71.41989563300007],[-24.66440160999997,71.41893815700007],[-24.65538681199996,71.41735283900005],[-24.650816326999973,71.41783705600005],[-24.650138396999978,71.41781599100005],[-24.647954376999962,71.41805195300003],[-24.647861229999933,71.41815003200003],[-24.647303518999934,71.41820914800007],[-24.643015882999975,71.41973096200007],[-24.642528312999957,71.41973094400004],[-24.639589264999927,71.41946401000007],[-24.63883932899995,71.41976901100003],[-24.638767298999937,71.42031800700005],[-24.637439384999936,71.42092099200005],[-24.63756735299995,71.42132500900004],[-24.638366536999968,71.42142289600008],[-24.63681064499997,71.42447104900003],[-24.636356184999954,71.42443799800003],[-24.63582239799996,71.42463595900006],[-24.635938308999982,71.42501798800004],[-24.63630010199995,71.42516212100003],[-24.62825047299998,71.42858592200008],[-24.618667425999945,71.43139938800005],[-24.60794280799996,71.43204983800007],[-24.60699374899997,71.42842065500008],[-24.60058946999993,71.42584980200007],[-24.595795752999948,71.42619935000005],[-24.596037835999937,71.42658839800004],[-24.59428934799996,71.42635301600006],[-24.59212627499994,71.42641394800006],[-24.588617299999953,71.42769602500005],[-24.58668326199995,71.42809998900003],[-24.58146634999997,71.42877901600008],[-24.579517287999977,71.42931300300006],[-24.57943918999996,71.43033501600007],[-24.579816235999942,71.43117495700005],[-24.57884925199994,71.43157893700004],[-24.57692740899995,71.43192998600006],[-24.576433238999982,71.43218195800006],[-24.576616198999943,71.43283797000004],[-24.577110236999943,71.43325795100003],[-24.579561396999964,71.43450898100008],[-24.579389164999952,71.43509601000005],[-24.578477292999935,71.43550796300008],[-24.577133299999957,71.43582895900005],[-24.57272120199997,71.43644699000004],[-24.569023267999967,71.43727100600006],[-24.566272384999934,71.43830103100004],[-24.565889237999954,71.43871293100005],[-24.562450213999966,71.44079494700003],[-24.56018228099998,71.44167999500007],[-24.55850025899997,71.44184797200006],[-24.554494206999948,71.44175701200004],[-24.55286025399994,71.44194698400008],[-24.551088266999955,71.44251999000005],[-24.549833261999936,71.44441197000003],[-24.549728393999942,71.44519800300003],[-24.550045291999936,71.44557900100006],[-24.550899431999937,71.44588395600005],[-24.55769533199998,71.44621199300008],[-24.559766415999945,71.44682296400003],[-24.560049228999958,71.44781396500008],[-24.561405261999937,71.44926401900005],[-24.563533262999954,71.45014102300007],[-24.56455040999998,71.45110296100006],[-24.564205202999972,71.45173600500004],[-24.561939306999932,71.45256797400003],[-24.55679527099994,71.45339894400007],[-24.55536625899998,71.45399402300006],[-24.55532828899993,71.45428394500004],[-24.556673388999968,71.45568001600003],[-24.556661212999927,71.45637500900006],[-24.55597341999993,71.45689295400007],[-24.553916260999983,71.45751897700006],[-24.553882272999942,71.45828200600005],[-24.55512239999996,71.45906798200008],[-24.555055404999962,71.45953299400003],[-24.553194257999962,71.46007501300005],[-24.550765372999933,71.46269902700004],[-24.54894422999996,71.46346996800008],[-24.547555271999954,71.46440797000008],[-24.54698322699994,71.46649095700008],[-24.545488344999967,71.46823095500008],[-24.544105189999982,71.46894000400005],[-24.541154372999983,71.47010798300005],[-24.540761369999927,71.47100798300005],[-24.54019336799996,71.47126701500008],[-24.538888361999966,71.47152696900008],[-24.53833340899996,71.47576095900007],[-24.535522380999964,71.47714201500008],[-24.535305294999944,71.47793502100006],[-24.53856034699993,71.48033898900007],[-24.538427378999927,71.48187997000008],[-24.53778822499993,71.48248194900003],[-24.53745430999993,71.48350496000006],[-24.538595259999965,71.48512995800007],[-24.53903319899996,71.48539700100008],[-24.539077365999958,71.48601501700006],[-24.53765428199995,71.48722798800003],[-24.53804927599998,71.48888295600005],[-24.537271330999943,71.48998996100005],[-24.537506264999934,71.49151594100005],[-24.53784335299997,71.49175996400004],[-24.537317375999976,71.49360601400008],[-24.538221266999983,71.49501000400005],[-24.53789532099995,71.49746696400007],[-24.537433324999938,71.49815302600007],[-24.538377251999975,71.50012199200006],[-24.538194286999953,71.50150199800004],[-24.53850523699998,71.50319596300005],[-24.538166414999978,71.50508095300006],[-24.53880538599998,71.50641595200005],[-24.539983253999935,71.50718600400006],[-24.540916196999945,71.50754497000008],[-24.54315523599996,71.50800298900003],[-24.54276023099993,71.50824701600004],[-24.539688371999944,71.50879595100008],[-24.537916361999976,71.50949000200006],[-24.536966305999954,71.51122195600004],[-24.538022326999965,71.51329802800007],[-24.537773245999972,71.51431995100006],[-24.536628306999944,71.51469399300004],[-24.536428290999936,71.51534200900005],[-24.538633302999983,71.51603601300008],[-24.538949308999975,71.51628094600005],[-24.53815027199994,71.51779899300004],[-24.53874936099993,71.51860799600007],[-24.538711341999942,71.51976000200006],[-24.536905327999932,71.52043096900007],[-24.536611337999943,71.52091200100006],[-24.536954272999935,71.52110999100006],[-24.536800376999963,71.52568801800004],[-24.537006189999943,71.52682399300005],[-24.535676225999964,71.52973093300005],[-24.53571136399995,71.53074595100003],[-24.534244212999965,71.53430895900004],[-24.532350435999945,71.53605596600005],[-24.531749239999954,71.53714694400003],[-24.52988229899995,71.53871095000005],[-24.529678222999962,71.53917598200007],[-24.528083201999948,71.54024498800004],[-24.52731119799995,71.54117498500005],[-24.527416365999954,71.54202997200008],[-24.528339371999948,71.54349494200005],[-24.527755311999954,71.54427301300007],[-24.52683819799995,71.54418099700007],[-24.52568830399997,71.54370100000006],[-24.524560402999953,71.54360099100006],[-24.523939388999963,71.54407499300004],[-24.523834358999977,71.54521902700003],[-24.52487728899996,71.54625698300003],[-24.525295358999983,71.54717994700007],[-24.52586725699996,71.54744693700007],[-24.52590532599993,71.54852993900005],[-24.524700275999976,71.54945296500006],[-24.524299282999948,71.55036098100004],[-24.52341619899994,71.55107098200006],[-24.52250436199995,71.55225300600006],[-24.522872270999983,71.55351993600004],[-24.522739299999955,71.55454994500008],[-24.523994390999974,71.55622099700008],[-24.524389336999945,71.55725799000004],[-24.524394395999934,71.56360600900007],[-24.526634266999963,71.56828999000004],[-24.52653319799998,71.57058699400005],[-24.526866302999963,71.57086901400004],[-24.52575437699994,71.57243296100006],[-24.52562736599998,71.57352398100005],[-24.528200440999967,71.57544695600006],[-24.52906631099995,71.57579800700006],[-24.532527184999935,71.57667498800004],[-24.532505277999974,71.57683502200007],[-24.531166290999977,71.57723200900006],[-24.527343430999963,71.57739194700008],[-24.52628836799994,71.57791099100007],[-24.526270861999933,71.57798967400004],[-24.52461250099998,71.57786868700003],[-24.525574045999974,71.57877630400003],[-24.526966355999946,71.57986400400006],[-24.52682335299994,71.58705102000005],[-24.52754436099997,71.59044602400007],[-24.528560223999932,71.59181897200006],[-24.530477274999953,71.59332197800006],[-24.530971385999976,71.59501598700007],[-24.531461234999938,71.59548093400008],[-24.531766449999964,71.59709095500006],[-24.533617382999978,71.59903697800007],[-24.53442125099997,71.60060798300003],[-24.53613827299995,71.60194294200005],[-24.536590183999976,71.60331219500006],[-24.536154351999983,71.60354934500003],[-24.53803827799993,71.60486597600004],[-24.539033419999953,71.60542199400004],[-24.540327401999946,71.60655895500008],[-24.540439181999943,71.60770401200006],[-24.541149289999964,71.60834497400003],[-24.543254195999964,71.60921399500006],[-24.552415198999938,71.61235799300005],[-24.554327290999936,71.61322694200004],[-24.559049270999935,71.61389102000004],[-24.56172727099994,71.61475297800007],[-24.56286629799996,71.61490593700006],[-24.56731038399994,71.61599695500007],[-24.578327248999983,71.61760701400004],[-24.579465264999953,71.61797299000006],[-24.580799234999972,71.61918593500008],[-24.584156337999957,71.62001796700008],[-24.589988423999955,71.62067399200004],[-24.596572248999962,71.62180298600003],[-24.597860331999982,71.62214595100005],[-24.597633246999976,71.62276396200008],[-24.598911303999955,71.62316795000004],[-24.59830422799996,71.62392396300004],[-24.59847239399994,71.62423701100005],[-24.60793019299996,71.62590838800008],[-24.60622043799998,71.62572857200007],[-24.60638834499997,71.62579297700006],[-24.612745184999937,71.62668599500006],[-24.61806131399993,71.62719694200007],[-24.62416619499993,71.62749398500006],[-24.628433378999944,71.62797498700007],[-24.631172386999935,71.62956195100003],[-24.63147145199997,71.63008094700007],[-24.629716387999963,71.63068303100005],[-24.625967269999933,71.63089701900003],[-24.62397130499994,71.63161394500008],[-24.615777299999934,71.63149998100005],[-24.60897218499997,71.63104201100003],[-24.59891135299995,71.63104200900005],[-24.59796119799995,71.63112599400006],[-24.59808928399997,71.63172099800005],[-24.597711242999935,71.63187396800004],[-24.591011197999933,71.63227799000003],[-24.57609933799995,71.63246900100006],[-24.573339227999952,71.63236894000005],[-24.569610325999975,71.63199600500008],[-24.562311244999933,71.63212497300003],[-24.557449392999956,71.63163697500005],[-24.550827400999935,71.63170600400008],[-24.542133284999977,71.63058401800004],[-24.535266252999975,71.62929499300003],[-24.530134421999946,71.62899695000004],[-24.527738387999932,71.62870698600005],[-24.525821312999938,71.62825702000004],[-24.523994238999933,71.62758600000006],[-24.520889318999934,71.62690699200004],[-24.512649357999976,71.62566299500008],[-24.505855271999962,71.62377094100003],[-24.50262820499995,71.62246701100008],[-24.500528377999956,71.62213799300008],[-24.499277381999946,71.62178800700008],[-24.49678839099994,71.62046001800007],[-24.494199255999945,71.61974299400003],[-24.492727315999957,71.61957494300003],[-24.49126621499994,71.61957499700003],[-24.49052237899997,71.61968896000008],[-24.48805619799998,71.62087997100008],[-24.485450232999938,71.62138300000004],[-24.483304198999974,71.62203898100006],[-24.481904320999945,71.62265001400004],[-24.481193238999936,71.62352700800005],[-24.481988309999963,71.62603701500007],[-24.482311334999963,71.62621995400008],[-24.48257234199997,71.62876096700006],[-24.48305533699994,71.62985198400008],[-24.482549348999953,71.63053095800007],[-24.480455331999963,71.63175195500008],[-24.48011035999997,71.63425394200004],[-24.480522230999952,71.63510794300004],[-24.480882221999934,71.63523098400003],[-24.48116140899998,71.63671099600003],[-24.48157322999998,71.63728295100003],[-24.48167240999993,71.63868699400007],[-24.47985024099995,71.64167699100005],[-24.479665371999943,71.64246294700007],[-24.480627349999963,71.64469095700008],[-24.480960263999975,71.64479799500003],[-24.481349330999933,71.64583498400003],[-24.482110429999977,71.64668997000007],[-24.48300540799994,71.64877996900003],[-24.48344426999995,71.64895602400003],[-24.484783229999948,71.65078693100008],[-24.486499348999928,71.65228197600004],[-24.48734424299994,71.65341097600003],[-24.488294370999938,71.65399095500004],[-24.488327333999962,71.65464000700007],[-24.48718222499997,71.65539499900007],[-24.48710630399995,71.65636394200004],[-24.488094280999974,71.65744694800003],[-24.487783397999976,71.65883598300007],[-24.488922418999948,71.65967494800003],[-24.489717369999937,71.66082001300003],[-24.492139401999964,71.66247496900007],[-24.493339273999936,71.66359702000005],[-24.494138221999947,71.66551894900005],[-24.49474928099994,71.66590102500004],[-24.495822293999936,71.66792996300006],[-24.497600319999947,71.67012000400007],[-24.497339284999953,71.67076794300004],[-24.494838330999983,71.67187502100006],[-24.494678289999968,71.67265296400006],[-24.495916312999952,71.67342300100006],[-24.498643442999935,71.67413296200004],[-24.499183408999954,71.67478895100004],[-24.498289351999972,71.67746694300007],[-24.498666294999964,71.68018293800003],[-24.498504219999973,71.68301299200004],[-24.498916255999973,71.68370795000004],[-24.498672254999974,71.68675196600003],[-24.498989350999977,71.68712600700007],[-24.49844341299996,71.68965095300007],[-24.500156279999942,71.69161902000008],[-24.50006642699998,71.69220695200005],[-24.499050310999962,71.69301600200004],[-24.49929434099994,71.69420598800008],[-24.50196628699996,71.69589900900007],[-24.502185252999936,71.69616893800003],[-24.50290618599996,71.69615950500008],[-24.502526994999982,71.69686193700005],[-24.502628227999935,71.69873797700006],[-24.503267420999975,71.69974495100007],[-24.50287227299998,71.70165198900008],[-24.50313942699995,71.70285698300006],[-24.504272319999927,71.70430696500006],[-24.50562838199994,71.70496295400005],[-24.507122425999967,71.70518395100004],[-24.51173922199996,71.70523800500007],[-24.51657835499998,71.70502393900006],[-24.519605385999967,71.70500096100005],[-24.524778373999936,71.70518402200008],[-24.527343345999952,71.70542095600007],[-24.52987819899994,71.70590900400003],[-24.52330036099994,71.70618395600007],[-24.51575435199993,71.70629799000005],[-24.512722337999946,71.70654200600006],[-24.511955324999974,71.70676399400008],[-24.508832430999973,71.70709195200004],[-24.507223272999966,71.70737396900006],[-24.503938451999943,71.70850295600007],[-24.503650369999946,71.70871694400006],[-24.503805200999977,71.71047197700005],[-24.502965227999937,71.71191394200008],[-24.50126628299995,71.71278297300006],[-24.50073236099996,71.71335600500004],[-24.500616391999984,71.71407296600006],[-24.501394389999973,71.71485902700005],[-24.501583366999967,71.71540801300006],[-24.500822295999967,71.71913417700006],[-24.496360168999956,71.71759693900003],[-24.49137308199994,71.71711700700007],[-24.46492117599996,71.71620092800003],[-24.461288164999928,71.71645295500008],[-24.457883160999927,71.71738396200004],[-24.455193963999932,71.71976399000005],[-24.45465410199995,71.72083194500004],[-24.452394153999933,71.72232800600005],[-24.451037974999963,71.72495996400005],[-24.450088146999974,71.72589794400005],[-24.44954662599997,71.72588579200004],[-24.448239841999964,71.72832649000003],[-24.457008163999944,71.72921104600005],[-24.448151240999948,71.73269976700004],[-24.449878017999936,71.73439000000008],[-24.45405518299998,71.73643392800005],[-24.456754002999958,71.73709100300005],[-24.458955097999933,71.73741094800005],[-24.459928155999933,71.73746392600003],[-24.468999010999937,71.73793696600006],[-24.479387645999964,71.73907012500007],[-24.469047003999947,71.74235002500006],[-24.46900527899993,71.74291194000006],[-24.46648425799998,71.74434599900007],[-24.465438335999977,71.74551299200004],[-24.46533317199993,71.74792401700006],[-24.46486621699995,71.74901496100006],[-24.46254534999997,71.75156396700004],[-24.46294924999995,71.75317297400005],[-24.463321294999957,71.75334101400006],[-24.46396637199996,71.75461495300004],[-24.462499229999935,71.75936100500007],[-24.46304534999996,71.76002497600007],[-24.46336721299997,71.76116897200006],[-24.462905219999982,71.76420501200005],[-24.461671226999954,71.76614297300006],[-24.45978330899993,71.76814996900004],[-24.45935030399994,71.77160593800005],[-24.459539246999952,71.77259797200003],[-24.458866219999948,71.77466500900005],[-24.45917739899994,71.77729699400004],[-24.458055273999946,71.77954800500004],[-24.457965310999953,71.78237897600007],[-24.45731122799998,71.78397299600005],[-24.457195358999968,71.78540796600004],[-24.45793939799995,71.78824598300008],[-24.457956260999936,71.79085493800005],[-24.456661259999976,71.79359401100004],[-24.45653329199996,71.79456301900007],[-24.453311310999936,71.79875100300006],[-24.453350177999937,71.79917100700004],[-24.451639322999938,71.80038400500007],[-24.449155367999936,71.80042995800005],[-24.447238367999944,71.79961301400004],[-24.445371248999948,71.79926301700004],[-24.443483389999983,71.79906399800007],[-24.440567277999946,71.79897296300004],[-24.437110291999943,71.79933101100005],[-24.433238210999946,71.80033799700004],[-24.432760370999972,71.80110898100008],[-24.433494459999963,71.80119994700004],[-24.435617270999956,71.80108601900008],[-24.43731623399998,71.80059800100008],[-24.438972382999964,71.80046801900005],[-24.44125539299995,71.80049800600005],[-24.443244316999937,71.80078794100007],[-24.443210291999947,71.80103998700008],[-24.44172238599998,71.80187897700006],[-24.441383292999944,71.80230695300008],[-24.44179521999996,71.80336697100006],[-24.441432263999957,71.80470199500007],[-24.440505215999963,71.80546495500005],[-24.439144348999946,71.80607601300005],[-24.436588410999946,71.80661700800005],[-24.435478239999952,71.80660199400006],[-24.435239224999975,71.80643399400003],[-24.435310304999973,71.80533498000005],[-24.43592820899994,71.80463397300008],[-24.435705363999944,71.80432096600003],[-24.431955425999945,71.80424396200004],[-24.429767225999967,71.80490094700008],[-24.429016316999935,71.80559500300006],[-24.42818832499995,71.80650300500008],[-24.426300254999944,71.80714401700004],[-24.42487134299995,71.80786795100005],[-24.428277325999943,71.80842502600007],[-24.42824337299993,71.80867700000005],[-24.425350270999957,71.80969195900008],[-24.42473922299996,71.81036294400008],[-24.425617387999978,71.81101896200005],[-24.427406255999983,71.81153794600004],[-24.426927327999977,71.81230896300008],[-24.42702832499998,71.81295701600004],[-24.428228244999957,71.81349101800004],[-24.42992734099994,71.81381894600008],[-24.429944272999933,71.81436901500007],[-24.42916630899998,71.81548993900003],[-24.43177727099993,71.81764893900004],[-24.431627227999968,71.81819101100007],[-24.430650223999976,71.81866398800008],[-24.429533251999942,71.81866401800005],[-24.42850427199994,71.81826693800008],[-24.426816213999928,71.81709996500007],[-24.425954261999948,71.81606194800008],[-24.42501627699994,71.81555900600006],[-24.42391523499998,71.81554401900007],[-24.423933215999966,71.81614600500006],[-24.42488839799995,71.81704699500006],[-24.424999425999943,71.81758794900003],[-24.42447842499996,71.81811494600004],[-24.423578217999932,71.81805397300008],[-24.42307827899998,71.81761896300003],[-24.423088254999982,71.81684801900008],[-24.422250232999943,71.81644399000004],[-24.421167237999953,71.81619198300007],[-24.420833223999978,71.81590194400007],[-24.420993282999973,71.81542193800004],[-24.42169939699994,71.81497900500005],[-24.421394221999947,71.81453701300006],[-24.42000543599994,71.81406395400006],[-24.41846024399996,71.81378094200005],[-24.415189407999947,71.81233900000007],[-24.412050362999935,71.81148494000007],[-24.411111301999938,71.81136998000005],[-24.408811381999953,71.81148495900004],[-24.40678921799997,71.81208797900007],[-24.40301741899998,71.81281197500005],[-24.40036238999994,71.81381195300008],[-24.40015628599997,71.81425399100004],[-24.40130623799996,71.81470398600004],[-24.403799248999974,71.81524596000008],[-24.404350267999973,71.81568095000006],[-24.40408335199993,71.81629098100007],[-24.401872425999954,71.81708496900006],[-24.400478396999972,71.81733699900008],[-24.398521419999952,71.81827495600004],[-24.395578261999958,71.82097595600004],[-24.39269432599997,71.82256996600006],[-24.391521368999975,71.82360801000004],[-24.387533434999966,71.82542395200005],[-24.385749265999948,71.82713298600004],[-24.38312137799994,71.82778097300007],[-24.378072224999983,71.83095499800004],[-24.37414935099997,71.83264102700008],[-24.370016223999983,71.83474696100006],[-24.366167335999933,71.83609700100004],[-24.364788291999957,71.83740902000005],[-24.36345443099998,71.83780598200008],[-24.358472210999935,71.83812700200008],[-24.356634218999943,71.83877500800008],[-24.354688323999937,71.84026998500008],[-24.35001729499993,71.84241393900004],[-24.34919926699996,71.84317701700007],[-24.34903920599993,71.84374200700006],[-24.345565397999962,71.84538195400006],[-24.345438177999938,71.84569500000003],[-24.342378354999937,71.84761800600006],[-24.339521228999956,71.84896797900007],[-24.33759439599993,71.84899102100007],[-24.299334261999945,71.84487313200003],[-24.19544493099994,71.83962105600006],[-24.15655440499995,71.83769976300005],[-24.091155653999976,71.83333154700006],[-23.904253405999953,71.87077795000005],[-23.53217532399998,71.89066930500007],[-23.429237411999964,71.92389835400007],[-23.303729380999982,71.92484851200004],[-23.131148603999975,71.89375430400008],[-23.00087653199995,71.92640290100007],[-22.886440722999964,71.94283613200008],[-22.663845222999953,71.91149802600006],[-22.45187379099997,71.90824280800007],[-21.988395845999946,71.89743940400007],[-21.958469991999948,71.89670309900004],[-21.898723398999948,71.89521899700003],[-21.82573608499996,71.89338053000006]]]]}},{"type":"Feature","properties":{"municipalityCode":0,"name":"Pituffik (Thule Air Base)","kind":"other"},"geometry":{"type":"Polygon","coordinates":[[[-68.56543927399997,76.60037436200008],[-68.74242198799993,76.60005856700008],[-68.74242025199999,76.57722889000007],[-68.76598476599997,76.55565948400005],[-68.80927666999997,76.54499035500004],[-69.11591985899997,76.50006614300008],[-68.58333333199994,76.30000000000007],[-68.21067355199995,76.30005396100006],[-68.21068905999994,76.51796156000006],[-67.66346631699997,76.51795435800005],[-67.66347131099997,76.60004363700006],[-68.56326781599995,76.60037746100005],[-68.56543927399997,76.60037436200008]]]}}]}